account_id,company_name,industry_segment,account_manager,annual_revenue,ctn_count,device_count,primary_dropoff_page,churn_probability,needs_help,top_driver_1,top_driver_2,top_driver_3,top_driver_category,suggested_action,scored_date
ACC-100981,Davis LLC,Banking & Financial Services,AM-015,35136.61,47,47,Checkout / Payment,0.898,False,Approaching contract renewal window (increasing risk),Rising line disconnects (90d) (increasing risk),"Low feature adoption (mobile share, family plan, etc.) (increasing risk)",Contract & Account Health,Proactively reach out ahead of renewal; confirm auto-renewal status; review disconnected lines.,2026-07-18
ACC-104114,Price-Boyd,Hospitality,AM-018,25603.38,44,42,Device Browse/Compare,0.866,True,Low self-service task completion rate (increasing risk),Low customer satisfaction (CSAT) (increasing risk),Contract type: Month-to-Month (increasing risk),Digital Engagement,Send a guided platform walkthrough or personal onboarding session; simplify the upgrade flow for this account.,2026-07-18
ACC-104924,"Dunn, Ray and Vaughn",Manufacturing,AM-011,30700.93,56,54,Login / Authentication,0.839,False,High upgrade funnel abandonment (increasing risk),Severe drop-off at a specific self-service step (experience gap) (increasing risk),Low customer satisfaction (CSAT) (increasing risk),Digital Engagement,Send a guided platform walkthrough or personal onboarding session; simplify the upgrade flow for this account.,2026-07-18
ACC-100593,Smith LLC,Hospitality,AM-008,28342.72,45,42,Checkout / Payment,0.81,False,High upgrade funnel abandonment (increasing risk),Severe drop-off at a specific self-service step (experience gap) (increasing risk),Low customer satisfaction (CSAT) (increasing risk),Digital Engagement,Send a guided platform walkthrough or personal onboarding session; simplify the upgrade flow for this account.,2026-07-18
ACC-101219,Castro-Harvey,Education,AM-008,24948.26,43,41,Plan & Feature Selection,0.799,True,Low self-service task completion rate (increasing risk),Short account tenure (increasing risk),Contract type: Month-to-Month (increasing risk),Digital Engagement,Send a guided platform walkthrough or personal onboarding session; simplify the upgrade flow for this account.,2026-07-18
ACC-100231,"Choi, Garcia and Farmer",Energy & Utilities,AM-022,21993.21,36,36,Checkout / Payment,0.782,True,Low self-service task completion rate (increasing risk),Severe drop-off at a specific self-service step (experience gap) (increasing risk),Recent support escalations (increasing risk),Digital Engagement,Send a guided platform walkthrough or personal onboarding session; simplify the upgrade flow for this account.,2026-07-18
ACC-105721,Abbott-Ibarra,Manufacturing,AM-006,31412.88,45,44,Checkout / Payment,0.776,False,High upgrade funnel abandonment (increasing risk),Severe drop-off at a specific self-service step (experience gap) (increasing risk),Low self-service task completion rate (increasing risk),Digital Engagement,Send a guided platform walkthrough or personal onboarding session; simplify the upgrade flow for this account.,2026-07-18
ACC-105536,Lyons Group,Healthcare,AM-007,30888.05,53,50,Plan & Feature Selection,0.769,True,High upgrade funnel abandonment (increasing risk),Severe drop-off at a specific self-service step (experience gap) (increasing risk),Low customer satisfaction (CSAT) (increasing risk),Digital Engagement,Send a guided platform walkthrough or personal onboarding session; simplify the upgrade flow for this account.,2026-07-18
ACC-100104,Nolan-Flynn,Government,AM-021,28614.51,42,40,Plan & Feature Selection,0.766,False,History of late invoice payments (increasing risk),Low self-service task completion rate (increasing risk),Contract type: Month-to-Month (increasing risk),Billing & Payments,Offer autopay enrollment incentive; review invoice accuracy; flag account to billing support.,2026-07-18
ACC-102525,Mooney and Sons,Healthcare,AM-017,28739.41,43,42,Support Handoff,0.757,False,High upgrade funnel abandonment (increasing risk),Approaching contract renewal window (increasing risk),Severe drop-off at a specific self-service step (experience gap) (increasing risk),Digital Engagement,Send a guided platform walkthrough or personal onboarding session; simplify the upgrade flow for this account.,2026-07-18
ACC-100714,"Pena, Cohen and Scott",Energy & Utilities,AM-008,24832.62,41,39,Checkout / Payment,0.735,False,History of late invoice payments (increasing risk),Low self-service task completion rate (increasing risk),Auto-renewal not enabled (increasing risk),Billing & Payments,Offer autopay enrollment incentive; review invoice accuracy; flag account to billing support.,2026-07-18
ACC-102631,Nguyen-Johnson,Logistics,AM-011,24985.45,47,46,Device Browse/Compare,0.72,True,Low self-service task completion rate (increasing risk),Slow support resolution times (increasing risk),Rising line disconnects (90d) (decreasing risk),Digital Engagement,Send a guided platform walkthrough or personal onboarding session; simplify the upgrade flow for this account.,2026-07-18
ACC-101095,"Powell, Deleon and Warren",Banking & Financial Services,AM-012,15187.12,33,33,Order Confirmation,0.717,False,Approaching contract renewal window (increasing risk),High monthly spend (increasing risk),History of late invoice payments (increasing risk),Contract & Account Health,Proactively reach out ahead of renewal; confirm auto-renewal status; review disconnected lines.,2026-07-18
ACC-104038,Wallace Ltd,Hospitality,AM-001,24472.38,47,46,Device Browse/Compare,0.705,False,Low self-service task completion rate (increasing risk),Contract type: Month-to-Month (increasing risk),Severe drop-off at a specific self-service step (experience gap) (increasing risk),Digital Engagement,Send a guided platform walkthrough or personal onboarding session; simplify the upgrade flow for this account.,2026-07-18
ACC-104630,"Weaver, Lara and Thomas",Government,AM-025,19725.08,51,50,Login / Authentication,0.702,True,High upgrade funnel abandonment (increasing risk),Contract type: Month-to-Month (increasing risk),Recent support escalations (increasing risk),Digital Engagement,Send a guided platform walkthrough or personal onboarding session; simplify the upgrade flow for this account.,2026-07-18
ACC-105195,Santos-Roach,Energy & Utilities,AM-023,24128.97,48,47,Add to Cart,0.702,False,Approaching contract renewal window (increasing risk),Low customer satisfaction (CSAT) (increasing risk),Low self-service task completion rate (increasing risk),Contract & Account Health,Proactively reach out ahead of renewal; confirm auto-renewal status; review disconnected lines.,2026-07-18
ACC-105868,Snyder Ltd,Small Business / Retail,AM-016,25760.01,47,44,Checkout / Payment,0.7,True,Severe drop-off at a specific self-service step (experience gap) (increasing risk),Low self-service task completion rate (increasing risk),High upgrade funnel abandonment (increasing risk),Digital Engagement,Send a guided platform walkthrough or personal onboarding session; simplify the upgrade flow for this account.,2026-07-18
ACC-104604,Smith Ltd,Government,AM-022,17548.96,32,32,Plan & Feature Selection,0.697,True,Low platform login frequency (increasing risk),Low customer satisfaction (CSAT) (increasing risk),Auto-renewal not enabled (increasing risk),Digital Engagement,Send a guided platform walkthrough or personal onboarding session; simplify the upgrade flow for this account.,2026-07-18
ACC-104845,Best Group,Education,AM-014,24406.35,44,41,Plan & Feature Selection,0.697,False,Low self-service task completion rate (increasing risk),Auto-renewal not enabled (increasing risk),Contract type: Month-to-Month (increasing risk),Digital Engagement,Send a guided platform walkthrough or personal onboarding session; simplify the upgrade flow for this account.,2026-07-18
ACC-101000,"Howard, Silva and Hall",Manufacturing,AM-004,23814.42,53,52,Login / Authentication,0.696,False,History of late invoice payments (increasing risk),Low self-service task completion rate (increasing risk),Contract type: Month-to-Month (increasing risk),Billing & Payments,Offer autopay enrollment incentive; review invoice accuracy; flag account to billing support.,2026-07-18
ACC-101784,Peterson Ltd,Education,AM-019,36502.03,46,44,Add to Cart,0.695,False,Low self-service task completion rate (increasing risk),Repeated late payments (12mo) (increasing risk),Low customer satisfaction (CSAT) (increasing risk),Digital Engagement,Send a guided platform walkthrough or personal onboarding session; simplify the upgrade flow for this account.,2026-07-18
ACC-104589,James Group,Technology,AM-008,21328.65,34,33,Plan & Feature Selection,0.691,True,Low self-service task completion rate (increasing risk),Contract type: Month-to-Month (increasing risk),High monthly spend (increasing risk),Digital Engagement,Send a guided platform walkthrough or personal onboarding session; simplify the upgrade flow for this account.,2026-07-18
ACC-101889,Jones Ltd,Manufacturing,AM-008,27503.99,43,43,Plan & Feature Selection,0.69,False,High upgrade funnel abandonment (increasing risk),Auto-renewal not enabled (increasing risk),Contract type: Month-to-Month (increasing risk),Digital Engagement,Send a guided platform walkthrough or personal onboarding session; simplify the upgrade flow for this account.,2026-07-18
ACC-103514,"Randolph, Mitchell and Ritter",Education,AM-011,29234.93,53,52,Plan & Feature Selection,0.688,False,Contract type: Month-to-Month (increasing risk),Auto-renewal not enabled (increasing risk),Short account tenure (increasing risk),Contract & Account Health,Proactively reach out ahead of renewal; confirm auto-renewal status; review disconnected lines.,2026-07-18
ACC-100362,"Hernandez, Martinez and Weber",Government,AM-007,28057.22,48,46,Plan & Feature Selection,0.686,False,Low self-service task completion rate (increasing risk),High upgrade funnel abandonment (increasing risk),Repeated late payments (12mo) (increasing risk),Digital Engagement,Send a guided platform walkthrough or personal onboarding session; simplify the upgrade flow for this account.,2026-07-18
ACC-105019,Richardson LLC,Healthcare,AM-020,24309.88,49,49,Support Handoff,0.684,False,History of late invoice payments (increasing risk),Low self-service task completion rate (increasing risk),Contract type: Month-to-Month (increasing risk),Billing & Payments,Offer autopay enrollment incentive; review invoice accuracy; flag account to billing support.,2026-07-18
ACC-103798,Cooper Group,Government,AM-024,16155.9,50,49,Plan & Feature Selection,0.682,False,High upgrade funnel abandonment (increasing risk),Contract type: Month-to-Month (increasing risk),High annual revenue account (decreasing risk),Digital Engagement,Send a guided platform walkthrough or personal onboarding session; simplify the upgrade flow for this account.,2026-07-18
ACC-102407,"Campbell, Davis and Arnold",Hospitality,AM-005,29239.95,44,42,Device Browse/Compare,0.679,True,Low self-service task completion rate (increasing risk),Severe drop-off at a specific self-service step (experience gap) (increasing risk),High upgrade funnel abandonment (decreasing risk),Digital Engagement,Send a guided platform walkthrough or personal onboarding session; simplify the upgrade flow for this account.,2026-07-18
ACC-102093,Vazquez-Bowers,Energy & Utilities,AM-017,21212.62,44,41,Checkout / Payment,0.676,False,History of late invoice payments (increasing risk),Low self-service task completion rate (increasing risk),High upgrade funnel abandonment (decreasing risk),Billing & Payments,Offer autopay enrollment incentive; review invoice accuracy; flag account to billing support.,2026-07-18
ACC-101519,Miller-Christensen,Manufacturing,AM-022,20003.44,46,45,Add to Cart,0.669,False,High upgrade funnel abandonment (increasing risk),Contract type: Month-to-Month (increasing risk),Low self-service task completion rate (increasing risk),Digital Engagement,Send a guided platform walkthrough or personal onboarding session; simplify the upgrade flow for this account.,2026-07-18
ACC-102976,Mooney-Hickman,Logistics,AM-024,30449.48,54,52,Device Browse/Compare,0.667,False,History of late invoice payments (increasing risk),Severe drop-off at a specific self-service step (experience gap) (increasing risk),High upgrade funnel abandonment (decreasing risk),Billing & Payments,Offer autopay enrollment incentive; review invoice accuracy; flag account to billing support.,2026-07-18
ACC-103507,Lopez-Jordan,Healthcare,AM-008,44172.87,62,61,Add to Cart,0.661,False,Low self-service task completion rate (increasing risk),Contract type: Month-to-Month (increasing risk),History of late invoice payments (increasing risk),Digital Engagement,Send a guided platform walkthrough or personal onboarding session; simplify the upgrade flow for this account.,2026-07-18
ACC-103184,Reese and Sons,Logistics,AM-005,28145.95,49,47,Order Confirmation,0.66,False,History of late invoice payments (increasing risk),Repeated late payments (12mo) (increasing risk),Approaching contract renewal window (increasing risk),Billing & Payments,Offer autopay enrollment incentive; review invoice accuracy; flag account to billing support.,2026-07-18
ACC-102098,Webster Inc,Manufacturing,AM-005,27744.84,56,55,Plan & Feature Selection,0.658,True,Low self-service task completion rate (increasing risk),Low customer satisfaction (CSAT) (increasing risk),Slow support resolution times (increasing risk),Digital Engagement,Send a guided platform walkthrough or personal onboarding session; simplify the upgrade flow for this account.,2026-07-18
ACC-105439,Stone-Hunter,Manufacturing,AM-007,30572.36,49,48,Checkout / Payment,0.655,True,Recent support escalations (increasing risk),Low customer satisfaction (CSAT) (increasing risk),Contract type: Month-to-Month (increasing risk),Support & Service,Escalate to a senior account rep for a service recovery call; audit recent ticket resolution quality.,2026-07-18
ACC-100540,"Matthews, Saunders and Anderson",Hospitality,AM-011,35209.51,56,56,Add to Cart,0.653,False,Low self-service task completion rate (increasing risk),Contract type: Month-to-Month (increasing risk),Short account tenure (increasing risk),Digital Engagement,Send a guided platform walkthrough or personal onboarding session; simplify the upgrade flow for this account.,2026-07-18
ACC-102682,"Cain, Davidson and Moran",Energy & Utilities,AM-023,34085.5,52,51,Checkout / Payment,0.651,False,Severe drop-off at a specific self-service step (experience gap) (increasing risk),High upgrade funnel abandonment (increasing risk),History of late invoice payments (increasing risk),Digital Engagement,Send a guided platform walkthrough or personal onboarding session; simplify the upgrade flow for this account.,2026-07-18
ACC-100569,Williams-Campbell,Healthcare,AM-017,26819.97,44,43,Device Browse/Compare,0.648,False,History of late invoice payments (increasing risk),Low self-service task completion rate (increasing risk),Contract type: Month-to-Month (decreasing risk),Billing & Payments,Offer autopay enrollment incentive; review invoice accuracy; flag account to billing support.,2026-07-18
ACC-105696,"Jackson, Lucero and Gould",Education,AM-010,27545.48,43,41,Checkout / Payment,0.644,False,High upgrade funnel abandonment (increasing risk),Contract type: Month-to-Month (decreasing risk),Severe drop-off at a specific self-service step (experience gap) (increasing risk),Digital Engagement,Send a guided platform walkthrough or personal onboarding session; simplify the upgrade flow for this account.,2026-07-18
ACC-104417,Smith-Garner,Government,AM-023,23001.83,43,43,Login / Authentication,0.639,False,Low self-service task completion rate (increasing risk),Repeated late payments (12mo) (increasing risk),Contract type: Month-to-Month (increasing risk),Digital Engagement,Send a guided platform walkthrough or personal onboarding session; simplify the upgrade flow for this account.,2026-07-18
ACC-104544,Patrick-Forbes,Logistics,AM-006,20543.77,42,42,Checkout / Payment,0.639,False,Low customer satisfaction (CSAT) (increasing risk),Auto-renewal not enabled (increasing risk),High upgrade funnel abandonment (increasing risk),Support & Service,Escalate to a senior account rep for a service recovery call; audit recent ticket resolution quality.,2026-07-18
ACC-102735,Blake LLC,Small Business / Retail,AM-013,29867.55,44,43,Login / Authentication,0.639,True,High upgrade funnel abandonment (increasing risk),Contract type: Month-to-Month (increasing risk),High support ticket volume (90d) (increasing risk),Digital Engagement,Send a guided platform walkthrough or personal onboarding session; simplify the upgrade flow for this account.,2026-07-18
ACC-100730,Rodriguez Inc,Hospitality,AM-002,29351.11,51,50,Device Browse/Compare,0.627,False,High upgrade funnel abandonment (increasing risk),Contract type: Month-to-Month (increasing risk),Severe drop-off at a specific self-service step (experience gap) (increasing risk),Digital Engagement,Send a guided platform walkthrough or personal onboarding session; simplify the upgrade flow for this account.,2026-07-18
ACC-101656,"Adams, Bradley and Hall",Government,AM-025,32710.42,49,49,Order Confirmation,0.624,False,High upgrade funnel abandonment (increasing risk),Severe drop-off at a specific self-service step (experience gap) (increasing risk),Auto-renewal not enabled (increasing risk),Digital Engagement,Send a guided platform walkthrough or personal onboarding session; simplify the upgrade flow for this account.,2026-07-18
ACC-100233,Arnold and Sons,Education,AM-006,26698.72,54,54,Login / Authentication,0.621,False,Low self-service task completion rate (increasing risk),Contract type: Month-to-Month (increasing risk),Rising line disconnects (90d) (increasing risk),Digital Engagement,Send a guided platform walkthrough or personal onboarding session; simplify the upgrade flow for this account.,2026-07-18
ACC-103220,Harris-Davis,Energy & Utilities,AM-007,24732.89,49,49,Checkout / Payment,0.621,True,Low self-service task completion rate (increasing risk),Contract type: Month-to-Month (increasing risk),High upgrade funnel abandonment (increasing risk),Digital Engagement,Send a guided platform walkthrough or personal onboarding session; simplify the upgrade flow for this account.,2026-07-18
ACC-100703,Dominguez Ltd,Healthcare,AM-002,26099.3,47,45,Checkout / Payment,0.62,True,Contract type: Month-to-Month (increasing risk),High support ticket volume (90d) (increasing risk),History of late invoice payments (increasing risk),Contract & Account Health,Proactively reach out ahead of renewal; confirm auto-renewal status; review disconnected lines.,2026-07-18
ACC-104183,"Haney, Johnson and Walker",Government,AM-025,25886.41,47,44,Support Handoff,0.619,False,Low self-service task completion rate (increasing risk),Contract type: Month-to-Month (decreasing risk),High annual revenue account (increasing risk),Digital Engagement,Send a guided platform walkthrough or personal onboarding session; simplify the upgrade flow for this account.,2026-07-18
ACC-103947,"Mathews, Perez and Love",Education,AM-008,27234.97,48,48,Plan & Feature Selection,0.618,False,Low self-service task completion rate (increasing risk),Low customer satisfaction (CSAT) (increasing risk),Contract type: Month-to-Month (increasing risk),Digital Engagement,Send a guided platform walkthrough or personal onboarding session; simplify the upgrade flow for this account.,2026-07-18
ACC-103700,"Daniel, Richardson and Wang",Banking & Financial Services,AM-010,16278.22,31,29,Plan & Feature Selection,0.614,True,Contract type: Month-to-Month (increasing risk),High support ticket volume (90d) (increasing risk),High monthly spend (increasing risk),Contract & Account Health,Proactively reach out ahead of renewal; confirm auto-renewal status; review disconnected lines.,2026-07-18
ACC-102148,"Henry, Spencer and Ryan",Banking & Financial Services,AM-013,31618.86,47,47,Checkout / Payment,0.612,True,Low self-service task completion rate (increasing risk),Contract type: Month-to-Month (increasing risk),Low customer satisfaction (CSAT) (increasing risk),Digital Engagement,Send a guided platform walkthrough or personal onboarding session; simplify the upgrade flow for this account.,2026-07-18
ACC-102894,Stewart Group,Logistics,AM-013,32418.57,45,42,Support Handoff,0.611,False,Severe drop-off at a specific self-service step (experience gap) (increasing risk),Low self-service task completion rate (increasing risk),Repeated late payments (12mo) (increasing risk),Digital Engagement,Send a guided platform walkthrough or personal onboarding session; simplify the upgrade flow for this account.,2026-07-18
ACC-105635,Cobb LLC,Government,AM-015,13940.58,26,26,Device Browse/Compare,0.611,False,History of late invoice payments (increasing risk),Approaching contract renewal window (increasing risk),Low self-service task completion rate (decreasing risk),Billing & Payments,Offer autopay enrollment incentive; review invoice accuracy; flag account to billing support.,2026-07-18
ACC-103487,White-Williams,Government,AM-024,25329.87,46,44,Device Browse/Compare,0.611,False,Severe drop-off at a specific self-service step (experience gap) (increasing risk),Low self-service task completion rate (increasing risk),High upgrade funnel abandonment (decreasing risk),Digital Engagement,Send a guided platform walkthrough or personal onboarding session; simplify the upgrade flow for this account.,2026-07-18
ACC-101748,"Russo, Collins and Murphy",Hospitality,AM-010,27310.52,41,41,Login / Authentication,0.61,False,Low self-service task completion rate (increasing risk),Low customer satisfaction (CSAT) (decreasing risk),Slow support resolution times (increasing risk),Digital Engagement,Send a guided platform walkthrough or personal onboarding session; simplify the upgrade flow for this account.,2026-07-18
ACC-102840,"Acosta, Campbell and Leblanc",Banking & Financial Services,AM-021,26724.05,44,44,Support Handoff,0.609,True,Low self-service task completion rate (increasing risk),High support ticket volume (90d) (increasing risk),Severe drop-off at a specific self-service step (experience gap) (decreasing risk),Digital Engagement,Send a guided platform walkthrough or personal onboarding session; simplify the upgrade flow for this account.,2026-07-18
ACC-105235,"Randolph, Jones and Strickland",Government,AM-003,26922.85,45,43,Device Browse/Compare,0.607,False,Severe drop-off at a specific self-service step (experience gap) (increasing risk),High upgrade funnel abandonment (increasing risk),Low customer satisfaction (CSAT) (increasing risk),Digital Engagement,Send a guided platform walkthrough or personal onboarding session; simplify the upgrade flow for this account.,2026-07-18
ACC-102377,Villegas PLC,Education,AM-003,22643.71,47,43,Plan & Feature Selection,0.607,True,Low self-service task completion rate (increasing risk),Contract type: Month-to-Month (increasing risk),High support ticket volume (90d) (increasing risk),Digital Engagement,Send a guided platform walkthrough or personal onboarding session; simplify the upgrade flow for this account.,2026-07-18
ACC-100167,Johnson-Rogers,Hospitality,AM-010,17405.1,44,43,Device Browse/Compare,0.601,False,Severe drop-off at a specific self-service step (experience gap) (increasing risk),Auto-renewal not enabled (increasing risk),Contract type: Month-to-Month (increasing risk),Digital Engagement,Send a guided platform walkthrough or personal onboarding session; simplify the upgrade flow for this account.,2026-07-18
ACC-105152,Myers-Wilkerson,Small Business / Retail,AM-009,26957.49,46,45,Login / Authentication,0.599,False,High upgrade funnel abandonment (increasing risk),Contract type: Month-to-Month (increasing risk),Low customer satisfaction (CSAT) (increasing risk),Digital Engagement,Send a guided platform walkthrough or personal onboarding session; simplify the upgrade flow for this account.,2026-07-18
ACC-105082,Jimenez-Galvan,Banking & Financial Services,AM-002,29492.82,46,42,Add to Cart,0.595,False,High upgrade funnel abandonment (increasing risk),Severe drop-off at a specific self-service step (experience gap) (decreasing risk),Contract type: Month-to-Month (increasing risk),Digital Engagement,Send a guided platform walkthrough or personal onboarding session; simplify the upgrade flow for this account.,2026-07-18
ACC-105929,Norton PLC,Hospitality,AM-007,29111.68,49,44,Add to Cart,0.592,False,Severe drop-off at a specific self-service step (experience gap) (increasing risk),High upgrade funnel abandonment (increasing risk),Contract type: Month-to-Month (decreasing risk),Digital Engagement,Send a guided platform walkthrough or personal onboarding session; simplify the upgrade flow for this account.,2026-07-18
ACC-104607,"Bruce, Perez and Wallace",Technology,AM-011,19420.69,47,44,Support Handoff,0.592,False,Severe drop-off at a specific self-service step (experience gap) (increasing risk),Approaching contract renewal window (increasing risk),High upgrade funnel abandonment (increasing risk),Digital Engagement,Send a guided platform walkthrough or personal onboarding session; simplify the upgrade flow for this account.,2026-07-18
ACC-100565,"Edwards, Hines and Jimenez",Energy & Utilities,AM-001,31033.36,58,58,Checkout / Payment,0.591,False,Rising line disconnects (90d) (increasing risk),High upgrade funnel abandonment (increasing risk),Low self-service task completion rate (decreasing risk),Contract & Account Health,Proactively reach out ahead of renewal; confirm auto-renewal status; review disconnected lines.,2026-07-18
ACC-102959,Fisher PLC,Government,AM-016,37106.52,52,51,Plan & Feature Selection,0.59,True,High support ticket volume (90d) (increasing risk),Slow support resolution times (increasing risk),Auto-renewal not enabled (increasing risk),Support & Service,Escalate to a senior account rep for a service recovery call; audit recent ticket resolution quality.,2026-07-18
ACC-103497,Skinner PLC,Education,AM-019,29225.95,45,45,Support Handoff,0.586,False,Contract type: Month-to-Month (increasing risk),Low customer satisfaction (CSAT) (increasing risk),Short account tenure (increasing risk),Contract & Account Health,Proactively reach out ahead of renewal; confirm auto-renewal status; review disconnected lines.,2026-07-18
ACC-102358,Barber-Harrison,Education,AM-005,28904.13,41,39,Login / Authentication,0.586,False,History of late invoice payments (increasing risk),High upgrade funnel abandonment (increasing risk),Contract type: Month-to-Month (increasing risk),Billing & Payments,Offer autopay enrollment incentive; review invoice accuracy; flag account to billing support.,2026-07-18
ACC-103949,Arnold-Davis,Healthcare,AM-014,28566.35,54,51,Checkout / Payment,0.583,False,Low self-service task completion rate (increasing risk),Severe drop-off at a specific self-service step (experience gap) (increasing risk),High upgrade funnel abandonment (decreasing risk),Digital Engagement,Send a guided platform walkthrough or personal onboarding session; simplify the upgrade flow for this account.,2026-07-18
ACC-101198,Brown Ltd,Healthcare,AM-018,28708.9,50,50,Device Browse/Compare,0.582,False,Approaching contract renewal window (increasing risk),Low customer satisfaction (CSAT) (increasing risk),"Low feature adoption (mobile share, family plan, etc.) (decreasing risk)",Contract & Account Health,Proactively reach out ahead of renewal; confirm auto-renewal status; review disconnected lines.,2026-07-18
ACC-103774,Watson-Gray,Banking & Financial Services,AM-024,18688.97,30,29,Login / Authentication,0.578,False,Low self-service task completion rate (increasing risk),High monthly spend (increasing risk),Short account tenure (increasing risk),Digital Engagement,Send a guided platform walkthrough or personal onboarding session; simplify the upgrade flow for this account.,2026-07-18
ACC-101345,"Velez, Ward and Harrison",Banking & Financial Services,AM-010,24792.58,53,50,Add to Cart,0.578,False,Low self-service task completion rate (increasing risk),Contract type: Month-to-Month (increasing risk),High support ticket volume (90d) (decreasing risk),Digital Engagement,Send a guided platform walkthrough or personal onboarding session; simplify the upgrade flow for this account.,2026-07-18
ACC-103879,"Gill, Stewart and Nichols",Technology,AM-023,19222.01,44,42,Support Handoff,0.577,False,Severe drop-off at a specific self-service step (experience gap) (increasing risk),High upgrade funnel abandonment (increasing risk),"Low feature adoption (mobile share, family plan, etc.) (increasing risk)",Digital Engagement,Send a guided platform walkthrough or personal onboarding session; simplify the upgrade flow for this account.,2026-07-18
ACC-100215,"Carlson, Hooper and Wall",Pharmaceuticals,AM-015,28989.68,47,46,Order Confirmation,0.576,True,High upgrade funnel abandonment (increasing risk),Industry segment: Pharmaceuticals (decreasing risk),Contract type: Month-to-Month (increasing risk),Digital Engagement,Send a guided platform walkthrough or personal onboarding session; simplify the upgrade flow for this account.,2026-07-18
ACC-101427,"Goodman, Peterson and Spencer",Hospitality,AM-014,38834.07,56,55,Add to Cart,0.576,True,Low self-service task completion rate (increasing risk),Contract type: Month-to-Month (increasing risk),High support ticket volume (90d) (increasing risk),Digital Engagement,Send a guided platform walkthrough or personal onboarding session; simplify the upgrade flow for this account.,2026-07-18
ACC-100952,"Acosta, Garcia and Moreno",Education,AM-014,42461.54,59,57,Login / Authentication,0.575,True,Severe drop-off at a specific self-service step (experience gap) (increasing risk),High upgrade funnel abandonment (increasing risk),Low customer satisfaction (CSAT) (decreasing risk),Digital Engagement,Send a guided platform walkthrough or personal onboarding session; simplify the upgrade flow for this account.,2026-07-18
ACC-100682,"Holder, Young and Hendricks",Small Business / Retail,AM-022,24166.55,43,42,Support Handoff,0.574,False,Severe drop-off at a specific self-service step (experience gap) (increasing risk),Low customer satisfaction (CSAT) (increasing risk),Low self-service task completion rate (increasing risk),Digital Engagement,Send a guided platform walkthrough or personal onboarding session; simplify the upgrade flow for this account.,2026-07-18
ACC-105297,Kelly and Sons,Healthcare,AM-002,23708.84,51,49,Device Browse/Compare,0.57,True,Rising line disconnects (90d) (increasing risk),Contract type: Month-to-Month (increasing risk),"Low feature adoption (mobile share, family plan, etc.) (increasing risk)",Contract & Account Health,Proactively reach out ahead of renewal; confirm auto-renewal status; review disconnected lines.,2026-07-18
ACC-105140,David PLC,Government,AM-023,31362.8,56,51,Checkout / Payment,0.57,False,Low customer satisfaction (CSAT) (increasing risk),Approaching contract renewal window (increasing risk),High upgrade funnel abandonment (increasing risk),Support & Service,Escalate to a senior account rep for a service recovery call; audit recent ticket resolution quality.,2026-07-18
ACC-105309,"Smith, Schneider and Fleming",Government,AM-025,14522.51,51,48,Checkout / Payment,0.564,False,High monthly spend (increasing risk),Contract type: Month-to-Month (increasing risk),Auto-renewal not enabled (increasing risk),Billing & Payments,Offer autopay enrollment incentive; review invoice accuracy; flag account to billing support.,2026-07-18
ACC-103532,Cohen Group,Banking & Financial Services,AM-022,20354.7,42,39,Device Browse/Compare,0.564,True,Severe drop-off at a specific self-service step (experience gap) (increasing risk),Recent support escalations (increasing risk),High upgrade funnel abandonment (increasing risk),Digital Engagement,Send a guided platform walkthrough or personal onboarding session; simplify the upgrade flow for this account.,2026-07-18
ACC-103407,"Williamson, Reynolds and Fields",Education,AM-009,42516.44,54,51,Add to Cart,0.563,False,Low customer satisfaction (CSAT) (increasing risk),Contract type: Month-to-Month (increasing risk),High upgrade funnel abandonment (decreasing risk),Support & Service,Escalate to a senior account rep for a service recovery call; audit recent ticket resolution quality.,2026-07-18
ACC-102928,Bartlett Ltd,Education,AM-011,19331.89,42,41,Checkout / Payment,0.563,False,Severe drop-off at a specific self-service step (experience gap) (increasing risk),High upgrade funnel abandonment (increasing risk),Auto-renewal not enabled (increasing risk),Digital Engagement,Send a guided platform walkthrough or personal onboarding session; simplify the upgrade flow for this account.,2026-07-18
ACC-101466,Ray Ltd,Education,AM-022,19206.32,35,34,Checkout / Payment,0.563,False,Low self-service task completion rate (increasing risk),Large number of managed lines (CTNs) (decreasing risk),Contract type: Month-to-Month (increasing risk),Digital Engagement,Send a guided platform walkthrough or personal onboarding session; simplify the upgrade flow for this account.,2026-07-18
ACC-100574,"Lee, Tran and Jones",Education,AM-005,23992.44,44,43,Plan & Feature Selection,0.563,True,High support call volume (90d) (increasing risk),High upgrade funnel abandonment (decreasing risk),Low customer satisfaction (CSAT) (increasing risk),Support & Service,Escalate to a senior account rep for a service recovery call; audit recent ticket resolution quality.,2026-07-18
ACC-102065,George LLC,Banking & Financial Services,AM-007,21505.82,37,37,Plan & Feature Selection,0.563,False,Severe drop-off at a specific self-service step (experience gap) (increasing risk),Contract type: Month-to-Month (increasing risk),High upgrade funnel abandonment (decreasing risk),Digital Engagement,Send a guided platform walkthrough or personal onboarding session; simplify the upgrade flow for this account.,2026-07-18
ACC-105475,Clarke Ltd,Energy & Utilities,AM-021,28996.17,39,36,Plan & Feature Selection,0.558,True,Contract type: Month-to-Month (increasing risk),High support ticket volume (90d) (increasing risk),Auto-renewal not enabled (increasing risk),Contract & Account Health,Proactively reach out ahead of renewal; confirm auto-renewal status; review disconnected lines.,2026-07-18
ACC-103279,"Williams, Newman and Jones",Energy & Utilities,AM-010,25768.5,42,40,Plan & Feature Selection,0.557,True,Low self-service task completion rate (increasing risk),Severe drop-off at a specific self-service step (experience gap) (increasing risk),High support ticket volume (90d) (increasing risk),Digital Engagement,Send a guided platform walkthrough or personal onboarding session; simplify the upgrade flow for this account.,2026-07-18
ACC-101566,"Jones, Torres and Blackburn",Energy & Utilities,AM-019,15154.01,27,23,Checkout / Payment,0.557,False,History of late invoice payments (increasing risk),Low self-service task completion rate (increasing risk),Severe drop-off at a specific self-service step (experience gap) (decreasing risk),Billing & Payments,Offer autopay enrollment incentive; review invoice accuracy; flag account to billing support.,2026-07-18
ACC-104123,Jones-Richmond,Logistics,AM-011,19988.26,39,39,Login / Authentication,0.554,False,Approaching contract renewal window (increasing risk),Auto-renewal not enabled (increasing risk),High monthly spend (increasing risk),Contract & Account Health,Proactively reach out ahead of renewal; confirm auto-renewal status; review disconnected lines.,2026-07-18
ACC-103809,Brewer and Sons,Healthcare,AM-001,28043.46,44,42,Checkout / Payment,0.553,True,Low self-service task completion rate (increasing risk),Approaching contract renewal window (decreasing risk),Repeated late payments (12mo) (increasing risk),Digital Engagement,Send a guided platform walkthrough or personal onboarding session; simplify the upgrade flow for this account.,2026-07-18
ACC-104205,"Hernandez, Fleming and Jones",Logistics,AM-023,21071.38,44,41,Plan & Feature Selection,0.553,False,History of late invoice payments (increasing risk),Severe drop-off at a specific self-service step (experience gap) (increasing risk),Auto-renewal not enabled (increasing risk),Billing & Payments,Offer autopay enrollment incentive; review invoice accuracy; flag account to billing support.,2026-07-18
ACC-103181,"Russell, Meyer and Smith",Education,AM-024,17259.4,45,42,Device Browse/Compare,0.55,False,Low self-service task completion rate (increasing risk),Severe drop-off at a specific self-service step (experience gap) (increasing risk),Contract type: Month-to-Month (increasing risk),Digital Engagement,Send a guided platform walkthrough or personal onboarding session; simplify the upgrade flow for this account.,2026-07-18
ACC-105704,Taylor and Sons,Education,AM-001,36390.19,49,47,Add to Cart,0.548,True,Low self-service task completion rate (increasing risk),Contract type: Month-to-Month (increasing risk),Slow support resolution times (decreasing risk),Digital Engagement,Send a guided platform walkthrough or personal onboarding session; simplify the upgrade flow for this account.,2026-07-18
ACC-105150,Mcmillan and Sons,Education,AM-005,32784.52,60,60,Checkout / Payment,0.546,False,High upgrade funnel abandonment (increasing risk),Contract type: Month-to-Month (increasing risk),Short account tenure (increasing risk),Digital Engagement,Send a guided platform walkthrough or personal onboarding session; simplify the upgrade flow for this account.,2026-07-18
ACC-105055,Gonzales PLC,Energy & Utilities,AM-020,27609.89,44,42,Checkout / Payment,0.544,False,Contract type: Month-to-Month (increasing risk),Auto-renewal not enabled (increasing risk),Low customer satisfaction (CSAT) (increasing risk),Contract & Account Health,Proactively reach out ahead of renewal; confirm auto-renewal status; review disconnected lines.,2026-07-18
ACC-101346,Keith-Williams,Logistics,AM-006,32397.09,70,67,Order Confirmation,0.542,False,Severe drop-off at a specific self-service step (experience gap) (increasing risk),Approaching contract renewal window (increasing risk),High upgrade funnel abandonment (increasing risk),Digital Engagement,Send a guided platform walkthrough or personal onboarding session; simplify the upgrade flow for this account.,2026-07-18
ACC-101009,Weaver-Thompson,Pharmaceuticals,AM-009,26409.32,54,53,Checkout / Payment,0.54,False,Rising line disconnects (90d) (increasing risk),History of late invoice payments (increasing risk),High upgrade funnel abandonment (increasing risk),Contract & Account Health,Proactively reach out ahead of renewal; confirm auto-renewal status; review disconnected lines.,2026-07-18
ACC-105596,"May, Thompson and Mitchell",Education,AM-015,33643.91,55,54,Add to Cart,0.54,False,High upgrade funnel abandonment (increasing risk),Severe drop-off at a specific self-service step (experience gap) (increasing risk),Contract type: Month-to-Month (decreasing risk),Digital Engagement,Send a guided platform walkthrough or personal onboarding session; simplify the upgrade flow for this account.,2026-07-18
ACC-104687,"Irwin, Nelson and Tucker",Technology,AM-016,38944.99,52,48,Login / Authentication,0.54,False,Low self-service task completion rate (increasing risk),Contract type: Month-to-Month (increasing risk),High monthly spend (decreasing risk),Digital Engagement,Send a guided platform walkthrough or personal onboarding session; simplify the upgrade flow for this account.,2026-07-18
ACC-104165,Bell-Medina,Energy & Utilities,AM-014,31132.93,48,48,Order Confirmation,0.539,True,History of late invoice payments (increasing risk),Low self-service task completion rate (decreasing risk),Severe drop-off at a specific self-service step (experience gap) (decreasing risk),Billing & Payments,Offer autopay enrollment incentive; review invoice accuracy; flag account to billing support.,2026-07-18
ACC-100501,Paul-Kline,Education,AM-002,26951.82,45,44,Checkout / Payment,0.538,False,Approaching contract renewal window (increasing risk),Severe drop-off at a specific self-service step (experience gap) (decreasing risk),Contract type: Month-to-Month (increasing risk),Contract & Account Health,Proactively reach out ahead of renewal; confirm auto-renewal status; review disconnected lines.,2026-07-18
ACC-100771,"James, Taylor and Turner",Healthcare,AM-007,29782.03,37,36,Add to Cart,0.537,False,Large number of managed lines (CTNs) (decreasing risk),High upgrade funnel abandonment (increasing risk),Contract type: Month-to-Month (increasing risk),Contract & Account Health,Proactively reach out ahead of renewal; confirm auto-renewal status; review disconnected lines.,2026-07-18
ACC-103870,"Manning, Fritz and Brooks",Technology,AM-022,26718.3,53,52,Checkout / Payment,0.536,False,Low self-service task completion rate (increasing risk),Severe drop-off at a specific self-service step (experience gap) (increasing risk),Contract type: Month-to-Month (increasing risk),Digital Engagement,Send a guided platform walkthrough or personal onboarding session; simplify the upgrade flow for this account.,2026-07-18
ACC-102862,Hill-Mcgee,Healthcare,AM-015,29825.85,55,54,Plan & Feature Selection,0.536,False,Severe drop-off at a specific self-service step (experience gap) (increasing risk),Rising line disconnects (90d) (increasing risk),Approaching contract renewal window (decreasing risk),Digital Engagement,Send a guided platform walkthrough or personal onboarding session; simplify the upgrade flow for this account.,2026-07-18
ACC-105926,"Peters, Gutierrez and King",Hospitality,AM-024,15922.4,41,41,Checkout / Payment,0.534,False,Contract type: Month-to-Month (increasing risk),Auto-renewal not enabled (increasing risk),High upgrade funnel abandonment (decreasing risk),Contract & Account Health,Proactively reach out ahead of renewal; confirm auto-renewal status; review disconnected lines.,2026-07-18
ACC-103550,Benjamin and Sons,Energy & Utilities,AM-014,34302.89,50,49,Plan & Feature Selection,0.534,True,Low self-service task completion rate (increasing risk),High upgrade funnel abandonment (decreasing risk),Severe drop-off at a specific self-service step (experience gap) (increasing risk),Digital Engagement,Send a guided platform walkthrough or personal onboarding session; simplify the upgrade flow for this account.,2026-07-18
ACC-102736,"Medina, Tran and Thompson",Small Business / Retail,AM-022,20887.67,42,41,Checkout / Payment,0.533,False,Severe drop-off at a specific self-service step (experience gap) (increasing risk),Low self-service task completion rate (increasing risk),High upgrade funnel abandonment (increasing risk),Digital Engagement,Send a guided platform walkthrough or personal onboarding session; simplify the upgrade flow for this account.,2026-07-18
ACC-104455,Elliott-Zamora,Pharmaceuticals,AM-005,30878.61,43,43,Checkout / Payment,0.533,True,Severe drop-off at a specific self-service step (experience gap) (increasing risk),Short account tenure (increasing risk),High support ticket volume (90d) (increasing risk),Digital Engagement,Send a guided platform walkthrough or personal onboarding session; simplify the upgrade flow for this account.,2026-07-18
ACC-100965,Owens-Russell,Energy & Utilities,AM-005,27088.62,52,50,Add to Cart,0.532,False,History of late invoice payments (increasing risk),Contract type: Month-to-Month (increasing risk),High upgrade funnel abandonment (decreasing risk),Billing & Payments,Offer autopay enrollment incentive; review invoice accuracy; flag account to billing support.,2026-07-18
ACC-103742,Hurst-Jackson,Healthcare,AM-006,22072.2,45,42,Checkout / Payment,0.529,False,High upgrade funnel abandonment (increasing risk),Low self-service task completion rate (increasing risk),Contract type: Month-to-Month (increasing risk),Digital Engagement,Send a guided platform walkthrough or personal onboarding session; simplify the upgrade flow for this account.,2026-07-18
ACC-101783,Dickson Group,Hospitality,AM-012,16961.41,38,37,Login / Authentication,0.529,True,Low self-service task completion rate (increasing risk),Low customer satisfaction (CSAT) (increasing risk),High monthly spend (increasing risk),Digital Engagement,Send a guided platform walkthrough or personal onboarding session; simplify the upgrade flow for this account.,2026-07-18
ACC-104915,"Cox, Jimenez and Rodgers",Logistics,AM-005,32878.44,47,45,Login / Authentication,0.529,False,Low self-service task completion rate (increasing risk),History of late invoice payments (increasing risk),High upgrade funnel abandonment (decreasing risk),Digital Engagement,Send a guided platform walkthrough or personal onboarding session; simplify the upgrade flow for this account.,2026-07-18
ACC-102282,Alexander Ltd,Technology,AM-017,26507.34,51,50,Support Handoff,0.529,False,Severe drop-off at a specific self-service step (experience gap) (increasing risk),Rising line disconnects (90d) (increasing risk),"Low feature adoption (mobile share, family plan, etc.) (increasing risk)",Digital Engagement,Send a guided platform walkthrough or personal onboarding session; simplify the upgrade flow for this account.,2026-07-18
ACC-100837,"Wagner, Simpson and Cohen",Education,AM-007,28693.38,48,46,Device Browse/Compare,0.529,True,Recent support escalations (increasing risk),Contract type: Month-to-Month (increasing risk),Approaching contract renewal window (decreasing risk),Support & Service,Escalate to a senior account rep for a service recovery call; audit recent ticket resolution quality.,2026-07-18
ACC-101763,Austin-Morgan,Banking & Financial Services,AM-019,23133.21,41,39,Support Handoff,0.529,False,Low self-service task completion rate (increasing risk),Repeated late payments (12mo) (increasing risk),High upgrade funnel abandonment (decreasing risk),Digital Engagement,Send a guided platform walkthrough or personal onboarding session; simplify the upgrade flow for this account.,2026-07-18
ACC-104827,Roman-Young,Manufacturing,AM-021,24727.86,39,36,Login / Authentication,0.529,True,Auto-renewal not enabled (increasing risk),Low customer satisfaction (CSAT) (increasing risk),Contract type: Month-to-Month (decreasing risk),Contract & Account Health,Proactively reach out ahead of renewal; confirm auto-renewal status; review disconnected lines.,2026-07-18
ACC-101363,"Mullen, Greene and Elliott",Government,AM-015,30232.63,43,41,Checkout / Payment,0.528,False,Slow support resolution times (increasing risk),Contract type: Month-to-Month (increasing risk),Low customer satisfaction (CSAT) (decreasing risk),Support & Service,Escalate to a senior account rep for a service recovery call; audit recent ticket resolution quality.,2026-07-18
ACC-101671,Bryant-Rich,Energy & Utilities,AM-010,33038.71,59,57,Checkout / Payment,0.528,False,Low self-service task completion rate (increasing risk),Contract type: Month-to-Month (increasing risk),High upgrade funnel abandonment (increasing risk),Digital Engagement,Send a guided platform walkthrough or personal onboarding session; simplify the upgrade flow for this account.,2026-07-18
ACC-101257,"Price, Dixon and Robles",Education,AM-024,15154.49,34,34,Checkout / Payment,0.527,False,High upgrade funnel abandonment (increasing risk),Auto-renewal not enabled (increasing risk),Contract type: Month-to-Month (increasing risk),Digital Engagement,Send a guided platform walkthrough or personal onboarding session; simplify the upgrade flow for this account.,2026-07-18
ACC-105861,Rivera Inc,Education,AM-013,24949.76,54,52,Checkout / Payment,0.526,True,Severe drop-off at a specific self-service step (experience gap) (increasing risk),Low self-service task completion rate (increasing risk),Approaching contract renewal window (decreasing risk),Digital Engagement,Send a guided platform walkthrough or personal onboarding session; simplify the upgrade flow for this account.,2026-07-18
ACC-104365,Haney Ltd,Banking & Financial Services,AM-009,32439.67,49,45,Device Browse/Compare,0.521,False,Severe drop-off at a specific self-service step (experience gap) (increasing risk),Rising line disconnects (90d) (increasing risk),High upgrade funnel abandonment (increasing risk),Digital Engagement,Send a guided platform walkthrough or personal onboarding session; simplify the upgrade flow for this account.,2026-07-18
ACC-104453,Erickson PLC,Manufacturing,AM-023,35433.42,57,54,Checkout / Payment,0.52,True,Severe drop-off at a specific self-service step (experience gap) (decreasing risk),Low self-service task completion rate (increasing risk),Low customer satisfaction (CSAT) (increasing risk),Digital Engagement,Send a guided platform walkthrough or personal onboarding session; simplify the upgrade flow for this account.,2026-07-18
ACC-101804,Smith PLC,Government,AM-022,25910.81,41,37,Checkout / Payment,0.519,False,Severe drop-off at a specific self-service step (experience gap) (increasing risk),High upgrade funnel abandonment (decreasing risk),High annual revenue account (increasing risk),Digital Engagement,Send a guided platform walkthrough or personal onboarding session; simplify the upgrade flow for this account.,2026-07-18
ACC-101828,"Davis, Kennedy and Harmon",Banking & Financial Services,AM-021,22349.2,36,34,Checkout / Payment,0.519,True,Low self-service task completion rate (decreasing risk),Recent support escalations (increasing risk),Contract type: Month-to-Month (increasing risk),Digital Engagement,Send a guided platform walkthrough or personal onboarding session; simplify the upgrade flow for this account.,2026-07-18
ACC-102920,Bruce-Walters,Pharmaceuticals,AM-002,12307.81,35,32,Checkout / Payment,0.518,False,Severe drop-off at a specific self-service step (experience gap) (increasing risk),High monthly spend (increasing risk),Low self-service task completion rate (decreasing risk),Digital Engagement,Send a guided platform walkthrough or personal onboarding session; simplify the upgrade flow for this account.,2026-07-18
ACC-103814,Green Group,Banking & Financial Services,AM-008,22260.24,51,49,Checkout / Payment,0.518,True,Low self-service task completion rate (increasing risk),Rising line disconnects (90d) (increasing risk),Contract type: Month-to-Month (decreasing risk),Digital Engagement,Send a guided platform walkthrough or personal onboarding session; simplify the upgrade flow for this account.,2026-07-18
ACC-105054,"Willis, Miller and Lee",Education,AM-017,28734.2,41,38,Device Browse/Compare,0.514,False,Severe drop-off at a specific self-service step (experience gap) (increasing risk),High upgrade funnel abandonment (increasing risk),Auto-renewal not enabled (increasing risk),Digital Engagement,Send a guided platform walkthrough or personal onboarding session; simplify the upgrade flow for this account.,2026-07-18
ACC-100084,"Evans, Stewart and Walton",Healthcare,AM-005,22869.64,42,42,Plan & Feature Selection,0.513,False,Severe drop-off at a specific self-service step (experience gap) (increasing risk),High upgrade funnel abandonment (increasing risk),Contract type: Month-to-Month (increasing risk),Digital Engagement,Send a guided platform walkthrough or personal onboarding session; simplify the upgrade flow for this account.,2026-07-18
ACC-101359,Mendoza-Garza,Technology,AM-009,15892.53,39,38,Order Confirmation,0.512,False,Low self-service task completion rate (increasing risk),High upgrade funnel abandonment (increasing risk),Severe drop-off at a specific self-service step (experience gap) (decreasing risk),Digital Engagement,Send a guided platform walkthrough or personal onboarding session; simplify the upgrade flow for this account.,2026-07-18
ACC-101011,"Robinson, Fox and Smith",Government,AM-014,28062.14,45,43,Plan & Feature Selection,0.51,False,Low self-service task completion rate (increasing risk),Severe drop-off at a specific self-service step (experience gap) (increasing risk),Contract type: Month-to-Month (decreasing risk),Digital Engagement,Send a guided platform walkthrough or personal onboarding session; simplify the upgrade flow for this account.,2026-07-18
ACC-103766,Johnson PLC,Hospitality,AM-022,22723.34,45,45,Login / Authentication,0.51,False,High upgrade funnel abandonment (increasing risk),Contract type: Month-to-Month (increasing risk),Low customer satisfaction (CSAT) (increasing risk),Digital Engagement,Send a guided platform walkthrough or personal onboarding session; simplify the upgrade flow for this account.,2026-07-18
ACC-103342,Fischer Inc,Pharmaceuticals,AM-004,20562.03,44,44,Plan & Feature Selection,0.509,False,Severe drop-off at a specific self-service step (experience gap) (increasing risk),Low self-service task completion rate (increasing risk),Short account tenure (decreasing risk),Digital Engagement,Send a guided platform walkthrough or personal onboarding session; simplify the upgrade flow for this account.,2026-07-18
ACC-104019,"Santos, Lee and Jones",Small Business / Retail,AM-002,34789.63,56,54,Support Handoff,0.508,False,Low self-service task completion rate (increasing risk),Contract type: Month-to-Month (increasing risk),High support ticket volume (90d) (decreasing risk),Digital Engagement,Send a guided platform walkthrough or personal onboarding session; simplify the upgrade flow for this account.,2026-07-18
ACC-102153,Anderson LLC,Hospitality,AM-009,20315.48,36,35,Plan & Feature Selection,0.508,False,Severe drop-off at a specific self-service step (experience gap) (increasing risk),High upgrade funnel abandonment (increasing risk),Large number of managed lines (CTNs) (decreasing risk),Digital Engagement,Send a guided platform walkthrough or personal onboarding session; simplify the upgrade flow for this account.,2026-07-18
ACC-105016,Murray-Stanley,Energy & Utilities,AM-003,17634.16,42,40,Add to Cart,0.504,False,Approaching contract renewal window (increasing risk),Auto-renewal not enabled (increasing risk),Low self-service task completion rate (increasing risk),Contract & Account Health,Proactively reach out ahead of renewal; confirm auto-renewal status; review disconnected lines.,2026-07-18
ACC-102710,Todd-Harvey,Banking & Financial Services,AM-001,24270.83,43,42,Support Handoff,0.502,True,Low self-service task completion rate (increasing risk),High upgrade funnel abandonment (increasing risk),Contract type: Month-to-Month (increasing risk),Digital Engagement,Send a guided platform walkthrough or personal onboarding session; simplify the upgrade flow for this account.,2026-07-18
ACC-104466,Quinn-Moss,Government,AM-015,29436.2,46,42,Add to Cart,0.501,True,Auto-renewal not enabled (increasing risk),Severe drop-off at a specific self-service step (experience gap) (decreasing risk),Recent support escalations (increasing risk),Contract & Account Health,Proactively reach out ahead of renewal; confirm auto-renewal status; review disconnected lines.,2026-07-18
ACC-103969,Peterson-Mcdaniel,Hospitality,AM-004,34529.87,47,44,Checkout / Payment,0.501,True,Low self-service task completion rate (increasing risk),High upgrade funnel abandonment (decreasing risk),High monthly spend (decreasing risk),Digital Engagement,Send a guided platform walkthrough or personal onboarding session; simplify the upgrade flow for this account.,2026-07-18
ACC-101522,Huang LLC,Small Business / Retail,AM-013,28743.8,47,45,Device Browse/Compare,0.499,False,Severe drop-off at a specific self-service step (experience gap) (increasing risk),Low self-service task completion rate (increasing risk),Contract type: Month-to-Month (increasing risk),Digital Engagement,Send a guided platform walkthrough or personal onboarding session; simplify the upgrade flow for this account.,2026-07-18
ACC-104267,Duncan PLC,Education,AM-023,30716.98,41,39,Checkout / Payment,0.498,False,Severe drop-off at a specific self-service step (experience gap) (decreasing risk),Contract type: Month-to-Month (increasing risk),Auto-renewal not enabled (increasing risk),Digital Engagement,Send a guided platform walkthrough or personal onboarding session; simplify the upgrade flow for this account.,2026-07-18
ACC-104366,Nixon LLC,Technology,AM-002,29918.16,41,40,Plan & Feature Selection,0.494,True,Low self-service task completion rate (increasing risk),Low customer satisfaction (CSAT) (decreasing risk),Contract type: Month-to-Month (increasing risk),Digital Engagement,Send a guided platform walkthrough or personal onboarding session; simplify the upgrade flow for this account.,2026-07-18
ACC-105186,Powell-Castro,Government,AM-014,22031.87,41,41,Plan & Feature Selection,0.494,False,Low self-service task completion rate (increasing risk),Auto-renewal not enabled (increasing risk),Contract type: Month-to-Month (decreasing risk),Digital Engagement,Send a guided platform walkthrough or personal onboarding session; simplify the upgrade flow for this account.,2026-07-18
ACC-103925,Manning Ltd,Government,AM-009,23798.03,31,29,Plan & Feature Selection,0.493,True,Low self-service task completion rate (increasing risk),Low customer satisfaction (CSAT) (increasing risk),Slow support resolution times (increasing risk),Digital Engagement,Send a guided platform walkthrough or personal onboarding session; simplify the upgrade flow for this account.,2026-07-18
ACC-104789,Webb-Murphy,Technology,AM-005,26120.46,49,47,Support Handoff,0.492,False,Severe drop-off at a specific self-service step (experience gap) (increasing risk),High upgrade funnel abandonment (increasing risk),Auto-renewal not enabled (increasing risk),Digital Engagement,Send a guided platform walkthrough or personal onboarding session; simplify the upgrade flow for this account.,2026-07-18
ACC-104596,Sutton PLC,Small Business / Retail,AM-002,19303.86,37,33,Checkout / Payment,0.491,True,Low self-service task completion rate (increasing risk),Recent support escalations (increasing risk),Contract type: Month-to-Month (increasing risk),Digital Engagement,Send a guided platform walkthrough or personal onboarding session; simplify the upgrade flow for this account.,2026-07-18
ACC-101731,Moore-Murray,Banking & Financial Services,AM-025,18416.71,39,38,Add to Cart,0.49,False,Low self-service task completion rate (increasing risk),Low customer satisfaction (CSAT) (increasing risk),High upgrade funnel abandonment (increasing risk),Digital Engagement,Send a guided platform walkthrough or personal onboarding session; simplify the upgrade flow for this account.,2026-07-18
ACC-105448,Finley Ltd,Manufacturing,AM-023,38351.44,48,47,Checkout / Payment,0.49,False,Severe drop-off at a specific self-service step (experience gap) (increasing risk),Contract type: Month-to-Month (increasing risk),High upgrade funnel abandonment (decreasing risk),Digital Engagement,Send a guided platform walkthrough or personal onboarding session; simplify the upgrade flow for this account.,2026-07-18
ACC-100796,Rodriguez and Sons,Pharmaceuticals,AM-002,29538.58,45,42,Order Confirmation,0.49,False,Severe drop-off at a specific self-service step (experience gap) (increasing risk),Industry segment: Pharmaceuticals (decreasing risk),Approaching contract renewal window (increasing risk),Digital Engagement,Send a guided platform walkthrough or personal onboarding session; simplify the upgrade flow for this account.,2026-07-18
ACC-101059,"Contreras, Miller and Cooper",Energy & Utilities,AM-015,22755.64,45,45,Add to Cart,0.489,False,High upgrade funnel abandonment (increasing risk),Contract type: Month-to-Month (increasing risk),Low customer satisfaction (CSAT) (decreasing risk),Digital Engagement,Send a guided platform walkthrough or personal onboarding session; simplify the upgrade flow for this account.,2026-07-18
ACC-105787,"Davidson, Harrington and Jones",Government,AM-001,32811.25,51,51,Support Handoff,0.489,False,Severe drop-off at a specific self-service step (experience gap) (increasing risk),Low self-service task completion rate (increasing risk),High upgrade funnel abandonment (decreasing risk),Digital Engagement,Send a guided platform walkthrough or personal onboarding session; simplify the upgrade flow for this account.,2026-07-18
ACC-104787,"Lawrence, Fleming and Drake",Small Business / Retail,AM-023,27255.13,44,43,Login / Authentication,0.488,True,High support ticket volume (90d) (increasing risk),Contract type: Month-to-Month (increasing risk),Auto-renewal not enabled (increasing risk),Support & Service,Escalate to a senior account rep for a service recovery call; audit recent ticket resolution quality.,2026-07-18
ACC-100915,"Herrera, Jensen and Ramirez",Banking & Financial Services,AM-018,34152.32,47,47,Checkout / Payment,0.488,False,Contract type: Month-to-Month (increasing risk),Low customer satisfaction (CSAT) (decreasing risk),High upgrade funnel abandonment (increasing risk),Contract & Account Health,Proactively reach out ahead of renewal; confirm auto-renewal status; review disconnected lines.,2026-07-18
ACC-102130,Archer-Dixon,Energy & Utilities,AM-007,28012.54,45,45,Add to Cart,0.487,False,Low customer satisfaction (CSAT) (increasing risk),Auto-renewal not enabled (increasing risk),Contract type: Month-to-Month (decreasing risk),Support & Service,Escalate to a senior account rep for a service recovery call; audit recent ticket resolution quality.,2026-07-18
ACC-102501,"Howard, Thompson and Tate",Pharmaceuticals,AM-016,20142.71,42,40,Add to Cart,0.487,True,Low self-service task completion rate (increasing risk),Industry segment: Pharmaceuticals (decreasing risk),Repeated late payments (12mo) (increasing risk),Digital Engagement,Send a guided platform walkthrough or personal onboarding session; simplify the upgrade flow for this account.,2026-07-18
ACC-103425,Jones-Franco,Hospitality,AM-006,25892.33,53,51,Plan & Feature Selection,0.487,False,Low self-service task completion rate (increasing risk),Contract type: Month-to-Month (decreasing risk),Slow support resolution times (increasing risk),Digital Engagement,Send a guided platform walkthrough or personal onboarding session; simplify the upgrade flow for this account.,2026-07-18
ACC-100623,"Rodgers, Jefferson and Johnson",Manufacturing,AM-011,21990.05,40,37,Checkout / Payment,0.486,True,Low device upgrade activity (decreasing risk),Recent support escalations (increasing risk),Severe drop-off at a specific self-service step (experience gap) (increasing risk),Product & Shop Usage,Recommend relevant plan/feature bundles; offer a device upgrade promotion to re-engage.,2026-07-18
ACC-103075,Ryan-Vasquez,Education,AM-006,27194.77,36,34,Order Confirmation,0.483,False,Large number of managed lines (CTNs) (decreasing risk),Auto-renewal not enabled (increasing risk),Contract type: Month-to-Month (increasing risk),Contract & Account Health,Proactively reach out ahead of renewal; confirm auto-renewal status; review disconnected lines.,2026-07-18
ACC-101003,Gallagher and Sons,Healthcare,AM-001,20124.52,46,46,Support Handoff,0.483,False,Low self-service task completion rate (increasing risk),High upgrade funnel abandonment (decreasing risk),Low customer satisfaction (CSAT) (increasing risk),Digital Engagement,Send a guided platform walkthrough or personal onboarding session; simplify the upgrade flow for this account.,2026-07-18
ACC-105519,Oneill Inc,Hospitality,AM-002,36940.2,55,54,Checkout / Payment,0.482,True,Contract type: Month-to-Month (increasing risk),Recent support escalations (increasing risk),Severe drop-off at a specific self-service step (experience gap) (decreasing risk),Contract & Account Health,Proactively reach out ahead of renewal; confirm auto-renewal status; review disconnected lines.,2026-07-18
ACC-101347,"Nguyen, Padilla and Boyd",Healthcare,AM-014,27581.0,50,50,Device Browse/Compare,0.481,True,Severe drop-off at a specific self-service step (experience gap) (increasing risk),High upgrade funnel abandonment (increasing risk),Contract type: Month-to-Month (increasing risk),Digital Engagement,Send a guided platform walkthrough or personal onboarding session; simplify the upgrade flow for this account.,2026-07-18
ACC-105048,Henderson Ltd,Education,AM-010,29687.41,46,44,Plan & Feature Selection,0.481,False,High upgrade funnel abandonment (increasing risk),Severe drop-off at a specific self-service step (experience gap) (increasing risk),Approaching contract renewal window (decreasing risk),Digital Engagement,Send a guided platform walkthrough or personal onboarding session; simplify the upgrade flow for this account.,2026-07-18
ACC-105316,"Cooper, Brooks and King",Hospitality,AM-013,35668.13,41,40,Checkout / Payment,0.481,False,Contract type: Month-to-Month (increasing risk),Slow support resolution times (increasing risk),Low customer satisfaction (CSAT) (increasing risk),Contract & Account Health,Proactively reach out ahead of renewal; confirm auto-renewal status; review disconnected lines.,2026-07-18
ACC-101456,"Hernandez, Shaffer and Thompson",Government,AM-014,30006.24,53,51,Checkout / Payment,0.48,True,Low self-service task completion rate (increasing risk),Contract type: Month-to-Month (decreasing risk),Auto-renewal not enabled (increasing risk),Digital Engagement,Send a guided platform walkthrough or personal onboarding session; simplify the upgrade flow for this account.,2026-07-18
ACC-103961,Guzman-Vasquez,Banking & Financial Services,AM-024,28307.25,45,44,Checkout / Payment,0.48,False,High upgrade funnel abandonment (increasing risk),Auto-renewal not enabled (increasing risk),Contract type: Month-to-Month (decreasing risk),Digital Engagement,Send a guided platform walkthrough or personal onboarding session; simplify the upgrade flow for this account.,2026-07-18
ACC-103930,"Sullivan, Montgomery and Jackson",Banking & Financial Services,AM-025,26202.79,46,44,Login / Authentication,0.48,False,Low customer satisfaction (CSAT) (increasing risk),High upgrade funnel abandonment (increasing risk),Contract type: Month-to-Month (decreasing risk),Support & Service,Escalate to a senior account rep for a service recovery call; audit recent ticket resolution quality.,2026-07-18
ACC-104252,Powell-Bennett,Small Business / Retail,AM-018,23129.76,55,55,Plan & Feature Selection,0.479,True,Low self-service task completion rate (increasing risk),High support ticket volume (90d) (increasing risk),Approaching contract renewal window (decreasing risk),Digital Engagement,Send a guided platform walkthrough or personal onboarding session; simplify the upgrade flow for this account.,2026-07-18
ACC-105996,Skinner-Solomon,Education,AM-018,34346.38,47,47,Support Handoff,0.478,False,High upgrade funnel abandonment (increasing risk),Contract type: Month-to-Month (increasing risk),Slow support resolution times (decreasing risk),Digital Engagement,Send a guided platform walkthrough or personal onboarding session; simplify the upgrade flow for this account.,2026-07-18
ACC-100852,Martin-Taylor,Education,AM-001,17590.44,47,47,Checkout / Payment,0.476,False,Severe drop-off at a specific self-service step (experience gap) (increasing risk),Approaching contract renewal window (decreasing risk),Contract type: Month-to-Month (increasing risk),Digital Engagement,Send a guided platform walkthrough or personal onboarding session; simplify the upgrade flow for this account.,2026-07-18
ACC-100272,Morgan-French,Hospitality,AM-013,23859.8,50,50,Add to Cart,0.476,True,Low self-service task completion rate (decreasing risk),Recent support escalations (increasing risk),Low customer satisfaction (CSAT) (increasing risk),Digital Engagement,Send a guided platform walkthrough or personal onboarding session; simplify the upgrade flow for this account.,2026-07-18
ACC-104499,Pierce-Williams,Logistics,AM-024,42248.33,55,51,Device Browse/Compare,0.476,False,Severe drop-off at a specific self-service step (experience gap) (increasing risk),Slow support resolution times (increasing risk),Short account tenure (increasing risk),Digital Engagement,Send a guided platform walkthrough or personal onboarding session; simplify the upgrade flow for this account.,2026-07-18
ACC-102300,Solis LLC,Banking & Financial Services,AM-001,17231.44,36,33,Device Browse/Compare,0.475,True,Recent support escalations (increasing risk),Contract type: Month-to-Month (increasing risk),High monthly spend (increasing risk),Support & Service,Escalate to a senior account rep for a service recovery call; audit recent ticket resolution quality.,2026-07-18
ACC-101160,Clark Inc,Energy & Utilities,AM-018,27649.29,46,43,Login / Authentication,0.475,True,Recent support escalations (increasing risk),Severe drop-off at a specific self-service step (experience gap) (decreasing risk),High upgrade funnel abandonment (decreasing risk),Support & Service,Escalate to a senior account rep for a service recovery call; audit recent ticket resolution quality.,2026-07-18
ACC-103140,Scott-Kennedy,Healthcare,AM-018,29855.02,45,43,Checkout / Payment,0.474,True,Low self-service task completion rate (increasing risk),Approaching contract renewal window (increasing risk),Contract type: Month-to-Month (decreasing risk),Digital Engagement,Send a guided platform walkthrough or personal onboarding session; simplify the upgrade flow for this account.,2026-07-18
ACC-100895,"Hernandez, Jenkins and Parks",Hospitality,AM-024,34940.15,53,52,Device Browse/Compare,0.474,False,Severe drop-off at a specific self-service step (experience gap) (increasing risk),High upgrade funnel abandonment (increasing risk),Slow support resolution times (decreasing risk),Digital Engagement,Send a guided platform walkthrough or personal onboarding session; simplify the upgrade flow for this account.,2026-07-18
ACC-103234,Myers Group,Government,AM-004,24352.22,52,50,Add to Cart,0.474,True,Low self-service task completion rate (increasing risk),Contract type: Month-to-Month (increasing risk),High upgrade funnel abandonment (increasing risk),Digital Engagement,Send a guided platform walkthrough or personal onboarding session; simplify the upgrade flow for this account.,2026-07-18
ACC-105065,Mcdonald-Williams,Pharmaceuticals,AM-019,20515.47,48,44,Add to Cart,0.473,False,Low self-service task completion rate (increasing risk),Industry segment: Pharmaceuticals (decreasing risk),Contract type: Month-to-Month (increasing risk),Digital Engagement,Send a guided platform walkthrough or personal onboarding session; simplify the upgrade flow for this account.,2026-07-18
ACC-104454,Li and Sons,Hospitality,AM-021,28798.23,47,44,Checkout / Payment,0.473,False,Approaching contract renewal window (increasing risk),Slow support resolution times (decreasing risk),Contract type: Month-to-Month (decreasing risk),Contract & Account Health,Proactively reach out ahead of renewal; confirm auto-renewal status; review disconnected lines.,2026-07-18
ACC-103745,Lee PLC,Energy & Utilities,AM-003,20800.48,36,33,Login / Authentication,0.472,False,Low self-service task completion rate (increasing risk),Large number of managed lines (CTNs) (decreasing risk),Contract type: Month-to-Month (increasing risk),Digital Engagement,Send a guided platform walkthrough or personal onboarding session; simplify the upgrade flow for this account.,2026-07-18
ACC-103928,Aguilar and Sons,Small Business / Retail,AM-019,30382.12,60,60,Checkout / Payment,0.472,False,High upgrade funnel abandonment (increasing risk),Contract type: Month-to-Month (decreasing risk),Short account tenure (increasing risk),Digital Engagement,Send a guided platform walkthrough or personal onboarding session; simplify the upgrade flow for this account.,2026-07-18
ACC-104199,"Perez, Bailey and Park",Logistics,AM-007,27714.2,54,52,Checkout / Payment,0.471,False,Severe drop-off at a specific self-service step (experience gap) (increasing risk),High upgrade funnel abandonment (increasing risk),Low customer satisfaction (CSAT) (decreasing risk),Digital Engagement,Send a guided platform walkthrough or personal onboarding session; simplify the upgrade flow for this account.,2026-07-18
ACC-101161,"Wagner, Martinez and Dawson",Healthcare,AM-016,23311.55,38,37,Checkout / Payment,0.47,True,Severe drop-off at a specific self-service step (experience gap) (increasing risk),High upgrade funnel abandonment (decreasing risk),High support ticket volume (90d) (increasing risk),Digital Engagement,Send a guided platform walkthrough or personal onboarding session; simplify the upgrade flow for this account.,2026-07-18
ACC-104329,Marquez PLC,Government,AM-015,20493.15,44,43,Checkout / Payment,0.47,False,Severe drop-off at a specific self-service step (experience gap) (decreasing risk),Contract type: Month-to-Month (increasing risk),High monthly spend (increasing risk),Digital Engagement,Send a guided platform walkthrough or personal onboarding session; simplify the upgrade flow for this account.,2026-07-18
ACC-102498,"Miller, Mcdowell and Curtis",Small Business / Retail,AM-019,23970.06,48,46,Add to Cart,0.47,True,High upgrade funnel abandonment (increasing risk),Low self-service task completion rate (increasing risk),Low customer satisfaction (CSAT) (decreasing risk),Digital Engagement,Send a guided platform walkthrough or personal onboarding session; simplify the upgrade flow for this account.,2026-07-18
ACC-101478,Gutierrez-White,Energy & Utilities,AM-025,26610.85,43,39,Order Confirmation,0.47,True,Severe drop-off at a specific self-service step (experience gap) (decreasing risk),High upgrade funnel abandonment (increasing risk),Low self-service task completion rate (increasing risk),Digital Engagement,Send a guided platform walkthrough or personal onboarding session; simplify the upgrade flow for this account.,2026-07-18
ACC-102719,"Mcneil, Solis and Horton",Healthcare,AM-023,22124.49,53,51,Plan & Feature Selection,0.468,True,Severe drop-off at a specific self-service step (experience gap) (increasing risk),Low self-service task completion rate (increasing risk),High upgrade funnel abandonment (increasing risk),Digital Engagement,Send a guided platform walkthrough or personal onboarding session; simplify the upgrade flow for this account.,2026-07-18
ACC-105061,"Barnett, Fernandez and Mitchell",Energy & Utilities,AM-013,25213.06,49,49,Add to Cart,0.468,False,History of late invoice payments (increasing risk),High upgrade funnel abandonment (decreasing risk),Contract type: Month-to-Month (increasing risk),Billing & Payments,Offer autopay enrollment incentive; review invoice accuracy; flag account to billing support.,2026-07-18
ACC-105498,Gutierrez and Sons,Banking & Financial Services,AM-018,26377.64,53,53,Support Handoff,0.466,False,Low customer satisfaction (CSAT) (increasing risk),High upgrade funnel abandonment (decreasing risk),Repeated late payments (12mo) (increasing risk),Support & Service,Escalate to a senior account rep for a service recovery call; audit recent ticket resolution quality.,2026-07-18
ACC-102934,Palmer Inc,Logistics,AM-015,18700.22,56,54,Plan & Feature Selection,0.464,False,History of late invoice payments (increasing risk),Contract type: Month-to-Month (decreasing risk),Auto-renewal not enabled (increasing risk),Billing & Payments,Offer autopay enrollment incentive; review invoice accuracy; flag account to billing support.,2026-07-18
ACC-103861,Carson-Hernandez,Banking & Financial Services,AM-010,37105.14,49,46,Login / Authentication,0.463,False,Low self-service task completion rate (increasing risk),High monthly spend (decreasing risk),High upgrade funnel abandonment (decreasing risk),Digital Engagement,Send a guided platform walkthrough or personal onboarding session; simplify the upgrade flow for this account.,2026-07-18
ACC-104502,Hicks-Calderon,Logistics,AM-016,24977.5,51,49,Checkout / Payment,0.462,False,High upgrade funnel abandonment (increasing risk),Contract type: Month-to-Month (decreasing risk),Auto-renewal not enabled (increasing risk),Digital Engagement,Send a guided platform walkthrough or personal onboarding session; simplify the upgrade flow for this account.,2026-07-18
ACC-102570,"Wilson, Roberts and Lee",Banking & Financial Services,AM-007,38058.62,48,46,Checkout / Payment,0.462,True,Low self-service task completion rate (increasing risk),Severe drop-off at a specific self-service step (experience gap) (decreasing risk),Repeated late payments (12mo) (increasing risk),Digital Engagement,Send a guided platform walkthrough or personal onboarding session; simplify the upgrade flow for this account.,2026-07-18
ACC-100808,Mueller-Boyd,Energy & Utilities,AM-021,34063.67,53,52,Add to Cart,0.461,True,Low self-service task completion rate (increasing risk),Repeated late payments (12mo) (increasing risk),Auto-renewal not enabled (increasing risk),Digital Engagement,Send a guided platform walkthrough or personal onboarding session; simplify the upgrade flow for this account.,2026-07-18
ACC-101863,Murray-Leonard,Government,AM-014,25496.45,38,34,Checkout / Payment,0.46,False,History of late invoice payments (increasing risk),Contract type: Month-to-Month (increasing risk),High upgrade funnel abandonment (decreasing risk),Billing & Payments,Offer autopay enrollment incentive; review invoice accuracy; flag account to billing support.,2026-07-18
ACC-103684,Ross-Phillips,Small Business / Retail,AM-023,34935.76,47,46,Login / Authentication,0.459,False,Severe drop-off at a specific self-service step (experience gap) (decreasing risk),History of late invoice payments (increasing risk),Low self-service task completion rate (increasing risk),Digital Engagement,Send a guided platform walkthrough or personal onboarding session; simplify the upgrade flow for this account.,2026-07-18
ACC-105318,Serrano-Carr,Energy & Utilities,AM-013,24844.15,50,47,Add to Cart,0.459,True,High upgrade funnel abandonment (increasing risk),Contract type: Month-to-Month (increasing risk),Rising line disconnects (90d) (increasing risk),Digital Engagement,Send a guided platform walkthrough or personal onboarding session; simplify the upgrade flow for this account.,2026-07-18
ACC-103356,Myers-Butler,Small Business / Retail,AM-009,33848.59,51,49,Plan & Feature Selection,0.457,False,High upgrade funnel abandonment (increasing risk),Severe drop-off at a specific self-service step (experience gap) (decreasing risk),Contract type: Month-to-Month (increasing risk),Digital Engagement,Send a guided platform walkthrough or personal onboarding session; simplify the upgrade flow for this account.,2026-07-18
ACC-100819,Goodwin-Stokes,Pharmaceuticals,AM-009,19459.21,49,49,Login / Authentication,0.457,False,Approaching contract renewal window (increasing risk),Low customer satisfaction (CSAT) (increasing risk),"Low feature adoption (mobile share, family plan, etc.) (increasing risk)",Contract & Account Health,Proactively reach out ahead of renewal; confirm auto-renewal status; review disconnected lines.,2026-07-18
ACC-103086,Hayden Ltd,Healthcare,AM-020,24772.53,52,49,Device Browse/Compare,0.456,True,Recent support escalations (increasing risk),Auto-renewal not enabled (increasing risk),Contract type: Month-to-Month (decreasing risk),Support & Service,Escalate to a senior account rep for a service recovery call; audit recent ticket resolution quality.,2026-07-18
ACC-105386,"Jackson, Wood and Clark",Hospitality,AM-020,20056.04,42,38,Login / Authentication,0.456,False,Severe drop-off at a specific self-service step (experience gap) (increasing risk),Contract type: Month-to-Month (increasing risk),Low customer satisfaction (CSAT) (increasing risk),Digital Engagement,Send a guided platform walkthrough or personal onboarding session; simplify the upgrade flow for this account.,2026-07-18
ACC-100698,"Morrison, Russo and Lopez",Small Business / Retail,AM-017,24547.64,41,40,Login / Authentication,0.455,False,Low self-service task completion rate (increasing risk),High upgrade funnel abandonment (decreasing risk),Contract type: Month-to-Month (increasing risk),Digital Engagement,Send a guided platform walkthrough or personal onboarding session; simplify the upgrade flow for this account.,2026-07-18
ACC-104865,"Phelps, Montoya and Barnett",Government,AM-022,18975.52,44,42,Support Handoff,0.454,False,Severe drop-off at a specific self-service step (experience gap) (increasing risk),Contract type: Month-to-Month (increasing risk),History of late invoice payments (decreasing risk),Digital Engagement,Send a guided platform walkthrough or personal onboarding session; simplify the upgrade flow for this account.,2026-07-18
ACC-100916,Miller-Mccall,Technology,AM-023,17425.3,46,45,Checkout / Payment,0.453,False,Severe drop-off at a specific self-service step (experience gap) (increasing risk),Low self-service task completion rate (increasing risk),Auto-renewal not enabled (increasing risk),Digital Engagement,Send a guided platform walkthrough or personal onboarding session; simplify the upgrade flow for this account.,2026-07-18
ACC-103137,Jackson-Phillips,Education,AM-025,25596.9,55,54,Checkout / Payment,0.452,False,Contract type: Month-to-Month (increasing risk),Severe drop-off at a specific self-service step (experience gap) (increasing risk),High upgrade funnel abandonment (decreasing risk),Contract & Account Health,Proactively reach out ahead of renewal; confirm auto-renewal status; review disconnected lines.,2026-07-18
ACC-103552,Ryan-Martinez,Manufacturing,AM-013,30337.58,50,50,Support Handoff,0.452,False,Low self-service task completion rate (increasing risk),Severe drop-off at a specific self-service step (experience gap) (increasing risk),Auto-renewal not enabled (increasing risk),Digital Engagement,Send a guided platform walkthrough or personal onboarding session; simplify the upgrade flow for this account.,2026-07-18
ACC-105511,Murray-Smith,Pharmaceuticals,AM-016,21657.85,35,30,Login / Authentication,0.451,False,Industry segment: Pharmaceuticals (decreasing risk),Large number of managed lines (CTNs) (decreasing risk),High upgrade funnel abandonment (increasing risk),Product & Shop Usage,Recommend relevant plan/feature bundles; offer a device upgrade promotion to re-engage.,2026-07-18
ACC-101308,"Thomas, Williams and Armstrong",Hospitality,AM-012,25517.34,42,42,Checkout / Payment,0.451,False,Severe drop-off at a specific self-service step (experience gap) (increasing risk),High upgrade funnel abandonment (decreasing risk),Auto-renewal not enabled (increasing risk),Digital Engagement,Send a guided platform walkthrough or personal onboarding session; simplify the upgrade flow for this account.,2026-07-18
ACC-105900,"Rogers, Gilbert and Mcclain",Small Business / Retail,AM-004,20505.21,37,37,Login / Authentication,0.45,False,Contract type: Month-to-Month (increasing risk),Large number of managed lines (CTNs) (decreasing risk),High monthly spend (increasing risk),Contract & Account Health,Proactively reach out ahead of renewal; confirm auto-renewal status; review disconnected lines.,2026-07-18
ACC-103979,Cantu Group,Manufacturing,AM-017,22444.09,47,45,Plan & Feature Selection,0.45,False,High upgrade funnel abandonment (increasing risk),Auto-renewal not enabled (increasing risk),Low customer satisfaction (CSAT) (increasing risk),Digital Engagement,Send a guided platform walkthrough or personal onboarding session; simplify the upgrade flow for this account.,2026-07-18
ACC-102648,Moore-Andrews,Logistics,AM-018,20377.95,42,40,Login / Authentication,0.45,False,Low self-service task completion rate (increasing risk),Low platform login frequency (increasing risk),Repeated late payments (12mo) (increasing risk),Digital Engagement,Send a guided platform walkthrough or personal onboarding session; simplify the upgrade flow for this account.,2026-07-18
ACC-105978,"Davis, Rogers and Williams",Technology,AM-020,28551.66,51,51,Checkout / Payment,0.449,False,Severe drop-off at a specific self-service step (experience gap) (increasing risk),High upgrade funnel abandonment (increasing risk),Contract type: Month-to-Month (decreasing risk),Digital Engagement,Send a guided platform walkthrough or personal onboarding session; simplify the upgrade flow for this account.,2026-07-18
ACC-100877,Khan LLC,Technology,AM-006,20250.57,48,47,Add to Cart,0.449,False,Low self-service task completion rate (increasing risk),Auto-renewal not enabled (increasing risk),Contract type: Month-to-Month (decreasing risk),Digital Engagement,Send a guided platform walkthrough or personal onboarding session; simplify the upgrade flow for this account.,2026-07-18
ACC-103858,"Lynch, Murray and Fisher",Logistics,AM-008,20710.39,45,44,Checkout / Payment,0.449,True,Severe drop-off at a specific self-service step (experience gap) (increasing risk),Low self-service task completion rate (decreasing risk),Low platform login frequency (increasing risk),Digital Engagement,Send a guided platform walkthrough or personal onboarding session; simplify the upgrade flow for this account.,2026-07-18
ACC-101313,Lee-White,Manufacturing,AM-016,20522.32,44,44,Device Browse/Compare,0.448,True,High upgrade funnel abandonment (increasing risk),Low customer satisfaction (CSAT) (increasing risk),Recent support escalations (increasing risk),Digital Engagement,Send a guided platform walkthrough or personal onboarding session; simplify the upgrade flow for this account.,2026-07-18
ACC-102373,Glover-Hammond,Education,AM-006,37207.33,58,57,Plan & Feature Selection,0.448,False,High upgrade funnel abandonment (increasing risk),Severe drop-off at a specific self-service step (experience gap) (increasing risk),Approaching contract renewal window (decreasing risk),Digital Engagement,Send a guided platform walkthrough or personal onboarding session; simplify the upgrade flow for this account.,2026-07-18
ACC-102142,Beard-Wilson,Banking & Financial Services,AM-013,17399.26,37,34,Order Confirmation,0.447,False,Auto-renewal not enabled (increasing risk),Large number of managed lines (CTNs) (decreasing risk),Contract type: Month-to-Month (decreasing risk),Contract & Account Health,Proactively reach out ahead of renewal; confirm auto-renewal status; review disconnected lines.,2026-07-18
ACC-102229,Holloway Ltd,Healthcare,AM-016,20074.94,44,44,Add to Cart,0.447,False,Contract type: Month-to-Month (increasing risk),Auto-renewal not enabled (increasing risk),High upgrade funnel abandonment (increasing risk),Contract & Account Health,Proactively reach out ahead of renewal; confirm auto-renewal status; review disconnected lines.,2026-07-18
ACC-105649,Vega-Brown,Hospitality,AM-001,23633.61,49,48,Device Browse/Compare,0.446,True,Low self-service task completion rate (increasing risk),Contract type: Month-to-Month (decreasing risk),Low platform login frequency (increasing risk),Digital Engagement,Send a guided platform walkthrough or personal onboarding session; simplify the upgrade flow for this account.,2026-07-18
ACC-103931,Schneider-Matthews,Small Business / Retail,AM-019,18144.77,39,39,Add to Cart,0.443,False,Severe drop-off at a specific self-service step (experience gap) (increasing risk),Auto-renewal not enabled (increasing risk),Contract type: Month-to-Month (decreasing risk),Digital Engagement,Send a guided platform walkthrough or personal onboarding session; simplify the upgrade flow for this account.,2026-07-18
ACC-105989,"Curry, Schmidt and Wilson",Manufacturing,AM-013,30847.24,44,43,Checkout / Payment,0.443,False,High upgrade funnel abandonment (increasing risk),Contract type: Month-to-Month (decreasing risk),Auto-renewal not enabled (increasing risk),Digital Engagement,Send a guided platform walkthrough or personal onboarding session; simplify the upgrade flow for this account.,2026-07-18
ACC-102798,Hatfield-Vincent,Banking & Financial Services,AM-009,22607.23,40,39,Login / Authentication,0.443,True,Severe drop-off at a specific self-service step (experience gap) (decreasing risk),Contract type: Month-to-Month (increasing risk),High support ticket volume (90d) (increasing risk),Digital Engagement,Send a guided platform walkthrough or personal onboarding session; simplify the upgrade flow for this account.,2026-07-18
ACC-101944,Thompson-Santiago,Banking & Financial Services,AM-005,37485.82,49,47,Checkout / Payment,0.442,True,Severe drop-off at a specific self-service step (experience gap) (decreasing risk),High upgrade funnel abandonment (increasing risk),Approaching contract renewal window (increasing risk),Digital Engagement,Send a guided platform walkthrough or personal onboarding session; simplify the upgrade flow for this account.,2026-07-18
ACC-102901,Smith-Bennett,Government,AM-003,25240.03,42,40,Add to Cart,0.441,False,Low self-service task completion rate (increasing risk),Contract type: Month-to-Month (decreasing risk),Rising line disconnects (90d) (decreasing risk),Digital Engagement,Send a guided platform walkthrough or personal onboarding session; simplify the upgrade flow for this account.,2026-07-18
ACC-101122,Guerrero-Becker,Banking & Financial Services,AM-007,15039.56,44,44,Plan & Feature Selection,0.44,False,Low customer satisfaction (CSAT) (increasing risk),Short account tenure (increasing risk),Contract type: Month-to-Month (decreasing risk),Support & Service,Escalate to a senior account rep for a service recovery call; audit recent ticket resolution quality.,2026-07-18
ACC-104819,Adams LLC,Healthcare,AM-020,26335.38,48,48,Plan & Feature Selection,0.439,False,Low self-service task completion rate (increasing risk),High upgrade funnel abandonment (increasing risk),History of late invoice payments (decreasing risk),Digital Engagement,Send a guided platform walkthrough or personal onboarding session; simplify the upgrade flow for this account.,2026-07-18
ACC-101691,Barnes LLC,Small Business / Retail,AM-012,29595.54,68,67,Order Confirmation,0.439,True,Contract type: Month-to-Month (increasing risk),Approaching contract renewal window (decreasing risk),Recent support escalations (increasing risk),Contract & Account Health,Proactively reach out ahead of renewal; confirm auto-renewal status; review disconnected lines.,2026-07-18
ACC-101586,Moore-Baker,Government,AM-019,28336.71,39,35,Plan & Feature Selection,0.438,False,Severe drop-off at a specific self-service step (experience gap) (increasing risk),Large number of managed lines (CTNs) (decreasing risk),Contract type: Month-to-Month (decreasing risk),Digital Engagement,Send a guided platform walkthrough or personal onboarding session; simplify the upgrade flow for this account.,2026-07-18
ACC-101753,"Charles, Wiggins and Cook",Banking & Financial Services,AM-010,19522.58,31,28,Support Handoff,0.438,True,Contract type: Month-to-Month (decreasing risk),High monthly spend (increasing risk),Low customer satisfaction (CSAT) (decreasing risk),Contract & Account Health,Proactively reach out ahead of renewal; confirm auto-renewal status; review disconnected lines.,2026-07-18
ACC-101548,Weaver-Gibson,Technology,AM-015,24856.96,38,36,Checkout / Payment,0.437,False,Low self-service task completion rate (increasing risk),High upgrade funnel abandonment (decreasing risk),History of late invoice payments (decreasing risk),Digital Engagement,Send a guided platform walkthrough or personal onboarding session; simplify the upgrade flow for this account.,2026-07-18
ACC-103954,Flores Ltd,Small Business / Retail,AM-010,22900.76,42,42,Login / Authentication,0.437,True,History of late invoice payments (increasing risk),Severe drop-off at a specific self-service step (experience gap) (decreasing risk),Auto-renewal not enabled (increasing risk),Billing & Payments,Offer autopay enrollment incentive; review invoice accuracy; flag account to billing support.,2026-07-18
ACC-104270,Smith-Allen,Government,AM-017,24196.0,40,38,Checkout / Payment,0.436,False,Low self-service task completion rate (increasing risk),Contract type: Month-to-Month (increasing risk),"Low feature adoption (mobile share, family plan, etc.) (decreasing risk)",Digital Engagement,Send a guided platform walkthrough or personal onboarding session; simplify the upgrade flow for this account.,2026-07-18
ACC-104888,Floyd-Kelly,Small Business / Retail,AM-010,37621.58,51,50,Checkout / Payment,0.436,False,Contract type: Month-to-Month (increasing risk),High upgrade funnel abandonment (increasing risk),Low customer satisfaction (CSAT) (decreasing risk),Contract & Account Health,Proactively reach out ahead of renewal; confirm auto-renewal status; review disconnected lines.,2026-07-18
ACC-102412,Williams Ltd,Technology,AM-014,26298.07,52,50,Login / Authentication,0.435,True,Severe drop-off at a specific self-service step (experience gap) (increasing risk),Low self-service task completion rate (decreasing risk),High support ticket volume (90d) (increasing risk),Digital Engagement,Send a guided platform walkthrough or personal onboarding session; simplify the upgrade flow for this account.,2026-07-18
ACC-100150,Salazar-Ball,Technology,AM-024,27490.06,47,47,Checkout / Payment,0.434,False,High upgrade funnel abandonment (increasing risk),Contract type: Month-to-Month (increasing risk),Severe drop-off at a specific self-service step (experience gap) (decreasing risk),Digital Engagement,Send a guided platform walkthrough or personal onboarding session; simplify the upgrade flow for this account.,2026-07-18
ACC-104776,Hudson-Butler,Energy & Utilities,AM-016,30569.12,56,56,Checkout / Payment,0.434,True,Low self-service task completion rate (increasing risk),High upgrade funnel abandonment (increasing risk),Contract type: Month-to-Month (decreasing risk),Digital Engagement,Send a guided platform walkthrough or personal onboarding session; simplify the upgrade flow for this account.,2026-07-18
ACC-104730,"Li, Mason and Jacobson",Banking & Financial Services,AM-018,23791.31,53,52,Add to Cart,0.434,True,Low self-service task completion rate (increasing risk),Rising line disconnects (90d) (increasing risk),High upgrade funnel abandonment (increasing risk),Digital Engagement,Send a guided platform walkthrough or personal onboarding session; simplify the upgrade flow for this account.,2026-07-18
ACC-104987,"Wilkinson, Guzman and Elliott",Government,AM-018,18216.76,39,38,Checkout / Payment,0.432,False,Low customer satisfaction (CSAT) (increasing risk),High monthly spend (increasing risk),Auto-renewal not enabled (increasing risk),Support & Service,Escalate to a senior account rep for a service recovery call; audit recent ticket resolution quality.,2026-07-18
ACC-105718,Hughes and Sons,Banking & Financial Services,AM-008,22210.85,40,37,Plan & Feature Selection,0.431,False,Contract type: Month-to-Month (increasing risk),High upgrade funnel abandonment (decreasing risk),Auto-renewal not enabled (increasing risk),Contract & Account Health,Proactively reach out ahead of renewal; confirm auto-renewal status; review disconnected lines.,2026-07-18
ACC-103921,Walker LLC,Government,AM-013,26312.63,44,43,Plan & Feature Selection,0.429,False,Low self-service task completion rate (increasing risk),High upgrade funnel abandonment (decreasing risk),Low customer satisfaction (CSAT) (increasing risk),Digital Engagement,Send a guided platform walkthrough or personal onboarding session; simplify the upgrade flow for this account.,2026-07-18
ACC-100906,Cruz-Allen,Healthcare,AM-019,29714.49,56,55,Plan & Feature Selection,0.428,False,Low customer satisfaction (CSAT) (increasing risk),Contract type: Month-to-Month (increasing risk),Severe drop-off at a specific self-service step (experience gap) (decreasing risk),Support & Service,Escalate to a senior account rep for a service recovery call; audit recent ticket resolution quality.,2026-07-18
ACC-100572,Luna-Gallagher,Pharmaceuticals,AM-017,26939.08,43,43,Checkout / Payment,0.428,True,Low self-service task completion rate (increasing risk),Approaching contract renewal window (increasing risk),Industry segment: Pharmaceuticals (decreasing risk),Digital Engagement,Send a guided platform walkthrough or personal onboarding session; simplify the upgrade flow for this account.,2026-07-18
ACC-105209,King and Sons,Logistics,AM-022,28210.47,46,44,Support Handoff,0.427,False,Low self-service task completion rate (decreasing risk),Contract type: Month-to-Month (increasing risk),Short account tenure (increasing risk),Digital Engagement,Send a guided platform walkthrough or personal onboarding session; simplify the upgrade flow for this account.,2026-07-18
ACC-105277,Walker LLC,Small Business / Retail,AM-021,21543.19,42,41,Support Handoff,0.427,False,Low self-service task completion rate (decreasing risk),Low customer satisfaction (CSAT) (increasing risk),Contract type: Month-to-Month (increasing risk),Digital Engagement,Send a guided platform walkthrough or personal onboarding session; simplify the upgrade flow for this account.,2026-07-18
ACC-105991,"Nicholson, Jones and Hughes",Energy & Utilities,AM-009,17446.87,42,41,Add to Cart,0.427,True,High upgrade funnel abandonment (increasing risk),Recent support escalations (increasing risk),Contract type: Month-to-Month (decreasing risk),Digital Engagement,Send a guided platform walkthrough or personal onboarding session; simplify the upgrade flow for this account.,2026-07-18
ACC-103426,Bennett-Ruiz,Hospitality,AM-011,28293.79,53,52,Plan & Feature Selection,0.426,False,Low self-service task completion rate (increasing risk),Contract type: Month-to-Month (increasing risk),High upgrade funnel abandonment (decreasing risk),Digital Engagement,Send a guided platform walkthrough or personal onboarding session; simplify the upgrade flow for this account.,2026-07-18
ACC-105592,Beck-Williams,Government,AM-007,23426.0,51,50,Plan & Feature Selection,0.426,False,Low self-service task completion rate (increasing risk),Contract type: Month-to-Month (increasing risk),Low customer satisfaction (CSAT) (increasing risk),Digital Engagement,Send a guided platform walkthrough or personal onboarding session; simplify the upgrade flow for this account.,2026-07-18
ACC-103767,Moore-Carroll,Pharmaceuticals,AM-007,33206.56,44,42,Device Browse/Compare,0.424,False,High upgrade funnel abandonment (increasing risk),Contract type: Month-to-Month (increasing risk),Severe drop-off at a specific self-service step (experience gap) (decreasing risk),Digital Engagement,Send a guided platform walkthrough or personal onboarding session; simplify the upgrade flow for this account.,2026-07-18
ACC-102937,Decker Inc,Energy & Utilities,AM-004,34851.21,53,52,Plan & Feature Selection,0.424,False,Low self-service task completion rate (increasing risk),Auto-renewal not enabled (increasing risk),High upgrade funnel abandonment (increasing risk),Digital Engagement,Send a guided platform walkthrough or personal onboarding session; simplify the upgrade flow for this account.,2026-07-18
ACC-105648,Jones Inc,Healthcare,AM-013,30304.28,45,45,Checkout / Payment,0.423,False,Low self-service task completion rate (increasing risk),Contract type: Month-to-Month (increasing risk),History of late invoice payments (decreasing risk),Digital Engagement,Send a guided platform walkthrough or personal onboarding session; simplify the upgrade flow for this account.,2026-07-18
ACC-102727,Thompson-Wright,Hospitality,AM-007,23117.95,50,46,Device Browse/Compare,0.423,False,Low self-service task completion rate (increasing risk),Contract type: Month-to-Month (decreasing risk),High upgrade funnel abandonment (increasing risk),Digital Engagement,Send a guided platform walkthrough or personal onboarding session; simplify the upgrade flow for this account.,2026-07-18
ACC-103573,Terry-Allen,Energy & Utilities,AM-016,25969.15,44,44,Device Browse/Compare,0.422,False,Low self-service task completion rate (decreasing risk),Short account tenure (increasing risk),High annual revenue account (increasing risk),Digital Engagement,Send a guided platform walkthrough or personal onboarding session; simplify the upgrade flow for this account.,2026-07-18
ACC-101511,Flores and Sons,Government,AM-019,26213.26,45,43,Device Browse/Compare,0.421,False,Contract type: Month-to-Month (increasing risk),Auto-renewal not enabled (increasing risk),Low customer satisfaction (CSAT) (increasing risk),Contract & Account Health,Proactively reach out ahead of renewal; confirm auto-renewal status; review disconnected lines.,2026-07-18
ACC-101418,"Frye, Walter and Li",Manufacturing,AM-019,31226.38,41,40,Checkout / Payment,0.421,True,Auto-renewal not enabled (increasing risk),Contract type: Month-to-Month (increasing risk),History of late invoice payments (decreasing risk),Contract & Account Health,Proactively reach out ahead of renewal; confirm auto-renewal status; review disconnected lines.,2026-07-18
ACC-101201,"Marks, Stone and Watts",Healthcare,AM-002,17532.21,46,43,Device Browse/Compare,0.421,False,Low self-service task completion rate (increasing risk),High support call volume (90d) (increasing risk),Contract type: Month-to-Month (decreasing risk),Digital Engagement,Send a guided platform walkthrough or personal onboarding session; simplify the upgrade flow for this account.,2026-07-18
ACC-100053,"Robinson, Jones and Welch",Healthcare,AM-022,23878.6,54,53,Login / Authentication,0.42,True,Severe drop-off at a specific self-service step (experience gap) (decreasing risk),High upgrade funnel abandonment (increasing risk),Approaching contract renewal window (increasing risk),Digital Engagement,Send a guided platform walkthrough or personal onboarding session; simplify the upgrade flow for this account.,2026-07-18
ACC-100566,"Owens, Koch and Jimenez",Logistics,AM-004,21455.41,37,36,Checkout / Payment,0.419,False,Low self-service task completion rate (increasing risk),High upgrade funnel abandonment (decreasing risk),Contract type: Month-to-Month (increasing risk),Digital Engagement,Send a guided platform walkthrough or personal onboarding session; simplify the upgrade flow for this account.,2026-07-18
ACC-101634,"Torres, Burns and Garner",Hospitality,AM-022,21099.05,50,49,Plan & Feature Selection,0.419,False,Long time since last platform login (increasing risk),Contract type: Month-to-Month (increasing risk),History of late invoice payments (decreasing risk),Digital Engagement,Send a guided platform walkthrough or personal onboarding session; simplify the upgrade flow for this account.,2026-07-18
ACC-103504,Brown PLC,Education,AM-022,31391.26,51,50,Plan & Feature Selection,0.419,False,High upgrade funnel abandonment (decreasing risk),Contract type: Month-to-Month (increasing risk),Low customer satisfaction (CSAT) (increasing risk),Digital Engagement,Send a guided platform walkthrough or personal onboarding session; simplify the upgrade flow for this account.,2026-07-18
ACC-100341,"Winters, Newman and Brown",Logistics,AM-024,31227.18,43,42,Checkout / Payment,0.418,False,Auto-renewal not enabled (increasing risk),Rising line disconnects (90d) (increasing risk),History of late invoice payments (decreasing risk),Contract & Account Health,Proactively reach out ahead of renewal; confirm auto-renewal status; review disconnected lines.,2026-07-18
ACC-101674,Lee Group,Banking & Financial Services,AM-003,19725.2,50,48,Plan & Feature Selection,0.418,False,Auto-renewal not enabled (increasing risk),History of late invoice payments (decreasing risk),Contract type: Month-to-Month (decreasing risk),Contract & Account Health,Proactively reach out ahead of renewal; confirm auto-renewal status; review disconnected lines.,2026-07-18
ACC-104008,Gonzalez-Mata,Technology,AM-012,17821.42,42,39,Support Handoff,0.417,False,Severe drop-off at a specific self-service step (experience gap) (increasing risk),High upgrade funnel abandonment (decreasing risk),Contract type: Month-to-Month (increasing risk),Digital Engagement,Send a guided platform walkthrough or personal onboarding session; simplify the upgrade flow for this account.,2026-07-18
ACC-105169,"Benson, Obrien and Williams",Hospitality,AM-007,19744.02,43,40,Device Browse/Compare,0.417,False,Contract type: Month-to-Month (increasing risk),High upgrade funnel abandonment (decreasing risk),"Low feature adoption (mobile share, family plan, etc.) (increasing risk)",Contract & Account Health,Proactively reach out ahead of renewal; confirm auto-renewal status; review disconnected lines.,2026-07-18
ACC-103531,"Douglas, Hall and Pena",Government,AM-017,22499.57,44,42,Checkout / Payment,0.416,False,Low self-service task completion rate (increasing risk),High upgrade funnel abandonment (decreasing risk),Severe drop-off at a specific self-service step (experience gap) (increasing risk),Digital Engagement,Send a guided platform walkthrough or personal onboarding session; simplify the upgrade flow for this account.,2026-07-18
ACC-101612,"Rios, Carrillo and Jackson",Logistics,AM-024,24092.38,45,43,Order Confirmation,0.416,False,High support call volume (90d) (increasing risk),Contract type: Month-to-Month (increasing risk),Auto-renewal not enabled (increasing risk),Support & Service,Escalate to a senior account rep for a service recovery call; audit recent ticket resolution quality.,2026-07-18
ACC-100740,"Mueller, Knight and Hodge",Banking & Financial Services,AM-001,20389.16,40,40,Plan & Feature Selection,0.415,False,Low self-service task completion rate (increasing risk),High upgrade funnel abandonment (decreasing risk),Contract type: Month-to-Month (increasing risk),Digital Engagement,Send a guided platform walkthrough or personal onboarding session; simplify the upgrade flow for this account.,2026-07-18
ACC-104927,Ellison-Fisher,Government,AM-011,31292.2,52,52,Checkout / Payment,0.415,False,Severe drop-off at a specific self-service step (experience gap) (increasing risk),High upgrade funnel abandonment (decreasing risk),Low self-service task completion rate (increasing risk),Digital Engagement,Send a guided platform walkthrough or personal onboarding session; simplify the upgrade flow for this account.,2026-07-18
ACC-104595,"Bond, Robinson and Jenkins",Education,AM-010,24261.74,47,45,Device Browse/Compare,0.414,False,Low self-service task completion rate (increasing risk),Low customer satisfaction (CSAT) (increasing risk),Severe drop-off at a specific self-service step (experience gap) (decreasing risk),Digital Engagement,Send a guided platform walkthrough or personal onboarding session; simplify the upgrade flow for this account.,2026-07-18
ACC-104569,Watts-Travis,Healthcare,AM-019,35311.25,56,55,Device Browse/Compare,0.414,False,Long time since last platform login (increasing risk),Contract type: Month-to-Month (increasing risk),High upgrade funnel abandonment (decreasing risk),Digital Engagement,Send a guided platform walkthrough or personal onboarding session; simplify the upgrade flow for this account.,2026-07-18
ACC-102325,Yang Group,Logistics,AM-025,29380.24,47,46,Checkout / Payment,0.414,False,High upgrade funnel abandonment (increasing risk),Contract type: Month-to-Month (increasing risk),Auto-renewal not enabled (increasing risk),Digital Engagement,Send a guided platform walkthrough or personal onboarding session; simplify the upgrade flow for this account.,2026-07-18
ACC-103098,Sanders Group,Energy & Utilities,AM-017,17324.94,44,42,Plan & Feature Selection,0.413,False,Severe drop-off at a specific self-service step (experience gap) (increasing risk),Low customer satisfaction (CSAT) (increasing risk),Contract type: Month-to-Month (increasing risk),Digital Engagement,Send a guided platform walkthrough or personal onboarding session; simplify the upgrade flow for this account.,2026-07-18
ACC-104735,Reeves and Sons,Manufacturing,AM-001,20882.43,44,41,Login / Authentication,0.413,True,Contract type: Month-to-Month (increasing risk),Auto-renewal not enabled (increasing risk),High support ticket volume (90d) (increasing risk),Contract & Account Health,Proactively reach out ahead of renewal; confirm auto-renewal status; review disconnected lines.,2026-07-18
ACC-104397,Davis Inc,Manufacturing,AM-022,14342.83,37,35,Plan & Feature Selection,0.41,True,Low self-service task completion rate (increasing risk),Severe drop-off at a specific self-service step (experience gap) (decreasing risk),Contract type: Month-to-Month (increasing risk),Digital Engagement,Send a guided platform walkthrough or personal onboarding session; simplify the upgrade flow for this account.,2026-07-18
ACC-101549,"Hunter, Gross and Andrade",Logistics,AM-001,19483.18,38,36,Device Browse/Compare,0.408,False,Auto-renewal not enabled (increasing risk),Low platform login frequency (increasing risk),Severe drop-off at a specific self-service step (experience gap) (increasing risk),Contract & Account Health,Proactively reach out ahead of renewal; confirm auto-renewal status; review disconnected lines.,2026-07-18
ACC-105197,Clayton-Merritt,Manufacturing,AM-022,26004.48,56,51,Device Browse/Compare,0.408,False,Low self-service task completion rate (decreasing risk),Approaching contract renewal window (increasing risk),Auto-renewal not enabled (increasing risk),Digital Engagement,Send a guided platform walkthrough or personal onboarding session; simplify the upgrade flow for this account.,2026-07-18
ACC-102461,Johnson-Rice,Pharmaceuticals,AM-001,28538.12,53,52,Device Browse/Compare,0.407,False,Severe drop-off at a specific self-service step (experience gap) (increasing risk),Industry segment: Pharmaceuticals (decreasing risk),High upgrade funnel abandonment (increasing risk),Digital Engagement,Send a guided platform walkthrough or personal onboarding session; simplify the upgrade flow for this account.,2026-07-18
ACC-101506,"Aguirre, Cohen and Mitchell",Education,AM-004,26673.26,54,53,Login / Authentication,0.407,True,Severe drop-off at a specific self-service step (experience gap) (increasing risk),High upgrade funnel abandonment (increasing risk),Recent support escalations (increasing risk),Digital Engagement,Send a guided platform walkthrough or personal onboarding session; simplify the upgrade flow for this account.,2026-07-18
ACC-102363,"Delgado, Ward and Kennedy",Hospitality,AM-013,26818.71,50,48,Checkout / Payment,0.407,False,Low customer satisfaction (CSAT) (decreasing risk),Auto-renewal not enabled (increasing risk),History of late invoice payments (decreasing risk),Support & Service,Escalate to a senior account rep for a service recovery call; audit recent ticket resolution quality.,2026-07-18
ACC-103013,Arnold-Jackson,Government,AM-010,14810.68,42,41,Login / Authentication,0.407,True,Low self-service task completion rate (increasing risk),High monthly spend (increasing risk),Recent support escalations (increasing risk),Digital Engagement,Send a guided platform walkthrough or personal onboarding session; simplify the upgrade flow for this account.,2026-07-18
ACC-100235,"Harrison, Johnson and Roberts",Banking & Financial Services,AM-013,24797.57,48,48,Device Browse/Compare,0.406,False,Low self-service task completion rate (decreasing risk),Contract type: Month-to-Month (increasing risk),History of late invoice payments (increasing risk),Digital Engagement,Send a guided platform walkthrough or personal onboarding session; simplify the upgrade flow for this account.,2026-07-18
ACC-101735,"Rivera, Hendricks and Flynn",Hospitality,AM-015,21352.37,51,48,Checkout / Payment,0.406,False,Low self-service task completion rate (increasing risk),Approaching contract renewal window (decreasing risk),Contract type: Month-to-Month (increasing risk),Digital Engagement,Send a guided platform walkthrough or personal onboarding session; simplify the upgrade flow for this account.,2026-07-18
ACC-101570,"Curry, Perry and Garcia",Healthcare,AM-025,20072.87,36,33,Plan & Feature Selection,0.405,False,Large number of managed lines (CTNs) (decreasing risk),Contract type: Month-to-Month (increasing risk),Low self-service task completion rate (increasing risk),Contract & Account Health,Proactively reach out ahead of renewal; confirm auto-renewal status; review disconnected lines.,2026-07-18
ACC-100421,"Cole, Glass and Cunningham",Hospitality,AM-004,21530.65,38,38,Checkout / Payment,0.404,True,High support ticket volume (90d) (increasing risk),Low self-service task completion rate (decreasing risk),Contract type: Month-to-Month (increasing risk),Support & Service,Escalate to a senior account rep for a service recovery call; audit recent ticket resolution quality.,2026-07-18
ACC-100711,Tran-Silva,Pharmaceuticals,AM-011,28458.98,48,48,Checkout / Payment,0.403,False,History of late invoice payments (increasing risk),Contract type: Month-to-Month (increasing risk),Industry segment: Pharmaceuticals (decreasing risk),Billing & Payments,Offer autopay enrollment incentive; review invoice accuracy; flag account to billing support.,2026-07-18
ACC-101293,Miller Inc,Logistics,AM-012,24662.94,51,51,Login / Authentication,0.402,False,Low platform login frequency (increasing risk),Approaching contract renewal window (increasing risk),"Low feature adoption (mobile share, family plan, etc.) (increasing risk)",Digital Engagement,Send a guided platform walkthrough or personal onboarding session; simplify the upgrade flow for this account.,2026-07-18
ACC-100086,"Ferrell, Jones and Lewis",Healthcare,AM-005,26007.95,41,41,Order Confirmation,0.402,False,Auto-renewal not enabled (increasing risk),Slow support resolution times (decreasing risk),High annual revenue account (increasing risk),Contract & Account Health,Proactively reach out ahead of renewal; confirm auto-renewal status; review disconnected lines.,2026-07-18
ACC-100278,Pollard and Sons,Hospitality,AM-009,42081.55,53,52,Plan & Feature Selection,0.4,True,Low self-service task completion rate (increasing risk),Contract type: Month-to-Month (increasing risk),Repeated late payments (12mo) (increasing risk),Digital Engagement,Send a guided platform walkthrough or personal onboarding session; simplify the upgrade flow for this account.,2026-07-18
ACC-105236,Sanders PLC,Energy & Utilities,AM-019,22898.14,38,37,Checkout / Payment,0.4,True,Severe drop-off at a specific self-service step (experience gap) (increasing risk),High upgrade funnel abandonment (increasing risk),Low customer satisfaction (CSAT) (decreasing risk),Digital Engagement,Send a guided platform walkthrough or personal onboarding session; simplify the upgrade flow for this account.,2026-07-18
ACC-100133,"Carroll, Sullivan and Bass",Healthcare,AM-013,36072.84,53,53,Checkout / Payment,0.398,False,Approaching contract renewal window (increasing risk),Contract type: Month-to-Month (decreasing risk),History of late invoice payments (decreasing risk),Contract & Account Health,Proactively reach out ahead of renewal; confirm auto-renewal status; review disconnected lines.,2026-07-18
ACC-100207,Davis and Sons,Small Business / Retail,AM-001,14861.6,34,31,Checkout / Payment,0.398,False,High upgrade funnel abandonment (increasing risk),Contract type: Month-to-Month (increasing risk),High monthly spend (increasing risk),Digital Engagement,Send a guided platform walkthrough or personal onboarding session; simplify the upgrade flow for this account.,2026-07-18
ACC-101707,"Thompson, Gibson and Riley",Education,AM-005,32522.12,47,45,Checkout / Payment,0.398,False,Low customer satisfaction (CSAT) (increasing risk),High upgrade funnel abandonment (increasing risk),Approaching contract renewal window (increasing risk),Support & Service,Escalate to a senior account rep for a service recovery call; audit recent ticket resolution quality.,2026-07-18
ACC-101716,"Peck, Andersen and Mitchell",Government,AM-008,15365.11,31,30,Plan & Feature Selection,0.398,False,Auto-renewal not enabled (increasing risk),High upgrade funnel abandonment (increasing risk),High annual revenue account (decreasing risk),Contract & Account Health,Proactively reach out ahead of renewal; confirm auto-renewal status; review disconnected lines.,2026-07-18
ACC-102308,Fitzgerald-Dorsey,Manufacturing,AM-008,20979.82,37,37,Device Browse/Compare,0.398,True,Approaching contract renewal window (decreasing risk),Recent support escalations (increasing risk),Auto-renewal not enabled (increasing risk),Contract & Account Health,Proactively reach out ahead of renewal; confirm auto-renewal status; review disconnected lines.,2026-07-18
ACC-103164,Parrish Ltd,Pharmaceuticals,AM-001,28721.44,41,40,Add to Cart,0.397,False,Low self-service task completion rate (increasing risk),Industry segment: Pharmaceuticals (decreasing risk),"Low feature adoption (mobile share, family plan, etc.) (increasing risk)",Digital Engagement,Send a guided platform walkthrough or personal onboarding session; simplify the upgrade flow for this account.,2026-07-18
ACC-103878,Beck Ltd,Technology,AM-019,25472.59,57,56,Device Browse/Compare,0.397,True,Contract type: Month-to-Month (increasing risk),Auto-renewal not enabled (decreasing risk),"Low feature adoption (mobile share, family plan, etc.) (increasing risk)",Contract & Account Health,Proactively reach out ahead of renewal; confirm auto-renewal status; review disconnected lines.,2026-07-18
ACC-101921,Wilson PLC,Logistics,AM-019,35521.86,51,50,Order Confirmation,0.396,False,Low self-service task completion rate (decreasing risk),Contract type: Month-to-Month (increasing risk),Severe drop-off at a specific self-service step (experience gap) (decreasing risk),Digital Engagement,Send a guided platform walkthrough or personal onboarding session; simplify the upgrade flow for this account.,2026-07-18
ACC-102238,Green Ltd,Healthcare,AM-003,27983.36,55,52,Plan & Feature Selection,0.395,False,Severe drop-off at a specific self-service step (experience gap) (decreasing risk),Low self-service task completion rate (increasing risk),"Low feature adoption (mobile share, family plan, etc.) (decreasing risk)",Digital Engagement,Send a guided platform walkthrough or personal onboarding session; simplify the upgrade flow for this account.,2026-07-18
ACC-102225,Welch-Suarez,Technology,AM-012,25457.41,44,41,Login / Authentication,0.394,False,Severe drop-off at a specific self-service step (experience gap) (increasing risk),High upgrade funnel abandonment (decreasing risk),Contract type: Month-to-Month (increasing risk),Digital Engagement,Send a guided platform walkthrough or personal onboarding session; simplify the upgrade flow for this account.,2026-07-18
ACC-103418,Estes-Mcdonald,Government,AM-005,18543.04,33,32,Login / Authentication,0.394,False,Low self-service task completion rate (increasing risk),High monthly spend (increasing risk),Severe drop-off at a specific self-service step (experience gap) (increasing risk),Digital Engagement,Send a guided platform walkthrough or personal onboarding session; simplify the upgrade flow for this account.,2026-07-18
ACC-104662,"Wright, George and Schultz",Logistics,AM-014,26384.48,43,41,Checkout / Payment,0.394,False,High upgrade funnel abandonment (increasing risk),Contract type: Month-to-Month (increasing risk),Approaching contract renewal window (increasing risk),Digital Engagement,Send a guided platform walkthrough or personal onboarding session; simplify the upgrade flow for this account.,2026-07-18
ACC-105366,"Chapman, Oconnell and Hogan",Government,AM-018,25561.02,43,40,Device Browse/Compare,0.394,False,Contract type: Month-to-Month (decreasing risk),High upgrade funnel abandonment (increasing risk),Auto-renewal not enabled (increasing risk),Contract & Account Health,Proactively reach out ahead of renewal; confirm auto-renewal status; review disconnected lines.,2026-07-18
ACC-100260,Wolf-Harris,Healthcare,AM-001,25865.75,46,45,Support Handoff,0.394,False,Low self-service task completion rate (increasing risk),Auto-renewal not enabled (increasing risk),Contract type: Month-to-Month (decreasing risk),Digital Engagement,Send a guided platform walkthrough or personal onboarding session; simplify the upgrade flow for this account.,2026-07-18
ACC-102592,Romero Ltd,Small Business / Retail,AM-023,28249.61,44,44,Device Browse/Compare,0.394,False,Severe drop-off at a specific self-service step (experience gap) (increasing risk),Contract type: Month-to-Month (decreasing risk),Auto-renewal not enabled (increasing risk),Digital Engagement,Send a guided platform walkthrough or personal onboarding session; simplify the upgrade flow for this account.,2026-07-18
ACC-103669,"Wright, Thomas and Jensen",Logistics,AM-002,13176.46,55,52,Checkout / Payment,0.394,False,Low self-service task completion rate (increasing risk),History of late invoice payments (decreasing risk),High upgrade funnel abandonment (decreasing risk),Digital Engagement,Send a guided platform walkthrough or personal onboarding session; simplify the upgrade flow for this account.,2026-07-18
ACC-105866,"Summers, Wheeler and Fernandez",Manufacturing,AM-013,21857.83,47,45,Plan & Feature Selection,0.393,False,Severe drop-off at a specific self-service step (experience gap) (decreasing risk),Low self-service task completion rate (increasing risk),Low customer satisfaction (CSAT) (increasing risk),Digital Engagement,Send a guided platform walkthrough or personal onboarding session; simplify the upgrade flow for this account.,2026-07-18
ACC-102462,Scott-Wilson,Healthcare,AM-002,19625.29,36,35,Checkout / Payment,0.392,False,Auto-renewal not enabled (increasing risk),Large number of managed lines (CTNs) (decreasing risk),Low device upgrade activity (decreasing risk),Contract & Account Health,Proactively reach out ahead of renewal; confirm auto-renewal status; review disconnected lines.,2026-07-18
ACC-105234,Hendrix PLC,Government,AM-009,18754.15,39,37,Device Browse/Compare,0.392,False,History of late invoice payments (increasing risk),High monthly spend (increasing risk),High upgrade funnel abandonment (increasing risk),Billing & Payments,Offer autopay enrollment incentive; review invoice accuracy; flag account to billing support.,2026-07-18
ACC-105728,"Clark, Nichols and Ward",Logistics,AM-016,22028.61,46,45,Device Browse/Compare,0.392,False,Auto-renewal not enabled (increasing risk),Contract type: Month-to-Month (decreasing risk),Low self-service task completion rate (increasing risk),Contract & Account Health,Proactively reach out ahead of renewal; confirm auto-renewal status; review disconnected lines.,2026-07-18
ACC-104556,"Owens, Molina and Hensley",Energy & Utilities,AM-010,26001.97,46,44,Support Handoff,0.392,True,Auto-renewal not enabled (increasing risk),High upgrade funnel abandonment (increasing risk),High annual revenue account (increasing risk),Contract & Account Health,Proactively reach out ahead of renewal; confirm auto-renewal status; review disconnected lines.,2026-07-18
ACC-105107,Kaiser LLC,Healthcare,AM-007,32074.73,44,44,Device Browse/Compare,0.391,True,High upgrade funnel abandonment (decreasing risk),Contract type: Month-to-Month (increasing risk),Auto-renewal not enabled (increasing risk),Digital Engagement,Send a guided platform walkthrough or personal onboarding session; simplify the upgrade flow for this account.,2026-07-18
ACC-105322,Cline and Sons,Banking & Financial Services,AM-017,18643.86,36,35,Plan & Feature Selection,0.389,True,Recent support escalations (increasing risk),History of late invoice payments (decreasing risk),Low self-service task completion rate (increasing risk),Support & Service,Escalate to a senior account rep for a service recovery call; audit recent ticket resolution quality.,2026-07-18
ACC-103583,"Sharp, Ramirez and Mejia",Healthcare,AM-023,22518.54,46,42,Checkout / Payment,0.389,False,Low self-service task completion rate (increasing risk),Contract type: Month-to-Month (increasing risk),High upgrade funnel abandonment (decreasing risk),Digital Engagement,Send a guided platform walkthrough or personal onboarding session; simplify the upgrade flow for this account.,2026-07-18
ACC-100280,Garner-Thornton,Logistics,AM-014,21161.93,44,44,Plan & Feature Selection,0.387,False,Contract type: Month-to-Month (increasing risk),Severe drop-off at a specific self-service step (experience gap) (decreasing risk),Auto-renewal not enabled (increasing risk),Contract & Account Health,Proactively reach out ahead of renewal; confirm auto-renewal status; review disconnected lines.,2026-07-18
ACC-103866,"Wood, Carter and Stewart",Logistics,AM-002,28057.82,51,51,Checkout / Payment,0.387,True,High upgrade funnel abandonment (decreasing risk),History of late invoice payments (increasing risk),Contract type: Month-to-Month (decreasing risk),Digital Engagement,Send a guided platform walkthrough or personal onboarding session; simplify the upgrade flow for this account.,2026-07-18
ACC-100074,Novak PLC,Pharmaceuticals,AM-013,28438.39,49,46,Checkout / Payment,0.386,False,Severe drop-off at a specific self-service step (experience gap) (increasing risk),High upgrade funnel abandonment (increasing risk),Industry segment: Pharmaceuticals (decreasing risk),Digital Engagement,Send a guided platform walkthrough or personal onboarding session; simplify the upgrade flow for this account.,2026-07-18
ACC-101733,"Brown, Meyer and Cunningham",Education,AM-004,26498.45,49,49,Checkout / Payment,0.385,False,Severe drop-off at a specific self-service step (experience gap) (increasing risk),High upgrade funnel abandonment (increasing risk),Contract type: Month-to-Month (decreasing risk),Digital Engagement,Send a guided platform walkthrough or personal onboarding session; simplify the upgrade flow for this account.,2026-07-18
ACC-104530,Conrad-Clay,Logistics,AM-013,23648.1,44,42,Device Browse/Compare,0.385,True,Low self-service task completion rate (increasing risk),Low customer satisfaction (CSAT) (increasing risk),"Low feature adoption (mobile share, family plan, etc.) (decreasing risk)",Digital Engagement,Send a guided platform walkthrough or personal onboarding session; simplify the upgrade flow for this account.,2026-07-18
ACC-100046,Anderson Group,Healthcare,AM-015,25918.99,42,41,Plan & Feature Selection,0.385,True,High support ticket volume (90d) (increasing risk),Contract type: Month-to-Month (decreasing risk),High annual revenue account (increasing risk),Support & Service,Escalate to a senior account rep for a service recovery call; audit recent ticket resolution quality.,2026-07-18
ACC-102597,Jacobson Group,Energy & Utilities,AM-015,15986.7,36,35,Login / Authentication,0.384,True,Severe drop-off at a specific self-service step (experience gap) (increasing risk),Low self-service task completion rate (increasing risk),High upgrade funnel abandonment (increasing risk),Digital Engagement,Send a guided platform walkthrough or personal onboarding session; simplify the upgrade flow for this account.,2026-07-18
ACC-104268,Williams Group,Pharmaceuticals,AM-016,30378.46,47,46,Support Handoff,0.383,False,Contract type: Month-to-Month (increasing risk),Severe drop-off at a specific self-service step (experience gap) (decreasing risk),Industry segment: Pharmaceuticals (decreasing risk),Contract & Account Health,Proactively reach out ahead of renewal; confirm auto-renewal status; review disconnected lines.,2026-07-18
ACC-104560,Rosales PLC,Education,AM-002,27517.3,49,48,Support Handoff,0.381,False,Low self-service task completion rate (decreasing risk),Contract type: Month-to-Month (increasing risk),Low customer satisfaction (CSAT) (decreasing risk),Digital Engagement,Send a guided platform walkthrough or personal onboarding session; simplify the upgrade flow for this account.,2026-07-18
ACC-104031,Ferguson Inc,Logistics,AM-009,21895.77,47,46,Plan & Feature Selection,0.381,False,Rising line disconnects (90d) (increasing risk),Contract type: Month-to-Month (increasing risk),Approaching contract renewal window (decreasing risk),Contract & Account Health,Proactively reach out ahead of renewal; confirm auto-renewal status; review disconnected lines.,2026-07-18
ACC-103826,"Miller, Smith and Vaughan",Technology,AM-015,25401.46,45,42,Device Browse/Compare,0.38,False,High upgrade funnel abandonment (decreasing risk),Contract type: Month-to-Month (increasing risk),Short account tenure (increasing risk),Digital Engagement,Send a guided platform walkthrough or personal onboarding session; simplify the upgrade flow for this account.,2026-07-18
ACC-102652,Fox PLC,Energy & Utilities,AM-018,27174.09,47,47,Support Handoff,0.38,True,Recent support escalations (increasing risk),Contract type: Month-to-Month (increasing risk),Low self-service task completion rate (decreasing risk),Support & Service,Escalate to a senior account rep for a service recovery call; audit recent ticket resolution quality.,2026-07-18
ACC-105271,"Ho, Wilson and Mendoza",Small Business / Retail,AM-016,18315.32,48,45,Login / Authentication,0.379,False,History of late invoice payments (increasing risk),Rising line disconnects (90d) (decreasing risk),Auto-renewal not enabled (increasing risk),Billing & Payments,Offer autopay enrollment incentive; review invoice accuracy; flag account to billing support.,2026-07-18
ACC-100101,"Patterson, Smith and Jones",Hospitality,AM-014,28352.96,48,47,Order Confirmation,0.379,False,Contract type: Month-to-Month (increasing risk),Low customer satisfaction (CSAT) (decreasing risk),High upgrade funnel abandonment (increasing risk),Contract & Account Health,Proactively reach out ahead of renewal; confirm auto-renewal status; review disconnected lines.,2026-07-18
ACC-101528,Moore-Chandler,Manufacturing,AM-009,19975.65,41,41,Support Handoff,0.379,False,High upgrade funnel abandonment (increasing risk),Auto-renewal not enabled (increasing risk),Contract type: Month-to-Month (decreasing risk),Digital Engagement,Send a guided platform walkthrough or personal onboarding session; simplify the upgrade flow for this account.,2026-07-18
ACC-105729,Alvarez PLC,Healthcare,AM-007,44161.99,56,53,Plan & Feature Selection,0.379,False,Severe drop-off at a specific self-service step (experience gap) (increasing risk),Contract type: Month-to-Month (increasing risk),Approaching contract renewal window (decreasing risk),Digital Engagement,Send a guided platform walkthrough or personal onboarding session; simplify the upgrade flow for this account.,2026-07-18
ACC-101148,Powell-Sanford,Government,AM-017,15926.99,35,33,Add to Cart,0.379,False,Severe drop-off at a specific self-service step (experience gap) (increasing risk),High upgrade funnel abandonment (increasing risk),Low self-service task completion rate (increasing risk),Digital Engagement,Send a guided platform walkthrough or personal onboarding session; simplify the upgrade flow for this account.,2026-07-18
ACC-100637,Morales Inc,Logistics,AM-025,43541.83,55,55,Add to Cart,0.378,False,Rising line disconnects (90d) (increasing risk),Severe drop-off at a specific self-service step (experience gap) (increasing risk),Large number of managed lines (CTNs) (increasing risk),Contract & Account Health,Proactively reach out ahead of renewal; confirm auto-renewal status; review disconnected lines.,2026-07-18
ACC-101785,"Reynolds, Baird and Bradley",Healthcare,AM-011,24347.14,43,43,Add to Cart,0.378,False,Severe drop-off at a specific self-service step (experience gap) (increasing risk),High upgrade funnel abandonment (increasing risk),Contract type: Month-to-Month (decreasing risk),Digital Engagement,Send a guided platform walkthrough or personal onboarding session; simplify the upgrade flow for this account.,2026-07-18
ACC-101166,Wallace-Martinez,Pharmaceuticals,AM-002,29663.23,48,45,Support Handoff,0.378,False,Approaching contract renewal window (increasing risk),History of late invoice payments (decreasing risk),Low self-service task completion rate (decreasing risk),Contract & Account Health,Proactively reach out ahead of renewal; confirm auto-renewal status; review disconnected lines.,2026-07-18
ACC-105158,"Pierce, Graham and Rodriguez",Healthcare,AM-013,15321.84,35,34,Plan & Feature Selection,0.377,False,Low self-service task completion rate (increasing risk),Contract type: Month-to-Month (increasing risk),Large number of managed lines (CTNs) (decreasing risk),Digital Engagement,Send a guided platform walkthrough or personal onboarding session; simplify the upgrade flow for this account.,2026-07-18
ACC-102784,"Wu, Key and Montoya",Pharmaceuticals,AM-019,24686.31,43,40,Device Browse/Compare,0.377,True,Low self-service task completion rate (increasing risk),Severe drop-off at a specific self-service step (experience gap) (increasing risk),Industry segment: Pharmaceuticals (decreasing risk),Digital Engagement,Send a guided platform walkthrough or personal onboarding session; simplify the upgrade flow for this account.,2026-07-18
ACC-105320,Sutton Ltd,Technology,AM-001,31963.49,49,48,Plan & Feature Selection,0.377,False,Low customer satisfaction (CSAT) (increasing risk),Contract type: Month-to-Month (increasing risk),Severe drop-off at a specific self-service step (experience gap) (decreasing risk),Support & Service,Escalate to a senior account rep for a service recovery call; audit recent ticket resolution quality.,2026-07-18
ACC-103275,"Murphy, Reyes and Ray",Small Business / Retail,AM-021,29623.13,37,35,Checkout / Payment,0.376,True,Low self-service task completion rate (increasing risk),Large number of managed lines (CTNs) (decreasing risk),Auto-renewal not enabled (increasing risk),Digital Engagement,Send a guided platform walkthrough or personal onboarding session; simplify the upgrade flow for this account.,2026-07-18
ACC-104660,"Tran, Harris and Ford",Small Business / Retail,AM-002,26612.72,61,61,Support Handoff,0.376,True,Low self-service task completion rate (decreasing risk),Contract type: Month-to-Month (increasing risk),High upgrade funnel abandonment (increasing risk),Digital Engagement,Send a guided platform walkthrough or personal onboarding session; simplify the upgrade flow for this account.,2026-07-18
ACC-103216,Hall-Mckinney,Logistics,AM-006,20109.08,37,34,Order Confirmation,0.376,False,Contract type: Month-to-Month (increasing risk),Large number of managed lines (CTNs) (decreasing risk),History of late invoice payments (decreasing risk),Contract & Account Health,Proactively reach out ahead of renewal; confirm auto-renewal status; review disconnected lines.,2026-07-18
ACC-102905,Rice Ltd,Education,AM-016,29773.1,54,52,Login / Authentication,0.375,False,Contract type: Month-to-Month (increasing risk),Auto-renewal not enabled (increasing risk),Low self-service task completion rate (decreasing risk),Contract & Account Health,Proactively reach out ahead of renewal; confirm auto-renewal status; review disconnected lines.,2026-07-18
ACC-100189,"Burke, Martinez and Riggs",Healthcare,AM-011,31308.03,63,62,Device Browse/Compare,0.375,True,Low self-service task completion rate (increasing risk),Contract type: Month-to-Month (increasing risk),History of late invoice payments (decreasing risk),Digital Engagement,Send a guided platform walkthrough or personal onboarding session; simplify the upgrade flow for this account.,2026-07-18
ACC-101354,Shaw and Sons,Logistics,AM-019,34872.86,49,45,Checkout / Payment,0.374,False,Low self-service task completion rate (decreasing risk),High upgrade funnel abandonment (increasing risk),Contract type: Month-to-Month (increasing risk),Digital Engagement,Send a guided platform walkthrough or personal onboarding session; simplify the upgrade flow for this account.,2026-07-18
ACC-105349,Williams-Moyer,Manufacturing,AM-021,20942.04,38,37,Order Confirmation,0.374,False,Contract type: Month-to-Month (increasing risk),History of late invoice payments (increasing risk),Severe drop-off at a specific self-service step (experience gap) (increasing risk),Contract & Account Health,Proactively reach out ahead of renewal; confirm auto-renewal status; review disconnected lines.,2026-07-18
ACC-104578,"Jones, King and Tapia",Banking & Financial Services,AM-007,29357.07,47,45,Plan & Feature Selection,0.374,False,Severe drop-off at a specific self-service step (experience gap) (increasing risk),Contract type: Month-to-Month (decreasing risk),Short account tenure (decreasing risk),Digital Engagement,Send a guided platform walkthrough or personal onboarding session; simplify the upgrade flow for this account.,2026-07-18
ACC-103558,"Rosario, Ortiz and Miller",Energy & Utilities,AM-020,40540.64,54,52,Plan & Feature Selection,0.373,False,Approaching contract renewal window (decreasing risk),Auto-renewal not enabled (increasing risk),High upgrade funnel abandonment (increasing risk),Contract & Account Health,Proactively reach out ahead of renewal; confirm auto-renewal status; review disconnected lines.,2026-07-18
ACC-103801,Hughes LLC,Small Business / Retail,AM-012,18985.32,37,35,Checkout / Payment,0.372,True,Low customer satisfaction (CSAT) (increasing risk),Short account tenure (increasing risk),Contract type: Month-to-Month (increasing risk),Support & Service,Escalate to a senior account rep for a service recovery call; audit recent ticket resolution quality.,2026-07-18
ACC-105283,"Curtis, Giles and Jones",Manufacturing,AM-002,20316.32,43,42,Login / Authentication,0.372,True,Auto-renewal not enabled (increasing risk),Contract type: Month-to-Month (increasing risk),High upgrade funnel abandonment (increasing risk),Contract & Account Health,Proactively reach out ahead of renewal; confirm auto-renewal status; review disconnected lines.,2026-07-18
ACC-103317,Bell-Wilson,Small Business / Retail,AM-014,28014.23,55,55,Login / Authentication,0.372,False,Auto-renewal not enabled (increasing risk),Contract type: Month-to-Month (decreasing risk),High upgrade funnel abandonment (increasing risk),Contract & Account Health,Proactively reach out ahead of renewal; confirm auto-renewal status; review disconnected lines.,2026-07-18
ACC-104194,Rubio and Sons,Energy & Utilities,AM-019,29331.09,39,37,Device Browse/Compare,0.371,False,Low self-service task completion rate (increasing risk),Low customer satisfaction (CSAT) (increasing risk),Contract type: Month-to-Month (increasing risk),Digital Engagement,Send a guided platform walkthrough or personal onboarding session; simplify the upgrade flow for this account.,2026-07-18
ACC-101867,Decker Inc,Pharmaceuticals,AM-018,23536.69,42,41,Plan & Feature Selection,0.371,True,Low self-service task completion rate (decreasing risk),High support ticket volume (90d) (increasing risk),Industry segment: Pharmaceuticals (decreasing risk),Digital Engagement,Send a guided platform walkthrough or personal onboarding session; simplify the upgrade flow for this account.,2026-07-18
ACC-105552,Ford Group,Hospitality,AM-005,42191.61,57,57,Device Browse/Compare,0.371,False,Auto-renewal not enabled (increasing risk),Contract type: Month-to-Month (decreasing risk),Approaching contract renewal window (increasing risk),Contract & Account Health,Proactively reach out ahead of renewal; confirm auto-renewal status; review disconnected lines.,2026-07-18
ACC-102499,"Johnson, Collier and Powers",Government,AM-004,31923.29,51,50,Add to Cart,0.37,True,Low self-service task completion rate (increasing risk),Contract type: Month-to-Month (decreasing risk),Recent support escalations (increasing risk),Digital Engagement,Send a guided platform walkthrough or personal onboarding session; simplify the upgrade flow for this account.,2026-07-18
ACC-105459,Dennis Inc,Pharmaceuticals,AM-008,26402.07,47,46,Login / Authentication,0.369,False,High upgrade funnel abandonment (increasing risk),Severe drop-off at a specific self-service step (experience gap) (increasing risk),Industry segment: Pharmaceuticals (decreasing risk),Digital Engagement,Send a guided platform walkthrough or personal onboarding session; simplify the upgrade flow for this account.,2026-07-18
ACC-104590,Wells PLC,Hospitality,AM-008,27089.73,44,43,Device Browse/Compare,0.369,False,Contract type: Month-to-Month (increasing risk),Low self-service task completion rate (decreasing risk),History of late invoice payments (increasing risk),Contract & Account Health,Proactively reach out ahead of renewal; confirm auto-renewal status; review disconnected lines.,2026-07-18
ACC-101986,Cruz Ltd,Energy & Utilities,AM-019,24724.74,49,49,Add to Cart,0.367,False,Contract type: Month-to-Month (increasing risk),Low customer satisfaction (CSAT) (increasing risk),Auto-renewal not enabled (increasing risk),Contract & Account Health,Proactively reach out ahead of renewal; confirm auto-renewal status; review disconnected lines.,2026-07-18
ACC-104887,"Marshall, Martinez and Contreras",Healthcare,AM-015,23162.31,44,43,Device Browse/Compare,0.367,False,Auto-renewal not enabled (increasing risk),Low customer satisfaction (CSAT) (decreasing risk),Contract type: Month-to-Month (increasing risk),Contract & Account Health,Proactively reach out ahead of renewal; confirm auto-renewal status; review disconnected lines.,2026-07-18
ACC-103516,"Green, Horne and Mcdonald",Energy & Utilities,AM-016,36143.87,47,45,Add to Cart,0.367,False,History of late invoice payments (increasing risk),Contract type: Month-to-Month (increasing risk),Severe drop-off at a specific self-service step (experience gap) (decreasing risk),Billing & Payments,Offer autopay enrollment incentive; review invoice accuracy; flag account to billing support.,2026-07-18
ACC-100316,"Diaz, Anderson and Browning",Education,AM-009,28577.8,40,40,Checkout / Payment,0.366,False,Slow support resolution times (increasing risk),Contract type: Month-to-Month (decreasing risk),High upgrade funnel abandonment (increasing risk),Support & Service,Escalate to a senior account rep for a service recovery call; audit recent ticket resolution quality.,2026-07-18
ACC-105749,Lucero PLC,Energy & Utilities,AM-004,20940.82,42,42,Plan & Feature Selection,0.366,False,High upgrade funnel abandonment (increasing risk),Contract type: Month-to-Month (decreasing risk),Severe drop-off at a specific self-service step (experience gap) (increasing risk),Digital Engagement,Send a guided platform walkthrough or personal onboarding session; simplify the upgrade flow for this account.,2026-07-18
ACC-104690,Mcclain and Sons,Logistics,AM-018,19515.02,39,38,Checkout / Payment,0.365,False,Severe drop-off at a specific self-service step (experience gap) (increasing risk),Auto-renewal not enabled (increasing risk),Contract type: Month-to-Month (decreasing risk),Digital Engagement,Send a guided platform walkthrough or personal onboarding session; simplify the upgrade flow for this account.,2026-07-18
ACC-103200,"Shaffer, Contreras and Christian",Pharmaceuticals,AM-006,30587.23,44,39,Login / Authentication,0.364,True,History of late invoice payments (increasing risk),Industry segment: Pharmaceuticals (decreasing risk),Auto-renewal not enabled (increasing risk),Billing & Payments,Offer autopay enrollment incentive; review invoice accuracy; flag account to billing support.,2026-07-18
ACC-102204,"Mason, Martinez and Beck",Education,AM-016,15735.43,41,40,Add to Cart,0.364,False,High upgrade funnel abandonment (increasing risk),Contract type: Month-to-Month (decreasing risk),Rising line disconnects (90d) (increasing risk),Digital Engagement,Send a guided platform walkthrough or personal onboarding session; simplify the upgrade flow for this account.,2026-07-18
ACC-101796,"Carter, Gilbert and West",Education,AM-025,18996.7,40,38,Order Confirmation,0.364,True,Low self-service task completion rate (increasing risk),Severe drop-off at a specific self-service step (experience gap) (decreasing risk),Contract type: Month-to-Month (increasing risk),Digital Engagement,Send a guided platform walkthrough or personal onboarding session; simplify the upgrade flow for this account.,2026-07-18
ACC-102217,"Johnson, Stevenson and Lindsey",Logistics,AM-017,28245.18,45,44,Checkout / Payment,0.363,False,Severe drop-off at a specific self-service step (experience gap) (increasing risk),Contract type: Month-to-Month (increasing risk),High upgrade funnel abandonment (decreasing risk),Digital Engagement,Send a guided platform walkthrough or personal onboarding session; simplify the upgrade flow for this account.,2026-07-18
ACC-105804,"Arnold, Ramirez and Franklin",Government,AM-009,31737.67,43,43,Support Handoff,0.362,True,Severe drop-off at a specific self-service step (experience gap) (increasing risk),High support ticket volume (90d) (increasing risk),Low self-service task completion rate (decreasing risk),Digital Engagement,Send a guided platform walkthrough or personal onboarding session; simplify the upgrade flow for this account.,2026-07-18
ACC-101207,Walton LLC,Government,AM-018,25409.24,44,41,Device Browse/Compare,0.362,False,Contract type: Month-to-Month (increasing risk),Approaching contract renewal window (decreasing risk),Severe drop-off at a specific self-service step (experience gap) (decreasing risk),Contract & Account Health,Proactively reach out ahead of renewal; confirm auto-renewal status; review disconnected lines.,2026-07-18
ACC-105430,Wolf-Lozano,Logistics,AM-020,30369.0,52,50,Plan & Feature Selection,0.362,False,Auto-renewal not enabled (increasing risk),Contract type: Month-to-Month (decreasing risk),High upgrade funnel abandonment (decreasing risk),Contract & Account Health,Proactively reach out ahead of renewal; confirm auto-renewal status; review disconnected lines.,2026-07-18
ACC-105455,Ray Group,Education,AM-014,23944.21,43,43,Plan & Feature Selection,0.362,False,Severe drop-off at a specific self-service step (experience gap) (increasing risk),High upgrade funnel abandonment (decreasing risk),Auto-renewal not enabled (increasing risk),Digital Engagement,Send a guided platform walkthrough or personal onboarding session; simplify the upgrade flow for this account.,2026-07-18
ACC-104503,Lewis-Herrera,Education,AM-016,18116.33,41,39,Support Handoff,0.361,False,Severe drop-off at a specific self-service step (experience gap) (increasing risk),High upgrade funnel abandonment (decreasing risk),Auto-renewal not enabled (increasing risk),Digital Engagement,Send a guided platform walkthrough or personal onboarding session; simplify the upgrade flow for this account.,2026-07-18
ACC-104803,Reilly-Sanders,Government,AM-005,29133.8,48,47,Support Handoff,0.36,False,Contract type: Month-to-Month (decreasing risk),Auto-renewal not enabled (increasing risk),High upgrade funnel abandonment (decreasing risk),Contract & Account Health,Proactively reach out ahead of renewal; confirm auto-renewal status; review disconnected lines.,2026-07-18
ACC-102374,"Adams, Hernandez and Vaughn",Energy & Utilities,AM-018,23520.94,40,37,Checkout / Payment,0.36,False,History of late invoice payments (increasing risk),Approaching contract renewal window (decreasing risk),Auto-renewal not enabled (increasing risk),Billing & Payments,Offer autopay enrollment incentive; review invoice accuracy; flag account to billing support.,2026-07-18
ACC-103353,Sheppard Ltd,Pharmaceuticals,AM-019,30874.74,47,47,Support Handoff,0.359,True,Low self-service task completion rate (increasing risk),Repeated late payments (12mo) (increasing risk),Industry segment: Pharmaceuticals (decreasing risk),Digital Engagement,Send a guided platform walkthrough or personal onboarding session; simplify the upgrade flow for this account.,2026-07-18
ACC-105148,Stone Inc,Hospitality,AM-013,15142.95,29,28,Checkout / Payment,0.359,True,Low self-service task completion rate (increasing risk),Low customer satisfaction (CSAT) (decreasing risk),Approaching contract renewal window (decreasing risk),Digital Engagement,Send a guided platform walkthrough or personal onboarding session; simplify the upgrade flow for this account.,2026-07-18
ACC-104881,"Martin, Davis and Huynh",Government,AM-018,26541.48,55,50,Order Confirmation,0.359,False,Severe drop-off at a specific self-service step (experience gap) (increasing risk),Auto-renewal not enabled (increasing risk),Low self-service task completion rate (decreasing risk),Digital Engagement,Send a guided platform walkthrough or personal onboarding session; simplify the upgrade flow for this account.,2026-07-18
ACC-105116,Allen Inc,Technology,AM-004,25399.18,49,49,Checkout / Payment,0.358,False,History of late invoice payments (increasing risk),Contract type: Month-to-Month (decreasing risk),Auto-renewal not enabled (increasing risk),Billing & Payments,Offer autopay enrollment incentive; review invoice accuracy; flag account to billing support.,2026-07-18
ACC-103008,Hart-Myers,Education,AM-022,31919.6,58,55,Add to Cart,0.357,False,Low self-service task completion rate (increasing risk),Contract type: Month-to-Month (decreasing risk),Auto-renewal not enabled (decreasing risk),Digital Engagement,Send a guided platform walkthrough or personal onboarding session; simplify the upgrade flow for this account.,2026-07-18
ACC-101788,Wilson-Carlson,Healthcare,AM-008,31441.76,45,45,Checkout / Payment,0.357,False,Contract type: Month-to-Month (decreasing risk),High upgrade funnel abandonment (increasing risk),Auto-renewal not enabled (decreasing risk),Contract & Account Health,Proactively reach out ahead of renewal; confirm auto-renewal status; review disconnected lines.,2026-07-18
ACC-103777,Alvarez-Rogers,Logistics,AM-022,21254.17,47,47,Checkout / Payment,0.356,False,High upgrade funnel abandonment (decreasing risk),Contract type: Month-to-Month (increasing risk),Auto-renewal not enabled (increasing risk),Digital Engagement,Send a guided platform walkthrough or personal onboarding session; simplify the upgrade flow for this account.,2026-07-18
ACC-101240,"Tanner, Hunt and Cameron",Technology,AM-004,23842.87,50,50,Device Browse/Compare,0.355,True,Contract type: Month-to-Month (increasing risk),High upgrade funnel abandonment (decreasing risk),History of late invoice payments (increasing risk),Contract & Account Health,Proactively reach out ahead of renewal; confirm auto-renewal status; review disconnected lines.,2026-07-18
ACC-105867,Barrera-Nguyen,Banking & Financial Services,AM-012,25851.6,50,48,Add to Cart,0.355,False,Low self-service task completion rate (increasing risk),Rising line disconnects (90d) (increasing risk),Contract type: Month-to-Month (increasing risk),Digital Engagement,Send a guided platform walkthrough or personal onboarding session; simplify the upgrade flow for this account.,2026-07-18
ACC-105275,Duran-Bennett,Education,AM-004,26675.64,45,45,Checkout / Payment,0.354,False,Severe drop-off at a specific self-service step (experience gap) (decreasing risk),High upgrade funnel abandonment (increasing risk),Contract type: Month-to-Month (increasing risk),Digital Engagement,Send a guided platform walkthrough or personal onboarding session; simplify the upgrade flow for this account.,2026-07-18
ACC-102907,Jackson Group,Manufacturing,AM-023,22254.23,48,47,Checkout / Payment,0.354,False,High upgrade funnel abandonment (increasing risk),Contract type: Month-to-Month (decreasing risk),Severe drop-off at a specific self-service step (experience gap) (increasing risk),Digital Engagement,Send a guided platform walkthrough or personal onboarding session; simplify the upgrade flow for this account.,2026-07-18
ACC-101609,Cohen-Johnston,Healthcare,AM-014,21266.53,43,41,Plan & Feature Selection,0.353,False,Severe drop-off at a specific self-service step (experience gap) (increasing risk),Low self-service task completion rate (decreasing risk),Contract type: Month-to-Month (increasing risk),Digital Engagement,Send a guided platform walkthrough or personal onboarding session; simplify the upgrade flow for this account.,2026-07-18
ACC-102075,Stephens LLC,Small Business / Retail,AM-003,17624.3,37,36,Plan & Feature Selection,0.353,False,Approaching contract renewal window (increasing risk),Low customer satisfaction (CSAT) (increasing risk),High upgrade funnel abandonment (decreasing risk),Contract & Account Health,Proactively reach out ahead of renewal; confirm auto-renewal status; review disconnected lines.,2026-07-18
ACC-105833,Manning and Sons,Pharmaceuticals,AM-012,32972.18,53,51,Plan & Feature Selection,0.352,False,High upgrade funnel abandonment (increasing risk),Industry segment: Pharmaceuticals (decreasing risk),Contract type: Month-to-Month (decreasing risk),Digital Engagement,Send a guided platform walkthrough or personal onboarding session; simplify the upgrade flow for this account.,2026-07-18
ACC-101722,Mclaughlin and Sons,Healthcare,AM-001,20013.95,43,41,Checkout / Payment,0.352,False,History of late invoice payments (increasing risk),Slow support resolution times (decreasing risk),Contract type: Month-to-Month (increasing risk),Billing & Payments,Offer autopay enrollment incentive; review invoice accuracy; flag account to billing support.,2026-07-18
ACC-100505,Morrison-Short,Technology,AM-021,24423.62,41,41,Checkout / Payment,0.352,True,Auto-renewal not enabled (increasing risk),Contract type: Month-to-Month (decreasing risk),High upgrade funnel abandonment (increasing risk),Contract & Account Health,Proactively reach out ahead of renewal; confirm auto-renewal status; review disconnected lines.,2026-07-18
ACC-101773,Callahan PLC,Energy & Utilities,AM-004,18886.56,34,34,Support Handoff,0.351,False,Auto-renewal not enabled (increasing risk),Contract type: Month-to-Month (increasing risk),History of late invoice payments (decreasing risk),Contract & Account Health,Proactively reach out ahead of renewal; confirm auto-renewal status; review disconnected lines.,2026-07-18
ACC-101433,Perez and Sons,Energy & Utilities,AM-017,42855.47,55,54,Checkout / Payment,0.351,False,Contract type: Month-to-Month (increasing risk),Low self-service task completion rate (increasing risk),Auto-renewal not enabled (increasing risk),Contract & Account Health,Proactively reach out ahead of renewal; confirm auto-renewal status; review disconnected lines.,2026-07-18
ACC-103018,Smith LLC,Pharmaceuticals,AM-005,26184.27,48,47,Device Browse/Compare,0.351,True,Low self-service task completion rate (decreasing risk),High support ticket volume (90d) (increasing risk),Contract type: Month-to-Month (increasing risk),Digital Engagement,Send a guided platform walkthrough or personal onboarding session; simplify the upgrade flow for this account.,2026-07-18
ACC-101274,"Robinson, White and Jones",Hospitality,AM-011,21859.42,54,54,Login / Authentication,0.35,False,Contract type: Month-to-Month (increasing risk),Low customer satisfaction (CSAT) (increasing risk),Repeated late payments (12mo) (increasing risk),Contract & Account Health,Proactively reach out ahead of renewal; confirm auto-renewal status; review disconnected lines.,2026-07-18
ACC-102281,Carney Group,Manufacturing,AM-007,29798.96,56,56,Login / Authentication,0.35,False,Low self-service task completion rate (increasing risk),Contract type: Month-to-Month (decreasing risk),Short account tenure (increasing risk),Digital Engagement,Send a guided platform walkthrough or personal onboarding session; simplify the upgrade flow for this account.,2026-07-18
ACC-100657,Chavez PLC,Logistics,AM-010,13459.71,43,42,Device Browse/Compare,0.35,False,History of late invoice payments (increasing risk),Approaching contract renewal window (increasing risk),High monthly spend (increasing risk),Billing & Payments,Offer autopay enrollment incentive; review invoice accuracy; flag account to billing support.,2026-07-18
ACC-104739,"Barber, Oneal and Owens",Hospitality,AM-009,35668.8,49,46,Support Handoff,0.35,False,High upgrade funnel abandonment (increasing risk),Contract type: Month-to-Month (increasing risk),Low customer satisfaction (CSAT) (decreasing risk),Digital Engagement,Send a guided platform walkthrough or personal onboarding session; simplify the upgrade flow for this account.,2026-07-18
ACC-104215,"Gutierrez, Martin and Lee",Logistics,AM-020,19530.9,38,36,Checkout / Payment,0.35,False,Contract type: Month-to-Month (increasing risk),Low customer satisfaction (CSAT) (decreasing risk),"Low feature adoption (mobile share, family plan, etc.) (increasing risk)",Contract & Account Health,Proactively reach out ahead of renewal; confirm auto-renewal status; review disconnected lines.,2026-07-18
ACC-105457,Davis-Ponce,Technology,AM-004,28333.16,46,44,Checkout / Payment,0.35,False,Low self-service task completion rate (increasing risk),Repeated late payments (12mo) (increasing risk),Severe drop-off at a specific self-service step (experience gap) (increasing risk),Digital Engagement,Send a guided platform walkthrough or personal onboarding session; simplify the upgrade flow for this account.,2026-07-18
ACC-105396,Cooper-Patel,Healthcare,AM-002,16939.35,35,33,Add to Cart,0.35,True,Auto-renewal not enabled (increasing risk),Large number of managed lines (CTNs) (decreasing risk),High upgrade funnel abandonment (decreasing risk),Contract & Account Health,Proactively reach out ahead of renewal; confirm auto-renewal status; review disconnected lines.,2026-07-18
ACC-104633,"Martin, Sims and Gutierrez",Manufacturing,AM-022,34242.4,55,51,Checkout / Payment,0.35,False,Low customer satisfaction (CSAT) (increasing risk),High upgrade funnel abandonment (decreasing risk),Contract type: Month-to-Month (increasing risk),Support & Service,Escalate to a senior account rep for a service recovery call; audit recent ticket resolution quality.,2026-07-18
ACC-100658,Bryant-Brown,Banking & Financial Services,AM-016,25796.65,48,45,Checkout / Payment,0.349,False,Severe drop-off at a specific self-service step (experience gap) (decreasing risk),High upgrade funnel abandonment (increasing risk),Contract type: Month-to-Month (increasing risk),Digital Engagement,Send a guided platform walkthrough or personal onboarding session; simplify the upgrade flow for this account.,2026-07-18
ACC-101720,"Hall, Roberts and Lee",Pharmaceuticals,AM-018,35970.17,48,48,Checkout / Payment,0.349,False,Auto-renewal not enabled (increasing risk),Short account tenure (increasing risk),Industry segment: Pharmaceuticals (decreasing risk),Contract & Account Health,Proactively reach out ahead of renewal; confirm auto-renewal status; review disconnected lines.,2026-07-18
ACC-100786,Maldonado PLC,Technology,AM-008,30250.04,50,48,Plan & Feature Selection,0.349,False,Low self-service task completion rate (increasing risk),Contract type: Month-to-Month (decreasing risk),High upgrade funnel abandonment (decreasing risk),Digital Engagement,Send a guided platform walkthrough or personal onboarding session; simplify the upgrade flow for this account.,2026-07-18
ACC-101681,White PLC,Logistics,AM-007,39557.65,58,57,Login / Authentication,0.349,False,Low self-service task completion rate (decreasing risk),High upgrade funnel abandonment (increasing risk),Large number of managed lines (CTNs) (increasing risk),Digital Engagement,Send a guided platform walkthrough or personal onboarding session; simplify the upgrade flow for this account.,2026-07-18
ACC-105798,"Richardson, Taylor and Jones",Energy & Utilities,AM-005,32515.61,47,47,Add to Cart,0.348,True,Low self-service task completion rate (increasing risk),Recent support escalations (increasing risk),Contract type: Month-to-Month (increasing risk),Digital Engagement,Send a guided platform walkthrough or personal onboarding session; simplify the upgrade flow for this account.,2026-07-18
ACC-105715,"Brown, Bradford and Lawson",Government,AM-024,39543.44,46,45,Support Handoff,0.348,False,Auto-renewal not enabled (increasing risk),High monthly spend (decreasing risk),High upgrade funnel abandonment (increasing risk),Contract & Account Health,Proactively reach out ahead of renewal; confirm auto-renewal status; review disconnected lines.,2026-07-18
ACC-103119,Park Inc,Small Business / Retail,AM-024,24319.77,45,43,Plan & Feature Selection,0.347,True,High support ticket volume (90d) (increasing risk),Auto-renewal not enabled (increasing risk),Contract type: Month-to-Month (decreasing risk),Support & Service,Escalate to a senior account rep for a service recovery call; audit recent ticket resolution quality.,2026-07-18
ACC-105261,"Wilcox, Garcia and Lee",Education,AM-012,25721.62,48,47,Checkout / Payment,0.343,False,Severe drop-off at a specific self-service step (experience gap) (increasing risk),Low self-service task completion rate (decreasing risk),Approaching contract renewal window (increasing risk),Digital Engagement,Send a guided platform walkthrough or personal onboarding session; simplify the upgrade flow for this account.,2026-07-18
ACC-101931,Smith and Sons,Hospitality,AM-006,17937.61,36,35,Plan & Feature Selection,0.342,False,Large number of managed lines (CTNs) (decreasing risk),Contract type: Month-to-Month (increasing risk),Auto-renewal not enabled (increasing risk),Contract & Account Health,Proactively reach out ahead of renewal; confirm auto-renewal status; review disconnected lines.,2026-07-18
ACC-102084,"Arnold, Avila and Wilson",Government,AM-021,21372.68,48,47,Add to Cart,0.342,False,Contract type: Month-to-Month (increasing risk),Low customer satisfaction (CSAT) (decreasing risk),High upgrade funnel abandonment (increasing risk),Contract & Account Health,Proactively reach out ahead of renewal; confirm auto-renewal status; review disconnected lines.,2026-07-18
ACC-104015,Andrews-Walters,Small Business / Retail,AM-017,25789.94,40,39,Support Handoff,0.342,False,Contract type: Month-to-Month (increasing risk),Large number of managed lines (CTNs) (decreasing risk),High upgrade funnel abandonment (decreasing risk),Contract & Account Health,Proactively reach out ahead of renewal; confirm auto-renewal status; review disconnected lines.,2026-07-18
ACC-105589,Greene Group,Small Business / Retail,AM-004,20710.12,54,54,Device Browse/Compare,0.341,True,Severe drop-off at a specific self-service step (experience gap) (decreasing risk),Recent support escalations (increasing risk),Contract type: Month-to-Month (increasing risk),Digital Engagement,Send a guided platform walkthrough or personal onboarding session; simplify the upgrade flow for this account.,2026-07-18
ACC-100155,Hill Inc,Logistics,AM-018,25752.74,42,40,Checkout / Payment,0.341,False,Auto-renewal not enabled (increasing risk),Contract type: Month-to-Month (decreasing risk),High upgrade funnel abandonment (increasing risk),Contract & Account Health,Proactively reach out ahead of renewal; confirm auto-renewal status; review disconnected lines.,2026-07-18
ACC-103010,Vargas Inc,Manufacturing,AM-010,21376.52,42,41,Checkout / Payment,0.341,True,Low self-service task completion rate (increasing risk),Severe drop-off at a specific self-service step (experience gap) (decreasing risk),Low device upgrade activity (decreasing risk),Digital Engagement,Send a guided platform walkthrough or personal onboarding session; simplify the upgrade flow for this account.,2026-07-18
ACC-105904,Brown Group,Energy & Utilities,AM-004,18012.78,27,24,Add to Cart,0.341,True,Low device-to-line ratio (increasing risk),Contract type: Month-to-Month (decreasing risk),High monthly spend (increasing risk),Contract & Account Health,Proactively reach out ahead of renewal; confirm auto-renewal status; review disconnected lines.,2026-07-18
ACC-100158,Mccarthy Inc,Pharmaceuticals,AM-024,16493.16,37,36,Add to Cart,0.34,False,Low customer satisfaction (CSAT) (increasing risk),Large number of managed lines (CTNs) (decreasing risk),Industry segment: Pharmaceuticals (decreasing risk),Support & Service,Escalate to a senior account rep for a service recovery call; audit recent ticket resolution quality.,2026-07-18
ACC-104362,"Cooper, Morgan and Miller",Pharmaceuticals,AM-022,13749.95,46,44,Checkout / Payment,0.338,False,High upgrade funnel abandonment (increasing risk),Industry segment: Pharmaceuticals (decreasing risk),High monthly spend (increasing risk),Digital Engagement,Send a guided platform walkthrough or personal onboarding session; simplify the upgrade flow for this account.,2026-07-18
ACC-100081,Sandoval-Cunningham,Pharmaceuticals,AM-008,23475.22,39,38,Checkout / Payment,0.338,False,Low self-service task completion rate (increasing risk),Industry segment: Pharmaceuticals (decreasing risk),Auto-renewal not enabled (increasing risk),Digital Engagement,Send a guided platform walkthrough or personal onboarding session; simplify the upgrade flow for this account.,2026-07-18
ACC-104884,Mckay Inc,Hospitality,AM-015,23926.73,42,42,Add to Cart,0.338,True,Contract type: Month-to-Month (decreasing risk),Recent support escalations (increasing risk),High upgrade funnel abandonment (increasing risk),Contract & Account Health,Proactively reach out ahead of renewal; confirm auto-renewal status; review disconnected lines.,2026-07-18
ACC-100404,Graham Group,Energy & Utilities,AM-007,23594.98,38,36,Order Confirmation,0.337,False,Severe drop-off at a specific self-service step (experience gap) (decreasing risk),Contract type: Month-to-Month (increasing risk),Auto-renewal not enabled (increasing risk),Digital Engagement,Send a guided platform walkthrough or personal onboarding session; simplify the upgrade flow for this account.,2026-07-18
ACC-102866,"Lopez, Hess and Smith",Technology,AM-013,24903.41,35,35,Plan & Feature Selection,0.337,False,Severe drop-off at a specific self-service step (experience gap) (increasing risk),Large number of managed lines (CTNs) (decreasing risk),History of late invoice payments (decreasing risk),Digital Engagement,Send a guided platform walkthrough or personal onboarding session; simplify the upgrade flow for this account.,2026-07-18
ACC-103277,"Travis, Buck and Mitchell",Energy & Utilities,AM-019,21815.15,42,40,Support Handoff,0.336,False,History of late invoice payments (increasing risk),Severe drop-off at a specific self-service step (experience gap) (decreasing risk),Low customer satisfaction (CSAT) (decreasing risk),Billing & Payments,Offer autopay enrollment incentive; review invoice accuracy; flag account to billing support.,2026-07-18
ACC-103429,"Bailey, Williamson and Powell",Government,AM-018,16162.87,52,51,Device Browse/Compare,0.336,False,Severe drop-off at a specific self-service step (experience gap) (decreasing risk),High monthly spend (increasing risk),Contract type: Month-to-Month (increasing risk),Digital Engagement,Send a guided platform walkthrough or personal onboarding session; simplify the upgrade flow for this account.,2026-07-18
ACC-102150,"Brown, Baker and Garza",Energy & Utilities,AM-019,14540.18,33,33,Login / Authentication,0.336,False,Severe drop-off at a specific self-service step (experience gap) (increasing risk),High monthly spend (increasing risk),Low self-service task completion rate (decreasing risk),Digital Engagement,Send a guided platform walkthrough or personal onboarding session; simplify the upgrade flow for this account.,2026-07-18
ACC-101949,Washington Inc,Pharmaceuticals,AM-004,23195.15,42,41,Device Browse/Compare,0.335,False,High upgrade funnel abandonment (decreasing risk),Contract type: Month-to-Month (increasing risk),Industry segment: Pharmaceuticals (decreasing risk),Digital Engagement,Send a guided platform walkthrough or personal onboarding session; simplify the upgrade flow for this account.,2026-07-18
ACC-100885,Wheeler PLC,Energy & Utilities,AM-006,27634.15,57,56,Login / Authentication,0.335,False,Auto-renewal not enabled (increasing risk),High upgrade funnel abandonment (increasing risk),Low customer satisfaction (CSAT) (decreasing risk),Contract & Account Health,Proactively reach out ahead of renewal; confirm auto-renewal status; review disconnected lines.,2026-07-18
ACC-104706,Parks PLC,Logistics,AM-017,22103.33,35,32,Add to Cart,0.334,True,Severe drop-off at a specific self-service step (experience gap) (increasing risk),High upgrade funnel abandonment (increasing risk),Large number of managed lines (CTNs) (decreasing risk),Digital Engagement,Send a guided platform walkthrough or personal onboarding session; simplify the upgrade flow for this account.,2026-07-18
ACC-105998,Reyes Ltd,Banking & Financial Services,AM-017,31034.49,44,43,Device Browse/Compare,0.333,True,Low self-service task completion rate (increasing risk),Contract type: Month-to-Month (increasing risk),Rising line disconnects (90d) (decreasing risk),Digital Engagement,Send a guided platform walkthrough or personal onboarding session; simplify the upgrade flow for this account.,2026-07-18
ACC-102022,Mcpherson Ltd,Banking & Financial Services,AM-007,32202.09,48,46,Login / Authentication,0.333,False,Severe drop-off at a specific self-service step (experience gap) (increasing risk),High monthly spend (decreasing risk),"Low feature adoption (mobile share, family plan, etc.) (decreasing risk)",Digital Engagement,Send a guided platform walkthrough or personal onboarding session; simplify the upgrade flow for this account.,2026-07-18
ACC-103452,"Castaneda, Solis and Gonzales",Technology,AM-001,22475.15,40,38,Plan & Feature Selection,0.333,True,Auto-renewal not enabled (increasing risk),High upgrade funnel abandonment (increasing risk),Contract type: Month-to-Month (decreasing risk),Contract & Account Health,Proactively reach out ahead of renewal; confirm auto-renewal status; review disconnected lines.,2026-07-18
ACC-101236,"Andrade, Gordon and Cruz",Hospitality,AM-017,19898.57,43,42,Checkout / Payment,0.332,False,Low self-service task completion rate (increasing risk),Contract type: Month-to-Month (decreasing risk),High upgrade funnel abandonment (decreasing risk),Digital Engagement,Send a guided platform walkthrough or personal onboarding session; simplify the upgrade flow for this account.,2026-07-18
ACC-100732,Adams-Sanders,Logistics,AM-017,26315.39,37,37,Device Browse/Compare,0.332,False,Low self-service task completion rate (increasing risk),Low platform login frequency (increasing risk),Large number of managed lines (CTNs) (decreasing risk),Digital Engagement,Send a guided platform walkthrough or personal onboarding session; simplify the upgrade flow for this account.,2026-07-18
ACC-103978,"Larson, Butler and Barber",Hospitality,AM-009,22274.83,40,39,Device Browse/Compare,0.331,False,Low self-service task completion rate (increasing risk),Contract type: Month-to-Month (decreasing risk),Large number of managed lines (CTNs) (decreasing risk),Digital Engagement,Send a guided platform walkthrough or personal onboarding session; simplify the upgrade flow for this account.,2026-07-18
ACC-102200,Lester Group,Energy & Utilities,AM-003,23723.97,39,37,Checkout / Payment,0.33,True,Low self-service task completion rate (decreasing risk),High support ticket volume (90d) (increasing risk),Contract type: Month-to-Month (increasing risk),Digital Engagement,Send a guided platform walkthrough or personal onboarding session; simplify the upgrade flow for this account.,2026-07-18
ACC-105496,Ramos Ltd,Education,AM-009,30058.46,44,42,Plan & Feature Selection,0.33,False,High upgrade funnel abandonment (decreasing risk),Severe drop-off at a specific self-service step (experience gap) (increasing risk),Low customer satisfaction (CSAT) (increasing risk),Digital Engagement,Send a guided platform walkthrough or personal onboarding session; simplify the upgrade flow for this account.,2026-07-18
ACC-103040,"Michael, Anderson and Carrillo",Technology,AM-006,21401.59,42,41,Checkout / Payment,0.33,False,Contract type: Month-to-Month (increasing risk),"Low feature adoption (mobile share, family plan, etc.) (increasing risk)",High upgrade funnel abandonment (decreasing risk),Contract & Account Health,Proactively reach out ahead of renewal; confirm auto-renewal status; review disconnected lines.,2026-07-18
ACC-100762,Smith LLC,Small Business / Retail,AM-003,26054.58,46,44,Plan & Feature Selection,0.328,False,High upgrade funnel abandonment (decreasing risk),Contract type: Month-to-Month (increasing risk),Low self-service task completion rate (decreasing risk),Digital Engagement,Send a guided platform walkthrough or personal onboarding session; simplify the upgrade flow for this account.,2026-07-18
ACC-100953,Barnes Inc,Pharmaceuticals,AM-016,16907.6,33,32,Order Confirmation,0.327,False,Contract type: Month-to-Month (decreasing risk),Industry segment: Pharmaceuticals (decreasing risk),History of late invoice payments (increasing risk),Contract & Account Health,Proactively reach out ahead of renewal; confirm auto-renewal status; review disconnected lines.,2026-07-18
ACC-104546,"Crane, Freeman and Hall",Energy & Utilities,AM-019,26675.55,43,40,Checkout / Payment,0.327,False,Low self-service task completion rate (decreasing risk),Contract type: Month-to-Month (decreasing risk),High upgrade funnel abandonment (increasing risk),Digital Engagement,Send a guided platform walkthrough or personal onboarding session; simplify the upgrade flow for this account.,2026-07-18
ACC-101527,Price-Ali,Logistics,AM-001,33446.81,50,46,Checkout / Payment,0.327,True,High support ticket volume (90d) (increasing risk),High upgrade funnel abandonment (increasing risk),Contract type: Month-to-Month (decreasing risk),Support & Service,Escalate to a senior account rep for a service recovery call; audit recent ticket resolution quality.,2026-07-18
ACC-100452,Harper and Sons,Pharmaceuticals,AM-015,14708.16,30,30,Plan & Feature Selection,0.326,False,Low customer satisfaction (CSAT) (increasing risk),High upgrade funnel abandonment (increasing risk),Large number of managed lines (CTNs) (decreasing risk),Support & Service,Escalate to a senior account rep for a service recovery call; audit recent ticket resolution quality.,2026-07-18
ACC-103855,George-Daugherty,Healthcare,AM-004,24964.9,42,38,Support Handoff,0.325,True,High upgrade funnel abandonment (decreasing risk),Recent support escalations (increasing risk),Contract type: Month-to-Month (increasing risk),Digital Engagement,Send a guided platform walkthrough or personal onboarding session; simplify the upgrade flow for this account.,2026-07-18
ACC-100935,Mora-White,Energy & Utilities,AM-005,32185.92,50,49,Device Browse/Compare,0.325,True,Low self-service task completion rate (increasing risk),Contract type: Month-to-Month (decreasing risk),Low customer satisfaction (CSAT) (decreasing risk),Digital Engagement,Send a guided platform walkthrough or personal onboarding session; simplify the upgrade flow for this account.,2026-07-18
ACC-100823,Rose-Fowler,Banking & Financial Services,AM-020,28869.11,38,38,Checkout / Payment,0.325,False,Severe drop-off at a specific self-service step (experience gap) (increasing risk),High upgrade funnel abandonment (increasing risk),Low self-service task completion rate (decreasing risk),Digital Engagement,Send a guided platform walkthrough or personal onboarding session; simplify the upgrade flow for this account.,2026-07-18
ACC-103265,"Murphy, Marshall and Pope",Education,AM-010,35246.77,47,46,Support Handoff,0.325,False,High upgrade funnel abandonment (decreasing risk),High monthly spend (decreasing risk),Low device upgrade activity (decreasing risk),Digital Engagement,Send a guided platform walkthrough or personal onboarding session; simplify the upgrade flow for this account.,2026-07-18
ACC-103987,Bates LLC,Technology,AM-019,18773.73,42,42,Order Confirmation,0.324,False,Severe drop-off at a specific self-service step (experience gap) (decreasing risk),Contract type: Month-to-Month (increasing risk),High monthly spend (increasing risk),Digital Engagement,Send a guided platform walkthrough or personal onboarding session; simplify the upgrade flow for this account.,2026-07-18
ACC-104051,Perez-Haynes,Hospitality,AM-001,27729.85,44,44,Order Confirmation,0.322,True,Low customer satisfaction (CSAT) (increasing risk),Contract type: Month-to-Month (increasing risk),High support ticket volume (90d) (increasing risk),Support & Service,Escalate to a senior account rep for a service recovery call; audit recent ticket resolution quality.,2026-07-18
ACC-103757,Hood-May,Banking & Financial Services,AM-008,28440.2,50,49,Support Handoff,0.322,False,Contract type: Month-to-Month (increasing risk),High upgrade funnel abandonment (decreasing risk),History of late invoice payments (increasing risk),Contract & Account Health,Proactively reach out ahead of renewal; confirm auto-renewal status; review disconnected lines.,2026-07-18
ACC-100829,Brooks and Sons,Government,AM-008,25696.15,41,39,Support Handoff,0.322,False,Severe drop-off at a specific self-service step (experience gap) (increasing risk),Low customer satisfaction (CSAT) (decreasing risk),Contract type: Month-to-Month (decreasing risk),Digital Engagement,Send a guided platform walkthrough or personal onboarding session; simplify the upgrade flow for this account.,2026-07-18
ACC-101621,Singh and Sons,Government,AM-007,33202.33,52,51,Checkout / Payment,0.322,True,Low self-service task completion rate (decreasing risk),Contract type: Month-to-Month (increasing risk),Severe drop-off at a specific self-service step (experience gap) (decreasing risk),Digital Engagement,Send a guided platform walkthrough or personal onboarding session; simplify the upgrade flow for this account.,2026-07-18
ACC-102581,"Jackson, Rose and Lloyd",Logistics,AM-004,25283.98,46,45,Checkout / Payment,0.322,False,High upgrade funnel abandonment (increasing risk),Contract type: Month-to-Month (decreasing risk),History of late invoice payments (decreasing risk),Digital Engagement,Send a guided platform walkthrough or personal onboarding session; simplify the upgrade flow for this account.,2026-07-18
ACC-101399,Frost-Graham,Banking & Financial Services,AM-021,21012.49,49,45,Checkout / Payment,0.321,False,High upgrade funnel abandonment (decreasing risk),Contract type: Month-to-Month (increasing risk),Low self-service task completion rate (decreasing risk),Digital Engagement,Send a guided platform walkthrough or personal onboarding session; simplify the upgrade flow for this account.,2026-07-18
ACC-102324,Mack Inc,Logistics,AM-006,29609.09,44,42,Plan & Feature Selection,0.32,True,Low customer satisfaction (CSAT) (decreasing risk),Low self-service task completion rate (decreasing risk),High support ticket volume (90d) (increasing risk),Support & Service,Escalate to a senior account rep for a service recovery call; audit recent ticket resolution quality.,2026-07-18
ACC-104110,"Jackson, Moore and Becker",Hospitality,AM-023,24661.21,47,45,Checkout / Payment,0.32,False,Contract type: Month-to-Month (increasing risk),Slow support resolution times (decreasing risk),Approaching contract renewal window (decreasing risk),Contract & Account Health,Proactively reach out ahead of renewal; confirm auto-renewal status; review disconnected lines.,2026-07-18
ACC-101700,"Grant, Bryan and Williams",Healthcare,AM-025,18448.92,48,48,Login / Authentication,0.32,False,Severe drop-off at a specific self-service step (experience gap) (decreasing risk),High upgrade funnel abandonment (increasing risk),Contract type: Month-to-Month (decreasing risk),Digital Engagement,Send a guided platform walkthrough or personal onboarding session; simplify the upgrade flow for this account.,2026-07-18
ACC-101291,"Rowe, Lucas and Case",Pharmaceuticals,AM-010,23967.21,52,51,Plan & Feature Selection,0.32,False,Industry segment: Pharmaceuticals (decreasing risk),Contract type: Month-to-Month (increasing risk),High upgrade funnel abandonment (decreasing risk),Product & Shop Usage,Recommend relevant plan/feature bundles; offer a device upgrade promotion to re-engage.,2026-07-18
ACC-103270,"Stafford, Fisher and Avila",Banking & Financial Services,AM-009,28928.72,43,43,Checkout / Payment,0.319,False,Low self-service task completion rate (increasing risk),Severe drop-off at a specific self-service step (experience gap) (decreasing risk),Contract type: Month-to-Month (decreasing risk),Digital Engagement,Send a guided platform walkthrough or personal onboarding session; simplify the upgrade flow for this account.,2026-07-18
ACC-101919,Hoover-Davis,Logistics,AM-012,23843.79,37,36,Add to Cart,0.318,True,History of late invoice payments (decreasing risk),High support ticket volume (90d) (increasing risk),Large number of managed lines (CTNs) (decreasing risk),Billing & Payments,Offer autopay enrollment incentive; review invoice accuracy; flag account to billing support.,2026-07-18
ACC-105256,Ruiz-Rodriguez,Energy & Utilities,AM-001,39587.85,56,55,Support Handoff,0.318,False,Low self-service task completion rate (decreasing risk),Contract type: Month-to-Month (increasing risk),High monthly spend (decreasing risk),Digital Engagement,Send a guided platform walkthrough or personal onboarding session; simplify the upgrade flow for this account.,2026-07-18
ACC-103182,Harding-Mathews,Technology,AM-018,34570.07,53,51,Checkout / Payment,0.318,False,Contract type: Month-to-Month (increasing risk),Rising line disconnects (90d) (decreasing risk),High upgrade funnel abandonment (decreasing risk),Contract & Account Health,Proactively reach out ahead of renewal; confirm auto-renewal status; review disconnected lines.,2026-07-18
ACC-102415,"Zhang, Cunningham and Kline",Hospitality,AM-010,22612.84,50,48,Plan & Feature Selection,0.317,True,High upgrade funnel abandonment (decreasing risk),Contract type: Month-to-Month (increasing risk),Low customer satisfaction (CSAT) (decreasing risk),Digital Engagement,Send a guided platform walkthrough or personal onboarding session; simplify the upgrade flow for this account.,2026-07-18
ACC-102642,"Warren, Gibson and Wood",Manufacturing,AM-001,21358.21,44,42,Support Handoff,0.317,False,Severe drop-off at a specific self-service step (experience gap) (increasing risk),High upgrade funnel abandonment (increasing risk),Rising line disconnects (90d) (decreasing risk),Digital Engagement,Send a guided platform walkthrough or personal onboarding session; simplify the upgrade flow for this account.,2026-07-18
ACC-104708,Marquez-Johnson,Banking & Financial Services,AM-014,22140.95,38,38,Checkout / Payment,0.317,True,Contract type: Month-to-Month (increasing risk),Low rate plan/feature activity (decreasing risk),Large number of managed lines (CTNs) (decreasing risk),Contract & Account Health,Proactively reach out ahead of renewal; confirm auto-renewal status; review disconnected lines.,2026-07-18
ACC-101232,Tran Group,Logistics,AM-001,21609.46,36,35,Order Confirmation,0.316,False,Large number of managed lines (CTNs) (decreasing risk),Auto-renewal not enabled (increasing risk),Contract type: Month-to-Month (increasing risk),Contract & Account Health,Proactively reach out ahead of renewal; confirm auto-renewal status; review disconnected lines.,2026-07-18
ACC-102105,Jackson-Webster,Education,AM-017,17615.89,43,43,Plan & Feature Selection,0.316,False,Contract type: Month-to-Month (increasing risk),"Low feature adoption (mobile share, family plan, etc.) (decreasing risk)",High monthly spend (increasing risk),Contract & Account Health,Proactively reach out ahead of renewal; confirm auto-renewal status; review disconnected lines.,2026-07-18
ACC-101342,Williams-Juarez,Manufacturing,AM-009,27728.61,41,40,Login / Authentication,0.315,False,Severe drop-off at a specific self-service step (experience gap) (increasing risk),High upgrade funnel abandonment (decreasing risk),Low self-service task completion rate (decreasing risk),Digital Engagement,Send a guided platform walkthrough or personal onboarding session; simplify the upgrade flow for this account.,2026-07-18
ACC-103095,Jenkins-Rogers,Banking & Financial Services,AM-024,14511.63,52,50,Checkout / Payment,0.314,False,Low customer satisfaction (CSAT) (increasing risk),Contract type: Month-to-Month (increasing risk),High upgrade funnel abandonment (decreasing risk),Support & Service,Escalate to a senior account rep for a service recovery call; audit recent ticket resolution quality.,2026-07-18
ACC-100937,"Rios, Walker and Wright",Pharmaceuticals,AM-007,23836.45,42,37,Support Handoff,0.313,False,Repeated late payments (12mo) (increasing risk),Contract type: Month-to-Month (increasing risk),Severe drop-off at a specific self-service step (experience gap) (decreasing risk),Billing & Payments,Offer autopay enrollment incentive; review invoice accuracy; flag account to billing support.,2026-07-18
ACC-100867,"Stanton, Reid and Terry",Hospitality,AM-003,28350.47,60,59,Support Handoff,0.313,True,Low customer satisfaction (CSAT) (increasing risk),Auto-renewal not enabled (increasing risk),Approaching contract renewal window (decreasing risk),Support & Service,Escalate to a senior account rep for a service recovery call; audit recent ticket resolution quality.,2026-07-18
ACC-105571,"Dyer, Deleon and West",Government,AM-023,24606.34,50,48,Login / Authentication,0.312,True,Low self-service task completion rate (increasing risk),High support call volume (90d) (increasing risk),Contract type: Month-to-Month (decreasing risk),Digital Engagement,Send a guided platform walkthrough or personal onboarding session; simplify the upgrade flow for this account.,2026-07-18
ACC-103003,"Velazquez, Gordon and Johnson",Hospitality,AM-017,28301.85,48,44,Add to Cart,0.312,False,Severe drop-off at a specific self-service step (experience gap) (increasing risk),Contract type: Month-to-Month (decreasing risk),Low customer satisfaction (CSAT) (decreasing risk),Digital Engagement,Send a guided platform walkthrough or personal onboarding session; simplify the upgrade flow for this account.,2026-07-18
ACC-100255,"Johnson, Miller and King",Small Business / Retail,AM-010,20207.98,50,48,Checkout / Payment,0.311,False,Contract type: Month-to-Month (decreasing risk),Auto-renewal not enabled (increasing risk),Repeated late payments (12mo) (increasing risk),Contract & Account Health,Proactively reach out ahead of renewal; confirm auto-renewal status; review disconnected lines.,2026-07-18
ACC-102099,"Harris, Santana and Lopez",Education,AM-009,24033.07,47,45,Device Browse/Compare,0.311,False,Low customer satisfaction (CSAT) (decreasing risk),Low self-service task completion rate (increasing risk),High upgrade funnel abandonment (decreasing risk),Support & Service,Escalate to a senior account rep for a service recovery call; audit recent ticket resolution quality.,2026-07-18
ACC-101221,Wilson-Malone,Government,AM-012,15018.47,41,40,Support Handoff,0.311,False,Contract type: Month-to-Month (increasing risk),Slow support resolution times (increasing risk),High annual revenue account (decreasing risk),Contract & Account Health,Proactively reach out ahead of renewal; confirm auto-renewal status; review disconnected lines.,2026-07-18
ACC-105365,"Barry, Ramirez and Chen",Healthcare,AM-019,33161.47,51,50,Login / Authentication,0.311,False,Severe drop-off at a specific self-service step (experience gap) (increasing risk),Low self-service task completion rate (decreasing risk),Approaching contract renewal window (increasing risk),Digital Engagement,Send a guided platform walkthrough or personal onboarding session; simplify the upgrade flow for this account.,2026-07-18
ACC-102248,Higgins Group,Healthcare,AM-005,24598.88,47,45,Support Handoff,0.31,False,Severe drop-off at a specific self-service step (experience gap) (increasing risk),Low customer satisfaction (CSAT) (increasing risk),Low self-service task completion rate (decreasing risk),Digital Engagement,Send a guided platform walkthrough or personal onboarding session; simplify the upgrade flow for this account.,2026-07-18
ACC-102860,Burns Ltd,Healthcare,AM-018,17309.06,41,40,Device Browse/Compare,0.31,False,Severe drop-off at a specific self-service step (experience gap) (increasing risk),High upgrade funnel abandonment (decreasing risk),High annual revenue account (decreasing risk),Digital Engagement,Send a guided platform walkthrough or personal onboarding session; simplify the upgrade flow for this account.,2026-07-18
ACC-104447,Smith LLC,Manufacturing,AM-005,25543.23,47,43,Login / Authentication,0.31,True,Low self-service task completion rate (increasing risk),Contract type: Month-to-Month (increasing risk),High upgrade funnel abandonment (decreasing risk),Digital Engagement,Send a guided platform walkthrough or personal onboarding session; simplify the upgrade flow for this account.,2026-07-18
ACC-100016,James Group,Banking & Financial Services,AM-005,15622.23,35,35,Checkout / Payment,0.31,True,Low self-service task completion rate (increasing risk),High upgrade funnel abandonment (decreasing risk),Contract type: Month-to-Month (decreasing risk),Digital Engagement,Send a guided platform walkthrough or personal onboarding session; simplify the upgrade flow for this account.,2026-07-18
ACC-104435,Gallegos-Nash,Government,AM-023,24864.87,52,51,Plan & Feature Selection,0.31,False,Low self-service task completion rate (increasing risk),Contract type: Month-to-Month (decreasing risk),History of late invoice payments (decreasing risk),Digital Engagement,Send a guided platform walkthrough or personal onboarding session; simplify the upgrade flow for this account.,2026-07-18
ACC-101368,Hanson PLC,Education,AM-001,20080.46,42,40,Checkout / Payment,0.31,False,Low self-service task completion rate (increasing risk),Severe drop-off at a specific self-service step (experience gap) (decreasing risk),Low customer satisfaction (CSAT) (increasing risk),Digital Engagement,Send a guided platform walkthrough or personal onboarding session; simplify the upgrade flow for this account.,2026-07-18
ACC-102799,Navarro LLC,Government,AM-022,21507.56,36,35,Checkout / Payment,0.309,True,Contract type: Month-to-Month (increasing risk),High upgrade funnel abandonment (decreasing risk),Large number of managed lines (CTNs) (decreasing risk),Contract & Account Health,Proactively reach out ahead of renewal; confirm auto-renewal status; review disconnected lines.,2026-07-18
ACC-103354,"Gardner, Gaines and Archer",Healthcare,AM-017,19397.78,44,42,Support Handoff,0.308,True,Low self-service task completion rate (increasing risk),Low customer satisfaction (CSAT) (decreasing risk),Contract type: Month-to-Month (decreasing risk),Digital Engagement,Send a guided platform walkthrough or personal onboarding session; simplify the upgrade flow for this account.,2026-07-18
ACC-105911,Bates PLC,Education,AM-004,30216.83,49,46,Plan & Feature Selection,0.308,False,Long time since last platform login (increasing risk),Auto-renewal not enabled (increasing risk),Contract type: Month-to-Month (decreasing risk),Digital Engagement,Send a guided platform walkthrough or personal onboarding session; simplify the upgrade flow for this account.,2026-07-18
ACC-100430,"Huang, Cole and Pacheco",Logistics,AM-016,24392.9,46,42,Support Handoff,0.306,False,Contract type: Month-to-Month (increasing risk),Severe drop-off at a specific self-service step (experience gap) (decreasing risk),High upgrade funnel abandonment (increasing risk),Contract & Account Health,Proactively reach out ahead of renewal; confirm auto-renewal status; review disconnected lines.,2026-07-18
ACC-102855,Delgado Group,Healthcare,AM-019,29370.92,40,39,Support Handoff,0.305,False,Low self-service task completion rate (increasing risk),High upgrade funnel abandonment (decreasing risk),Contract type: Month-to-Month (decreasing risk),Digital Engagement,Send a guided platform walkthrough or personal onboarding session; simplify the upgrade flow for this account.,2026-07-18
ACC-102691,Ochoa LLC,Banking & Financial Services,AM-013,31131.26,53,52,Plan & Feature Selection,0.305,True,Low self-service task completion rate (increasing risk),Rising line disconnects (90d) (decreasing risk),Contract type: Month-to-Month (decreasing risk),Digital Engagement,Send a guided platform walkthrough or personal onboarding session; simplify the upgrade flow for this account.,2026-07-18
ACC-104245,Brown-Haas,Healthcare,AM-004,31997.84,52,50,Device Browse/Compare,0.305,False,Low self-service task completion rate (increasing risk),Contract type: Month-to-Month (decreasing risk),High upgrade funnel abandonment (increasing risk),Digital Engagement,Send a guided platform walkthrough or personal onboarding session; simplify the upgrade flow for this account.,2026-07-18
ACC-105215,Burke-Solomon,Banking & Financial Services,AM-002,15978.51,42,41,Checkout / Payment,0.304,True,Auto-renewal not enabled (increasing risk),Severe drop-off at a specific self-service step (experience gap) (increasing risk),High monthly spend (increasing risk),Contract & Account Health,Proactively reach out ahead of renewal; confirm auto-renewal status; review disconnected lines.,2026-07-18
ACC-100349,"Smith, Garrison and Thomas",Government,AM-016,20295.66,37,35,Login / Authentication,0.304,False,Large number of managed lines (CTNs) (decreasing risk),Contract type: Month-to-Month (increasing risk),History of late invoice payments (decreasing risk),Contract & Account Health,Proactively reach out ahead of renewal; confirm auto-renewal status; review disconnected lines.,2026-07-18
ACC-100198,Ramirez Group,Banking & Financial Services,AM-023,24670.16,37,35,Support Handoff,0.303,False,Contract type: Month-to-Month (increasing risk),Low customer satisfaction (CSAT) (increasing risk),High upgrade funnel abandonment (decreasing risk),Contract & Account Health,Proactively reach out ahead of renewal; confirm auto-renewal status; review disconnected lines.,2026-07-18
ACC-100368,Perry-Davis,Banking & Financial Services,AM-009,27632.17,45,42,Checkout / Payment,0.303,True,Contract type: Month-to-Month (decreasing risk),High support ticket volume (90d) (increasing risk),Low customer satisfaction (CSAT) (decreasing risk),Contract & Account Health,Proactively reach out ahead of renewal; confirm auto-renewal status; review disconnected lines.,2026-07-18
ACC-100585,Richardson Ltd,Government,AM-025,17737.79,38,37,Plan & Feature Selection,0.302,False,Contract type: Month-to-Month (increasing risk),"Low feature adoption (mobile share, family plan, etc.) (increasing risk)",Large number of managed lines (CTNs) (decreasing risk),Contract & Account Health,Proactively reach out ahead of renewal; confirm auto-renewal status; review disconnected lines.,2026-07-18
ACC-100208,Holt-Torres,Hospitality,AM-014,31546.72,52,51,Add to Cart,0.302,False,Severe drop-off at a specific self-service step (experience gap) (decreasing risk),Contract type: Month-to-Month (increasing risk),Low self-service task completion rate (increasing risk),Digital Engagement,Send a guided platform walkthrough or personal onboarding session; simplify the upgrade flow for this account.,2026-07-18
ACC-101635,Reed LLC,Education,AM-022,44357.65,50,48,Plan & Feature Selection,0.301,True,Recent support escalations (increasing risk),Low device upgrade activity (decreasing risk),Auto-renewal not enabled (increasing risk),Support & Service,Escalate to a senior account rep for a service recovery call; audit recent ticket resolution quality.,2026-07-18
ACC-100285,Bowen Group,Education,AM-016,32721.95,43,40,Checkout / Payment,0.301,True,Contract type: Month-to-Month (decreasing risk),High upgrade funnel abandonment (increasing risk),Auto-renewal not enabled (decreasing risk),Contract & Account Health,Proactively reach out ahead of renewal; confirm auto-renewal status; review disconnected lines.,2026-07-18
ACC-104688,Sanchez Group,Manufacturing,AM-005,16365.3,39,36,Device Browse/Compare,0.301,True,Severe drop-off at a specific self-service step (experience gap) (increasing risk),Contract type: Month-to-Month (increasing risk),High upgrade funnel abandonment (decreasing risk),Digital Engagement,Send a guided platform walkthrough or personal onboarding session; simplify the upgrade flow for this account.,2026-07-18
ACC-103976,Phelps PLC,Education,AM-014,24808.21,44,44,Add to Cart,0.3,False,Contract type: Month-to-Month (increasing risk),High upgrade funnel abandonment (decreasing risk),"Low feature adoption (mobile share, family plan, etc.) (decreasing risk)",Contract & Account Health,Proactively reach out ahead of renewal; confirm auto-renewal status; review disconnected lines.,2026-07-18
ACC-100314,"Becker, Taylor and Davis",Manufacturing,AM-013,42303.47,62,61,Device Browse/Compare,0.3,False,Contract type: Month-to-Month (increasing risk),High monthly spend (decreasing risk),History of late invoice payments (decreasing risk),Contract & Account Health,Proactively reach out ahead of renewal; confirm auto-renewal status; review disconnected lines.,2026-07-18
ACC-100558,Gross-Valencia,Energy & Utilities,AM-018,24403.33,43,42,Plan & Feature Selection,0.299,False,Low platform login frequency (increasing risk),Low self-service task completion rate (decreasing risk),High upgrade funnel abandonment (decreasing risk),Digital Engagement,Send a guided platform walkthrough or personal onboarding session; simplify the upgrade flow for this account.,2026-07-18
ACC-101378,"Reynolds, Fisher and Golden",Education,AM-017,20195.72,34,32,Add to Cart,0.298,False,Contract type: Month-to-Month (increasing risk),Low self-service task completion rate (increasing risk),Large number of managed lines (CTNs) (decreasing risk),Contract & Account Health,Proactively reach out ahead of renewal; confirm auto-renewal status; review disconnected lines.,2026-07-18
ACC-102030,Gould LLC,Healthcare,AM-018,26974.12,43,41,Device Browse/Compare,0.298,False,Contract type: Month-to-Month (increasing risk),Auto-renewal not enabled (increasing risk),Short account tenure (decreasing risk),Contract & Account Health,Proactively reach out ahead of renewal; confirm auto-renewal status; review disconnected lines.,2026-07-18
ACC-105025,Jones Group,Healthcare,AM-017,24237.15,50,49,Support Handoff,0.298,True,Low self-service task completion rate (decreasing risk),Repeated late payments (12mo) (increasing risk),Low customer satisfaction (CSAT) (increasing risk),Digital Engagement,Send a guided platform walkthrough or personal onboarding session; simplify the upgrade flow for this account.,2026-07-18
ACC-102515,Lee-Gregory,Logistics,AM-025,11679.57,43,42,Checkout / Payment,0.297,False,Low customer satisfaction (CSAT) (increasing risk),High monthly spend (increasing risk),Repeated late payments (12mo) (increasing risk),Support & Service,Escalate to a senior account rep for a service recovery call; audit recent ticket resolution quality.,2026-07-18
ACC-100891,May Ltd,Hospitality,AM-003,28851.28,45,45,Order Confirmation,0.296,False,Severe drop-off at a specific self-service step (experience gap) (decreasing risk),High upgrade funnel abandonment (increasing risk),Contract type: Month-to-Month (decreasing risk),Digital Engagement,Send a guided platform walkthrough or personal onboarding session; simplify the upgrade flow for this account.,2026-07-18
ACC-104461,Wells and Sons,Healthcare,AM-015,25576.0,37,36,Checkout / Payment,0.295,True,Low self-service task completion rate (increasing risk),Large number of managed lines (CTNs) (decreasing risk),Contract type: Month-to-Month (decreasing risk),Digital Engagement,Send a guided platform walkthrough or personal onboarding session; simplify the upgrade flow for this account.,2026-07-18
ACC-100663,Andersen Group,Energy & Utilities,AM-022,24364.59,36,35,Login / Authentication,0.295,False,Large number of managed lines (CTNs) (decreasing risk),Contract type: Month-to-Month (increasing risk),Auto-renewal not enabled (increasing risk),Contract & Account Health,Proactively reach out ahead of renewal; confirm auto-renewal status; review disconnected lines.,2026-07-18
ACC-102967,Hamilton LLC,Education,AM-012,28784.74,39,38,Device Browse/Compare,0.295,False,Low self-service task completion rate (decreasing risk),Short account tenure (increasing risk),"Low feature adoption (mobile share, family plan, etc.) (increasing risk)",Digital Engagement,Send a guided platform walkthrough or personal onboarding session; simplify the upgrade flow for this account.,2026-07-18
ACC-101505,Garrett-Black,Healthcare,AM-023,30422.66,52,49,Device Browse/Compare,0.294,True,Severe drop-off at a specific self-service step (experience gap) (increasing risk),High upgrade funnel abandonment (increasing risk),Rising line disconnects (90d) (decreasing risk),Digital Engagement,Send a guided platform walkthrough or personal onboarding session; simplify the upgrade flow for this account.,2026-07-18
ACC-100994,Mayo Ltd,Small Business / Retail,AM-004,15236.36,35,32,Checkout / Payment,0.294,False,Severe drop-off at a specific self-service step (experience gap) (decreasing risk),Contract type: Month-to-Month (increasing risk),High upgrade funnel abandonment (decreasing risk),Digital Engagement,Send a guided platform walkthrough or personal onboarding session; simplify the upgrade flow for this account.,2026-07-18
ACC-105084,"Brown, Adams and Moore",Pharmaceuticals,AM-004,22415.21,48,46,Login / Authentication,0.294,False,Contract type: Month-to-Month (increasing risk),"Low feature adoption (mobile share, family plan, etc.) (increasing risk)",Severe drop-off at a specific self-service step (experience gap) (decreasing risk),Contract & Account Health,Proactively reach out ahead of renewal; confirm auto-renewal status; review disconnected lines.,2026-07-18
ACC-105801,Mccarthy-Lambert,Logistics,AM-015,17015.34,31,30,Login / Authentication,0.293,False,Severe drop-off at a specific self-service step (experience gap) (decreasing risk),Low self-service task completion rate (increasing risk),History of late invoice payments (decreasing risk),Digital Engagement,Send a guided platform walkthrough or personal onboarding session; simplify the upgrade flow for this account.,2026-07-18
ACC-100420,Marshall-Elliott,Energy & Utilities,AM-001,12463.44,36,36,Checkout / Payment,0.292,False,Contract type: Month-to-Month (increasing risk),Large number of managed lines (CTNs) (decreasing risk),High monthly spend (increasing risk),Contract & Account Health,Proactively reach out ahead of renewal; confirm auto-renewal status; review disconnected lines.,2026-07-18
ACC-104667,Martinez-Bennett,Logistics,AM-004,15997.42,28,26,Plan & Feature Selection,0.292,False,Low device-to-line ratio (increasing risk),High upgrade funnel abandonment (decreasing risk),Contract type: Month-to-Month (decreasing risk),Contract & Account Health,Proactively reach out ahead of renewal; confirm auto-renewal status; review disconnected lines.,2026-07-18
ACC-103834,Evans-Johnson,Logistics,AM-001,24349.49,44,42,Order Confirmation,0.292,False,Severe drop-off at a specific self-service step (experience gap) (decreasing risk),Low self-service task completion rate (increasing risk),Contract type: Month-to-Month (increasing risk),Digital Engagement,Send a guided platform walkthrough or personal onboarding session; simplify the upgrade flow for this account.,2026-07-18
ACC-103427,"White, Erickson and Hunter",Logistics,AM-010,26621.45,38,35,Checkout / Payment,0.292,False,Contract type: Month-to-Month (increasing risk),History of late invoice payments (increasing risk),Short account tenure (decreasing risk),Contract & Account Health,Proactively reach out ahead of renewal; confirm auto-renewal status; review disconnected lines.,2026-07-18
ACC-105474,Thompson-Davis,Banking & Financial Services,AM-013,26678.27,41,41,Support Handoff,0.291,False,Low self-service task completion rate (increasing risk),Low customer satisfaction (CSAT) (decreasing risk),Contract type: Month-to-Month (increasing risk),Digital Engagement,Send a guided platform walkthrough or personal onboarding session; simplify the upgrade flow for this account.,2026-07-18
ACC-102598,Foster LLC,Small Business / Retail,AM-013,23153.86,44,43,Checkout / Payment,0.291,False,Auto-renewal not enabled (increasing risk),Contract type: Month-to-Month (decreasing risk),Long time since last platform login (increasing risk),Contract & Account Health,Proactively reach out ahead of renewal; confirm auto-renewal status; review disconnected lines.,2026-07-18
ACC-101625,"Williams, Jackson and Campbell",Education,AM-023,13766.57,36,34,Device Browse/Compare,0.29,False,Severe drop-off at a specific self-service step (experience gap) (increasing risk),Low customer satisfaction (CSAT) (increasing risk),Large number of managed lines (CTNs) (decreasing risk),Digital Engagement,Send a guided platform walkthrough or personal onboarding session; simplify the upgrade flow for this account.,2026-07-18
ACC-104858,"Payne, Ryan and Campos",Hospitality,AM-004,25488.18,43,41,Add to Cart,0.289,False,Contract type: Month-to-Month (increasing risk),Low self-service task completion rate (increasing risk),Severe drop-off at a specific self-service step (experience gap) (decreasing risk),Contract & Account Health,Proactively reach out ahead of renewal; confirm auto-renewal status; review disconnected lines.,2026-07-18
ACC-101891,Hernandez-Bowman,Logistics,AM-010,20092.36,35,35,Checkout / Payment,0.289,False,Severe drop-off at a specific self-service step (experience gap) (increasing risk),High upgrade funnel abandonment (decreasing risk),Low self-service task completion rate (decreasing risk),Digital Engagement,Send a guided platform walkthrough or personal onboarding session; simplify the upgrade flow for this account.,2026-07-18
ACC-103768,"Hamilton, Brewer and Fleming",Government,AM-023,36786.71,48,47,Add to Cart,0.289,True,High support call volume (90d) (increasing risk),Rising line disconnects (90d) (decreasing risk),Contract type: Month-to-Month (decreasing risk),Support & Service,Escalate to a senior account rep for a service recovery call; audit recent ticket resolution quality.,2026-07-18
ACC-100743,"Alvarez, Williams and Jones",Logistics,AM-023,34669.86,57,52,Checkout / Payment,0.289,True,Low self-service task completion rate (increasing risk),Severe drop-off at a specific self-service step (experience gap) (increasing risk),Approaching contract renewal window (decreasing risk),Digital Engagement,Send a guided platform walkthrough or personal onboarding session; simplify the upgrade flow for this account.,2026-07-18
ACC-104930,Rodriguez Group,Pharmaceuticals,AM-001,20737.85,54,52,Support Handoff,0.289,True,Recent support escalations (increasing risk),Industry segment: Pharmaceuticals (decreasing risk),Auto-renewal not enabled (increasing risk),Support & Service,Escalate to a senior account rep for a service recovery call; audit recent ticket resolution quality.,2026-07-18
ACC-102290,Tate Ltd,Manufacturing,AM-012,24130.1,43,40,Login / Authentication,0.288,False,Contract type: Month-to-Month (increasing risk),"Low feature adoption (mobile share, family plan, etc.) (decreasing risk)",High upgrade funnel abandonment (decreasing risk),Contract & Account Health,Proactively reach out ahead of renewal; confirm auto-renewal status; review disconnected lines.,2026-07-18
ACC-101688,Tate LLC,Banking & Financial Services,AM-024,24686.86,37,37,Device Browse/Compare,0.288,False,Large number of managed lines (CTNs) (decreasing risk),Contract type: Month-to-Month (decreasing risk),Low self-service task completion rate (increasing risk),Contract & Account Health,Proactively reach out ahead of renewal; confirm auto-renewal status; review disconnected lines.,2026-07-18
ACC-102947,Rice and Sons,Banking & Financial Services,AM-011,28418.93,46,46,Checkout / Payment,0.288,False,Low self-service task completion rate (increasing risk),Contract type: Month-to-Month (increasing risk),High upgrade funnel abandonment (decreasing risk),Digital Engagement,Send a guided platform walkthrough or personal onboarding session; simplify the upgrade flow for this account.,2026-07-18
ACC-105896,Pace and Sons,Energy & Utilities,AM-012,23380.65,41,39,Device Browse/Compare,0.287,False,Severe drop-off at a specific self-service step (experience gap) (increasing risk),High upgrade funnel abandonment (decreasing risk),Contract type: Month-to-Month (decreasing risk),Digital Engagement,Send a guided platform walkthrough or personal onboarding session; simplify the upgrade flow for this account.,2026-07-18
ACC-103557,Steele Group,Healthcare,AM-011,26980.21,40,38,Support Handoff,0.287,True,Low self-service task completion rate (increasing risk),Approaching contract renewal window (decreasing risk),High upgrade funnel abandonment (decreasing risk),Digital Engagement,Send a guided platform walkthrough or personal onboarding session; simplify the upgrade flow for this account.,2026-07-18
ACC-102475,Adams PLC,Manufacturing,AM-022,17713.35,39,39,Login / Authentication,0.287,False,Contract type: Month-to-Month (increasing risk),Low customer satisfaction (CSAT) (decreasing risk),Severe drop-off at a specific self-service step (experience gap) (increasing risk),Contract & Account Health,Proactively reach out ahead of renewal; confirm auto-renewal status; review disconnected lines.,2026-07-18
ACC-103021,"Phillips, Galloway and Garrett",Energy & Utilities,AM-020,23064.74,43,39,Checkout / Payment,0.286,False,Contract type: Month-to-Month (increasing risk),"Low feature adoption (mobile share, family plan, etc.) (decreasing risk)",High upgrade funnel abandonment (decreasing risk),Contract & Account Health,Proactively reach out ahead of renewal; confirm auto-renewal status; review disconnected lines.,2026-07-18
ACC-103240,"Bond, Wilson and Cooper",Hospitality,AM-018,28660.3,45,43,Checkout / Payment,0.286,True,Low self-service task completion rate (decreasing risk),Contract type: Month-to-Month (decreasing risk),High upgrade funnel abandonment (decreasing risk),Digital Engagement,Send a guided platform walkthrough or personal onboarding session; simplify the upgrade flow for this account.,2026-07-18
ACC-104679,Smith LLC,Logistics,AM-001,25197.92,46,44,Plan & Feature Selection,0.286,False,Severe drop-off at a specific self-service step (experience gap) (decreasing risk),Low self-service task completion rate (decreasing risk),Contract type: Month-to-Month (increasing risk),Digital Engagement,Send a guided platform walkthrough or personal onboarding session; simplify the upgrade flow for this account.,2026-07-18
ACC-101974,Quinn-Gordon,Energy & Utilities,AM-003,41359.47,56,55,Login / Authentication,0.285,False,Severe drop-off at a specific self-service step (experience gap) (increasing risk),Low self-service task completion rate (increasing risk),High upgrade funnel abandonment (decreasing risk),Digital Engagement,Send a guided platform walkthrough or personal onboarding session; simplify the upgrade flow for this account.,2026-07-18
ACC-101176,Kelley and Sons,Hospitality,AM-004,35669.38,49,47,Login / Authentication,0.285,False,High upgrade funnel abandonment (increasing risk),Auto-renewal not enabled (increasing risk),Contract type: Month-to-Month (decreasing risk),Digital Engagement,Send a guided platform walkthrough or personal onboarding session; simplify the upgrade flow for this account.,2026-07-18
ACC-104958,Ramos-Harris,Banking & Financial Services,AM-010,18229.5,39,37,Plan & Feature Selection,0.285,False,Low customer satisfaction (CSAT) (increasing risk),High monthly spend (increasing risk),Contract type: Month-to-Month (decreasing risk),Support & Service,Escalate to a senior account rep for a service recovery call; audit recent ticket resolution quality.,2026-07-18
ACC-105361,Sosa PLC,Small Business / Retail,AM-016,24607.48,46,45,Support Handoff,0.284,False,Low customer satisfaction (CSAT) (decreasing risk),Repeated late payments (12mo) (increasing risk),Contract type: Month-to-Month (increasing risk),Support & Service,Escalate to a senior account rep for a service recovery call; audit recent ticket resolution quality.,2026-07-18
ACC-102872,Smith Group,Hospitality,AM-024,23589.62,48,48,Checkout / Payment,0.284,False,Severe drop-off at a specific self-service step (experience gap) (decreasing risk),Contract type: Month-to-Month (increasing risk),High upgrade funnel abandonment (increasing risk),Digital Engagement,Send a guided platform walkthrough or personal onboarding session; simplify the upgrade flow for this account.,2026-07-18
ACC-105910,Benson-Martinez,Education,AM-005,33287.42,53,49,Plan & Feature Selection,0.284,False,High upgrade funnel abandonment (increasing risk),Contract type: Month-to-Month (decreasing risk),Auto-renewal not enabled (decreasing risk),Digital Engagement,Send a guided platform walkthrough or personal onboarding session; simplify the upgrade flow for this account.,2026-07-18
ACC-103933,Wong-Harrell,Manufacturing,AM-022,25275.42,44,43,Checkout / Payment,0.284,False,High upgrade funnel abandonment (decreasing risk),History of late invoice payments (decreasing risk),Low self-service task completion rate (increasing risk),Digital Engagement,Send a guided platform walkthrough or personal onboarding session; simplify the upgrade flow for this account.,2026-07-18
ACC-104139,Brown-Garcia,Government,AM-004,17034.55,33,33,Support Handoff,0.283,False,Severe drop-off at a specific self-service step (experience gap) (decreasing risk),Low customer satisfaction (CSAT) (decreasing risk),Contract type: Month-to-Month (increasing risk),Digital Engagement,Send a guided platform walkthrough or personal onboarding session; simplify the upgrade flow for this account.,2026-07-18
ACC-100269,Baird-Sanchez,Small Business / Retail,AM-017,30133.86,39,38,Checkout / Payment,0.283,True,Low self-service task completion rate (increasing risk),Recent support escalations (increasing risk),Contract type: Month-to-Month (decreasing risk),Digital Engagement,Send a guided platform walkthrough or personal onboarding session; simplify the upgrade flow for this account.,2026-07-18
ACC-101667,Patterson Inc,Manufacturing,AM-014,27725.18,42,41,Checkout / Payment,0.283,True,Auto-renewal not enabled (increasing risk),Low self-service task completion rate (decreasing risk),Contract type: Month-to-Month (decreasing risk),Contract & Account Health,Proactively reach out ahead of renewal; confirm auto-renewal status; review disconnected lines.,2026-07-18
ACC-102775,"Martin, Carter and Gray",Technology,AM-019,30602.28,48,44,Checkout / Payment,0.283,False,Low self-service task completion rate (increasing risk),Contract type: Month-to-Month (decreasing risk),History of late invoice payments (decreasing risk),Digital Engagement,Send a guided platform walkthrough or personal onboarding session; simplify the upgrade flow for this account.,2026-07-18
ACC-105638,"Williamson, Herman and Hale",Education,AM-010,19370.24,39,37,Plan & Feature Selection,0.283,False,Low customer satisfaction (CSAT) (decreasing risk),Contract type: Month-to-Month (increasing risk),High upgrade funnel abandonment (decreasing risk),Support & Service,Escalate to a senior account rep for a service recovery call; audit recent ticket resolution quality.,2026-07-18
ACC-104282,Alvarado and Sons,Banking & Financial Services,AM-014,32457.56,49,45,Plan & Feature Selection,0.282,False,Approaching contract renewal window (increasing risk),Low self-service task completion rate (decreasing risk),Auto-renewal not enabled (increasing risk),Contract & Account Health,Proactively reach out ahead of renewal; confirm auto-renewal status; review disconnected lines.,2026-07-18
ACC-102175,Simmons-Reed,Government,AM-022,23317.41,47,46,Login / Authentication,0.282,True,Contract type: Month-to-Month (increasing risk),Approaching contract renewal window (decreasing risk),Low self-service task completion rate (decreasing risk),Contract & Account Health,Proactively reach out ahead of renewal; confirm auto-renewal status; review disconnected lines.,2026-07-18
ACC-104893,Peterson PLC,Education,AM-024,30806.69,53,48,Checkout / Payment,0.281,False,Low self-service task completion rate (increasing risk),Auto-renewal not enabled (increasing risk),History of late invoice payments (decreasing risk),Digital Engagement,Send a guided platform walkthrough or personal onboarding session; simplify the upgrade flow for this account.,2026-07-18
ACC-102069,"Brown, Flores and Johns",Small Business / Retail,AM-005,20650.27,35,31,Plan & Feature Selection,0.281,False,Contract type: Month-to-Month (increasing risk),Large number of managed lines (CTNs) (decreasing risk),Low customer satisfaction (CSAT) (increasing risk),Contract & Account Health,Proactively reach out ahead of renewal; confirm auto-renewal status; review disconnected lines.,2026-07-18
ACC-100472,Moody-Taylor,Small Business / Retail,AM-021,21477.74,40,40,Plan & Feature Selection,0.28,False,Low self-service task completion rate (decreasing risk),History of late invoice payments (increasing risk),Approaching contract renewal window (decreasing risk),Digital Engagement,Send a guided platform walkthrough or personal onboarding session; simplify the upgrade flow for this account.,2026-07-18
ACC-100396,Gregory-Watkins,Small Business / Retail,AM-024,29549.56,39,39,Support Handoff,0.28,False,High upgrade funnel abandonment (increasing risk),Contract type: Month-to-Month (decreasing risk),Large number of managed lines (CTNs) (decreasing risk),Digital Engagement,Send a guided platform walkthrough or personal onboarding session; simplify the upgrade flow for this account.,2026-07-18
ACC-103251,Mcdaniel Ltd,Logistics,AM-011,27879.02,44,43,Plan & Feature Selection,0.279,False,Low self-service task completion rate (decreasing risk),Contract type: Month-to-Month (increasing risk),Frequently drops off at: Plan & Feature Selection (increasing risk),Digital Engagement,Send a guided platform walkthrough or personal onboarding session; simplify the upgrade flow for this account.,2026-07-18
ACC-104418,Flores LLC,Healthcare,AM-001,29294.27,40,36,Checkout / Payment,0.279,False,Low self-service task completion rate (decreasing risk),Contract type: Month-to-Month (increasing risk),Large number of managed lines (CTNs) (decreasing risk),Digital Engagement,Send a guided platform walkthrough or personal onboarding session; simplify the upgrade flow for this account.,2026-07-18
ACC-101807,"Long, Flores and Reyes",Banking & Financial Services,AM-010,13398.37,24,24,Plan & Feature Selection,0.279,True,High support ticket volume (90d) (increasing risk),Severe drop-off at a specific self-service step (experience gap) (decreasing risk),High monthly spend (increasing risk),Support & Service,Escalate to a senior account rep for a service recovery call; audit recent ticket resolution quality.,2026-07-18
ACC-101943,Jennings Group,Logistics,AM-007,18702.78,35,32,Device Browse/Compare,0.278,True,Low customer satisfaction (CSAT) (increasing risk),Large number of managed lines (CTNs) (decreasing risk),Contract type: Month-to-Month (increasing risk),Support & Service,Escalate to a senior account rep for a service recovery call; audit recent ticket resolution quality.,2026-07-18
ACC-103104,Carson PLC,Logistics,AM-008,27875.1,48,47,Plan & Feature Selection,0.278,False,Long time since last platform login (increasing risk),Low self-service task completion rate (decreasing risk),Contract type: Month-to-Month (decreasing risk),Digital Engagement,Send a guided platform walkthrough or personal onboarding session; simplify the upgrade flow for this account.,2026-07-18
ACC-101987,Schmidt-Phillips,Technology,AM-003,43769.82,54,52,Support Handoff,0.278,False,Low self-service task completion rate (increasing risk),Rising line disconnects (90d) (decreasing risk),Severe drop-off at a specific self-service step (experience gap) (increasing risk),Digital Engagement,Send a guided platform walkthrough or personal onboarding session; simplify the upgrade flow for this account.,2026-07-18
ACC-100742,Lewis Ltd,Education,AM-008,17696.75,39,37,Login / Authentication,0.277,False,Contract type: Month-to-Month (increasing risk),"Low feature adoption (mobile share, family plan, etc.) (increasing risk)",Low self-service task completion rate (decreasing risk),Contract & Account Health,Proactively reach out ahead of renewal; confirm auto-renewal status; review disconnected lines.,2026-07-18
ACC-101909,"Schneider, Porter and Hanna",Government,AM-010,19707.15,38,35,Support Handoff,0.277,False,History of late invoice payments (decreasing risk),Contract type: Month-to-Month (increasing risk),High monthly spend (increasing risk),Billing & Payments,Offer autopay enrollment incentive; review invoice accuracy; flag account to billing support.,2026-07-18
ACC-104838,Lee-Jones,Education,AM-011,28639.29,47,46,Plan & Feature Selection,0.277,False,Severe drop-off at a specific self-service step (experience gap) (increasing risk),Low self-service task completion rate (decreasing risk),Contract type: Month-to-Month (decreasing risk),Digital Engagement,Send a guided platform walkthrough or personal onboarding session; simplify the upgrade flow for this account.,2026-07-18
ACC-101952,Burgess LLC,Small Business / Retail,AM-011,35850.88,44,40,Plan & Feature Selection,0.277,False,Severe drop-off at a specific self-service step (experience gap) (increasing risk),Low self-service task completion rate (increasing risk),Approaching contract renewal window (decreasing risk),Digital Engagement,Send a guided platform walkthrough or personal onboarding session; simplify the upgrade flow for this account.,2026-07-18
ACC-103619,"Silva, Little and Washington",Healthcare,AM-018,16850.12,40,39,Add to Cart,0.277,False,History of late invoice payments (increasing risk),Low self-service task completion rate (decreasing risk),Contract type: Month-to-Month (increasing risk),Billing & Payments,Offer autopay enrollment incentive; review invoice accuracy; flag account to billing support.,2026-07-18
ACC-104671,Baker Group,Manufacturing,AM-002,32510.62,53,47,Support Handoff,0.276,False,Rising line disconnects (90d) (increasing risk),Severe drop-off at a specific self-service step (experience gap) (decreasing risk),Low self-service task completion rate (increasing risk),Contract & Account Health,Proactively reach out ahead of renewal; confirm auto-renewal status; review disconnected lines.,2026-07-18
ACC-102321,Palmer PLC,Technology,AM-025,34870.4,47,47,Checkout / Payment,0.276,False,Low self-service task completion rate (increasing risk),Severe drop-off at a specific self-service step (experience gap) (decreasing risk),Contract type: Month-to-Month (decreasing risk),Digital Engagement,Send a guided platform walkthrough or personal onboarding session; simplify the upgrade flow for this account.,2026-07-18
ACC-105583,Wells-Kennedy,Banking & Financial Services,AM-020,25406.07,43,43,Login / Authentication,0.274,False,High upgrade funnel abandonment (increasing risk),Contract type: Month-to-Month (decreasing risk),Auto-renewal not enabled (increasing risk),Digital Engagement,Send a guided platform walkthrough or personal onboarding session; simplify the upgrade flow for this account.,2026-07-18
ACC-105689,Farrell-Little,Banking & Financial Services,AM-011,24518.05,35,35,Checkout / Payment,0.274,False,High upgrade funnel abandonment (increasing risk),Severe drop-off at a specific self-service step (experience gap) (decreasing risk),Large number of managed lines (CTNs) (decreasing risk),Digital Engagement,Send a guided platform walkthrough or personal onboarding session; simplify the upgrade flow for this account.,2026-07-18
ACC-105633,Davis Inc,Pharmaceuticals,AM-001,21616.42,38,36,Checkout / Payment,0.274,False,Low self-service task completion rate (increasing risk),Low customer satisfaction (CSAT) (decreasing risk),Industry segment: Pharmaceuticals (decreasing risk),Digital Engagement,Send a guided platform walkthrough or personal onboarding session; simplify the upgrade flow for this account.,2026-07-18
ACC-103601,Baker-Lin,Banking & Financial Services,AM-018,29352.68,44,41,Support Handoff,0.273,False,High upgrade funnel abandonment (increasing risk),Contract type: Month-to-Month (decreasing risk),Repeated late payments (12mo) (increasing risk),Digital Engagement,Send a guided platform walkthrough or personal onboarding session; simplify the upgrade flow for this account.,2026-07-18
ACC-101050,"Greene, Gonzalez and Johnson",Energy & Utilities,AM-025,25778.28,38,37,Plan & Feature Selection,0.273,True,Severe drop-off at a specific self-service step (experience gap) (increasing risk),High upgrade funnel abandonment (decreasing risk),Contract type: Month-to-Month (decreasing risk),Digital Engagement,Send a guided platform walkthrough or personal onboarding session; simplify the upgrade flow for this account.,2026-07-18
ACC-101086,Morgan LLC,Government,AM-003,14613.03,32,30,Checkout / Payment,0.272,False,Low self-service task completion rate (decreasing risk),High upgrade funnel abandonment (decreasing risk),Contract type: Month-to-Month (increasing risk),Digital Engagement,Send a guided platform walkthrough or personal onboarding session; simplify the upgrade flow for this account.,2026-07-18
ACC-102875,"Scott, Mullins and Miller",Manufacturing,AM-011,21577.22,39,37,Add to Cart,0.271,False,Low self-service task completion rate (increasing risk),Rising line disconnects (90d) (decreasing risk),Contract type: Month-to-Month (decreasing risk),Digital Engagement,Send a guided platform walkthrough or personal onboarding session; simplify the upgrade flow for this account.,2026-07-18
ACC-104156,"White, Mccoy and Murphy",Government,AM-014,34564.73,52,52,Support Handoff,0.271,False,Repeated late payments (12mo) (increasing risk),Auto-renewal not enabled (increasing risk),Contract type: Month-to-Month (decreasing risk),Billing & Payments,Offer autopay enrollment incentive; review invoice accuracy; flag account to billing support.,2026-07-18
ACC-104394,"Marks, Hartman and Rodriguez",Manufacturing,AM-024,28471.48,41,40,Checkout / Payment,0.271,True,Low self-service task completion rate (decreasing risk),High support ticket volume (90d) (increasing risk),Contract type: Month-to-Month (increasing risk),Digital Engagement,Send a guided platform walkthrough or personal onboarding session; simplify the upgrade flow for this account.,2026-07-18
ACC-105051,Deleon Ltd,Pharmaceuticals,AM-021,25245.04,45,45,Support Handoff,0.271,False,Low customer satisfaction (CSAT) (increasing risk),Low self-service task completion rate (decreasing risk),Industry segment: Pharmaceuticals (decreasing risk),Support & Service,Escalate to a senior account rep for a service recovery call; audit recent ticket resolution quality.,2026-07-18
ACC-102096,"Palmer, Brown and Wilson",Energy & Utilities,AM-002,18189.5,36,36,Add to Cart,0.271,False,Severe drop-off at a specific self-service step (experience gap) (decreasing risk),Contract type: Month-to-Month (increasing risk),Low self-service task completion rate (increasing risk),Digital Engagement,Send a guided platform walkthrough or personal onboarding session; simplify the upgrade flow for this account.,2026-07-18
ACC-102495,"Nielsen, Lynch and Smith",Manufacturing,AM-021,25180.2,45,41,Order Confirmation,0.271,False,History of late invoice payments (increasing risk),Long time since last platform login (increasing risk),"Low feature adoption (mobile share, family plan, etc.) (decreasing risk)",Billing & Payments,Offer autopay enrollment incentive; review invoice accuracy; flag account to billing support.,2026-07-18
ACC-104558,"Hull, Mcgrath and Thomas",Hospitality,AM-019,27388.95,50,47,Login / Authentication,0.271,False,Severe drop-off at a specific self-service step (experience gap) (decreasing risk),Contract type: Month-to-Month (increasing risk),Low self-service task completion rate (decreasing risk),Digital Engagement,Send a guided platform walkthrough or personal onboarding session; simplify the upgrade flow for this account.,2026-07-18
ACC-101715,"Rice, Miller and Ramsey",Healthcare,AM-017,19365.02,33,32,Plan & Feature Selection,0.271,False,Contract type: Month-to-Month (increasing risk),High upgrade funnel abandonment (decreasing risk),Repeated late payments (12mo) (increasing risk),Contract & Account Health,Proactively reach out ahead of renewal; confirm auto-renewal status; review disconnected lines.,2026-07-18
ACC-102292,Maldonado-Becker,Small Business / Retail,AM-020,26196.13,40,38,Login / Authentication,0.27,False,Severe drop-off at a specific self-service step (experience gap) (increasing risk),High upgrade funnel abandonment (decreasing risk),Contract type: Month-to-Month (decreasing risk),Digital Engagement,Send a guided platform walkthrough or personal onboarding session; simplify the upgrade flow for this account.,2026-07-18
ACC-102857,Hancock-Santos,Education,AM-002,18097.42,40,37,Checkout / Payment,0.27,False,High upgrade funnel abandonment (increasing risk),Severe drop-off at a specific self-service step (experience gap) (decreasing risk),Auto-renewal not enabled (increasing risk),Digital Engagement,Send a guided platform walkthrough or personal onboarding session; simplify the upgrade flow for this account.,2026-07-18
ACC-101197,Clay Group,Manufacturing,AM-015,29413.05,46,46,Checkout / Payment,0.269,False,Severe drop-off at a specific self-service step (experience gap) (decreasing risk),Contract type: Month-to-Month (increasing risk),Auto-renewal not enabled (increasing risk),Digital Engagement,Send a guided platform walkthrough or personal onboarding session; simplify the upgrade flow for this account.,2026-07-18
ACC-104513,"Meyers, Ward and Brown",Energy & Utilities,AM-005,19896.14,44,42,Checkout / Payment,0.269,False,Severe drop-off at a specific self-service step (experience gap) (decreasing risk),Approaching contract renewal window (increasing risk),Low self-service task completion rate (decreasing risk),Digital Engagement,Send a guided platform walkthrough or personal onboarding session; simplify the upgrade flow for this account.,2026-07-18
ACC-101521,Daniels and Sons,Healthcare,AM-001,18371.87,34,34,Support Handoff,0.269,False,Low self-service task completion rate (increasing risk),Approaching contract renewal window (decreasing risk),High annual revenue account (decreasing risk),Digital Engagement,Send a guided platform walkthrough or personal onboarding session; simplify the upgrade flow for this account.,2026-07-18
ACC-105841,"Thomas, Bradley and Mcdonald",Banking & Financial Services,AM-021,21814.92,44,44,Support Handoff,0.269,False,Contract type: Month-to-Month (decreasing risk),High upgrade funnel abandonment (decreasing risk),Short account tenure (increasing risk),Contract & Account Health,Proactively reach out ahead of renewal; confirm auto-renewal status; review disconnected lines.,2026-07-18
ACC-103082,Allison-Delacruz,Manufacturing,AM-010,27694.87,42,40,Checkout / Payment,0.268,True,Low customer satisfaction (CSAT) (decreasing risk),Contract type: Month-to-Month (increasing risk),Severe drop-off at a specific self-service step (experience gap) (increasing risk),Support & Service,Escalate to a senior account rep for a service recovery call; audit recent ticket resolution quality.,2026-07-18
ACC-105068,Davis-Ramsey,Healthcare,AM-012,18951.21,54,54,Support Handoff,0.268,False,Severe drop-off at a specific self-service step (experience gap) (increasing risk),Rising line disconnects (90d) (decreasing risk),Low device upgrade activity (decreasing risk),Digital Engagement,Send a guided platform walkthrough or personal onboarding session; simplify the upgrade flow for this account.,2026-07-18
ACC-101398,Brock and Sons,Education,AM-002,27802.69,62,58,Device Browse/Compare,0.268,False,Contract type: Month-to-Month (decreasing risk),High upgrade funnel abandonment (increasing risk),Approaching contract renewal window (decreasing risk),Contract & Account Health,Proactively reach out ahead of renewal; confirm auto-renewal status; review disconnected lines.,2026-07-18
ACC-105052,"Johnson, Pacheco and Johnson",Technology,AM-018,23888.0,41,38,Plan & Feature Selection,0.268,False,Auto-renewal not enabled (increasing risk),Low customer satisfaction (CSAT) (increasing risk),Low self-service task completion rate (decreasing risk),Contract & Account Health,Proactively reach out ahead of renewal; confirm auto-renewal status; review disconnected lines.,2026-07-18
ACC-103863,Scott-Johnson,Energy & Utilities,AM-009,31099.9,54,54,Add to Cart,0.268,False,Contract type: Month-to-Month (increasing risk),High upgrade funnel abandonment (increasing risk),"Low feature adoption (mobile share, family plan, etc.) (increasing risk)",Contract & Account Health,Proactively reach out ahead of renewal; confirm auto-renewal status; review disconnected lines.,2026-07-18
ACC-100319,"Shaw, Nelson and Martin",Small Business / Retail,AM-013,28042.89,56,53,Support Handoff,0.268,False,Rising line disconnects (90d) (increasing risk),Severe drop-off at a specific self-service step (experience gap) (decreasing risk),Contract type: Month-to-Month (decreasing risk),Contract & Account Health,Proactively reach out ahead of renewal; confirm auto-renewal status; review disconnected lines.,2026-07-18
ACC-103454,"Evans, Wilson and Hall",Healthcare,AM-014,30892.36,51,50,Support Handoff,0.266,False,Auto-renewal not enabled (increasing risk),Contract type: Month-to-Month (decreasing risk),Low self-service task completion rate (decreasing risk),Contract & Account Health,Proactively reach out ahead of renewal; confirm auto-renewal status; review disconnected lines.,2026-07-18
ACC-103195,"Kim, Campbell and Oliver",Education,AM-004,15402.05,40,39,Checkout / Payment,0.266,False,High upgrade funnel abandonment (decreasing risk),Contract type: Month-to-Month (decreasing risk),"Low feature adoption (mobile share, family plan, etc.) (increasing risk)",Digital Engagement,Send a guided platform walkthrough or personal onboarding session; simplify the upgrade flow for this account.,2026-07-18
ACC-100553,Ballard Ltd,Manufacturing,AM-009,28213.93,45,41,Checkout / Payment,0.265,False,Low self-service task completion rate (decreasing risk),Contract type: Month-to-Month (increasing risk),High upgrade funnel abandonment (decreasing risk),Digital Engagement,Send a guided platform walkthrough or personal onboarding session; simplify the upgrade flow for this account.,2026-07-18
ACC-100976,Anderson Group,Technology,AM-017,39356.61,48,45,Add to Cart,0.264,False,High upgrade funnel abandonment (decreasing risk),Rising line disconnects (90d) (increasing risk),"Low feature adoption (mobile share, family plan, etc.) (decreasing risk)",Digital Engagement,Send a guided platform walkthrough or personal onboarding session; simplify the upgrade flow for this account.,2026-07-18
ACC-105857,"Davies, Macdonald and Galvan",Small Business / Retail,AM-001,26110.3,55,53,Plan & Feature Selection,0.264,False,Low self-service task completion rate (increasing risk),Severe drop-off at a specific self-service step (experience gap) (decreasing risk),Contract type: Month-to-Month (decreasing risk),Digital Engagement,Send a guided platform walkthrough or personal onboarding session; simplify the upgrade flow for this account.,2026-07-18
ACC-100708,"Harrison, Franco and Rocha",Education,AM-024,19919.42,34,34,Device Browse/Compare,0.263,False,History of late invoice payments (increasing risk),High upgrade funnel abandonment (decreasing risk),Contract type: Month-to-Month (decreasing risk),Billing & Payments,Offer autopay enrollment incentive; review invoice accuracy; flag account to billing support.,2026-07-18
ACC-101644,Browning-Murphy,Healthcare,AM-012,29519.64,53,49,Device Browse/Compare,0.263,False,Contract type: Month-to-Month (decreasing risk),High upgrade funnel abandonment (increasing risk),Auto-renewal not enabled (decreasing risk),Contract & Account Health,Proactively reach out ahead of renewal; confirm auto-renewal status; review disconnected lines.,2026-07-18
ACC-101391,"Olson, Wood and Peters",Manufacturing,AM-023,25621.7,35,33,Checkout / Payment,0.262,False,Low customer satisfaction (CSAT) (increasing risk),Severe drop-off at a specific self-service step (experience gap) (decreasing risk),Large number of managed lines (CTNs) (decreasing risk),Support & Service,Escalate to a senior account rep for a service recovery call; audit recent ticket resolution quality.,2026-07-18
ACC-104234,Romero Group,Banking & Financial Services,AM-006,19585.14,42,41,Plan & Feature Selection,0.262,False,Low self-service task completion rate (increasing risk),Severe drop-off at a specific self-service step (experience gap) (decreasing risk),Contract type: Month-to-Month (decreasing risk),Digital Engagement,Send a guided platform walkthrough or personal onboarding session; simplify the upgrade flow for this account.,2026-07-18
ACC-101978,Anderson LLC,Pharmaceuticals,AM-025,31152.05,55,53,Support Handoff,0.262,True,Low customer satisfaction (CSAT) (decreasing risk),Industry segment: Pharmaceuticals (decreasing risk),Auto-renewal not enabled (increasing risk),Support & Service,Escalate to a senior account rep for a service recovery call; audit recent ticket resolution quality.,2026-07-18
ACC-102900,Melton and Sons,Education,AM-012,24876.29,51,50,Plan & Feature Selection,0.262,False,Contract type: Month-to-Month (decreasing risk),High upgrade funnel abandonment (increasing risk),Low self-service task completion rate (decreasing risk),Contract & Account Health,Proactively reach out ahead of renewal; confirm auto-renewal status; review disconnected lines.,2026-07-18
ACC-102668,"Brady, James and Reese",Pharmaceuticals,AM-009,39434.18,50,50,Device Browse/Compare,0.262,False,Contract type: Month-to-Month (increasing risk),Severe drop-off at a specific self-service step (experience gap) (decreasing risk),Industry segment: Pharmaceuticals (decreasing risk),Contract & Account Health,Proactively reach out ahead of renewal; confirm auto-renewal status; review disconnected lines.,2026-07-18
ACC-104906,Anderson Inc,Manufacturing,AM-007,31886.52,48,48,Plan & Feature Selection,0.262,False,High upgrade funnel abandonment (decreasing risk),High monthly spend (decreasing risk),Auto-renewal not enabled (increasing risk),Digital Engagement,Send a guided platform walkthrough or personal onboarding session; simplify the upgrade flow for this account.,2026-07-18
ACC-102576,Cameron Inc,Technology,AM-001,24765.17,54,53,Support Handoff,0.261,False,Contract type: Month-to-Month (increasing risk),High upgrade funnel abandonment (decreasing risk),Auto-renewal not enabled (increasing risk),Contract & Account Health,Proactively reach out ahead of renewal; confirm auto-renewal status; review disconnected lines.,2026-07-18
ACC-100164,Castaneda-Ashley,Logistics,AM-013,24621.88,44,43,Device Browse/Compare,0.261,False,Low self-service task completion rate (increasing risk),Contract type: Month-to-Month (decreasing risk),Short account tenure (decreasing risk),Digital Engagement,Send a guided platform walkthrough or personal onboarding session; simplify the upgrade flow for this account.,2026-07-18
ACC-102449,Fitzgerald-Brewer,Energy & Utilities,AM-009,31321.96,45,45,Device Browse/Compare,0.26,False,Low self-service task completion rate (increasing risk),Approaching contract renewal window (decreasing risk),Low customer satisfaction (CSAT) (decreasing risk),Digital Engagement,Send a guided platform walkthrough or personal onboarding session; simplify the upgrade flow for this account.,2026-07-18
ACC-101823,Good PLC,Manufacturing,AM-021,24907.74,45,42,Device Browse/Compare,0.26,False,History of late invoice payments (increasing risk),High upgrade funnel abandonment (increasing risk),Contract type: Month-to-Month (decreasing risk),Billing & Payments,Offer autopay enrollment incentive; review invoice accuracy; flag account to billing support.,2026-07-18
ACC-103178,"Newton, Doyle and Stewart",Government,AM-007,31033.5,51,49,Checkout / Payment,0.26,False,Low self-service task completion rate (decreasing risk),Contract type: Month-to-Month (increasing risk),Long time since last platform login (increasing risk),Digital Engagement,Send a guided platform walkthrough or personal onboarding session; simplify the upgrade flow for this account.,2026-07-18
ACC-100254,Roberts-Landry,Manufacturing,AM-003,18336.19,37,36,Checkout / Payment,0.26,False,Severe drop-off at a specific self-service step (experience gap) (decreasing risk),Low self-service task completion rate (increasing risk),Repeated late payments (12mo) (increasing risk),Digital Engagement,Send a guided platform walkthrough or personal onboarding session; simplify the upgrade flow for this account.,2026-07-18
ACC-103231,Rodriguez LLC,Small Business / Retail,AM-013,35135.58,56,56,Login / Authentication,0.259,False,Low self-service task completion rate (decreasing risk),Contract type: Month-to-Month (increasing risk),Large number of managed lines (CTNs) (increasing risk),Digital Engagement,Send a guided platform walkthrough or personal onboarding session; simplify the upgrade flow for this account.,2026-07-18
ACC-104251,Carter Ltd,Pharmaceuticals,AM-012,26108.74,54,52,Device Browse/Compare,0.259,True,Approaching contract renewal window (decreasing risk),High support ticket volume (90d) (increasing risk),High upgrade funnel abandonment (decreasing risk),Contract & Account Health,Proactively reach out ahead of renewal; confirm auto-renewal status; review disconnected lines.,2026-07-18
ACC-103606,Mccoy-Hunt,Manufacturing,AM-014,19326.25,29,28,Support Handoff,0.259,True,Low customer satisfaction (CSAT) (decreasing risk),Auto-renewal not enabled (increasing risk),High upgrade funnel abandonment (decreasing risk),Support & Service,Escalate to a senior account rep for a service recovery call; audit recent ticket resolution quality.,2026-07-18
ACC-100801,"Burgess, Grant and Watts",Healthcare,AM-015,13108.53,23,21,Device Browse/Compare,0.258,False,Low device-to-line ratio (increasing risk),High annual revenue account (decreasing risk),Contract type: Month-to-Month (decreasing risk),Contract & Account Health,Proactively reach out ahead of renewal; confirm auto-renewal status; review disconnected lines.,2026-07-18
ACC-103144,Ortiz-Harvey,Small Business / Retail,AM-012,32061.95,42,41,Login / Authentication,0.258,True,Low self-service task completion rate (increasing risk),Low customer satisfaction (CSAT) (decreasing risk),Approaching contract renewal window (decreasing risk),Digital Engagement,Send a guided platform walkthrough or personal onboarding session; simplify the upgrade flow for this account.,2026-07-18
ACC-101423,Reyes and Sons,Government,AM-014,43942.84,58,57,Checkout / Payment,0.258,False,Severe drop-off at a specific self-service step (experience gap) (increasing risk),Low self-service task completion rate (decreasing risk),Contract type: Month-to-Month (decreasing risk),Digital Engagement,Send a guided platform walkthrough or personal onboarding session; simplify the upgrade flow for this account.,2026-07-18
ACC-105406,"Gonzales, Martinez and Harrison",Pharmaceuticals,AM-019,22079.86,34,32,Add to Cart,0.257,False,Low customer satisfaction (CSAT) (increasing risk),Approaching contract renewal window (increasing risk),High upgrade funnel abandonment (decreasing risk),Support & Service,Escalate to a senior account rep for a service recovery call; audit recent ticket resolution quality.,2026-07-18
ACC-102548,"Martinez, Hicks and Kelly",Small Business / Retail,AM-023,28673.89,40,38,Order Confirmation,0.257,True,High support ticket volume (90d) (increasing risk),Low customer satisfaction (CSAT) (decreasing risk),High upgrade funnel abandonment (increasing risk),Support & Service,Escalate to a senior account rep for a service recovery call; audit recent ticket resolution quality.,2026-07-18
ACC-105175,"Armstrong, Bennett and Deleon",Logistics,AM-025,24638.39,40,39,Login / Authentication,0.256,False,High upgrade funnel abandonment (increasing risk),Low customer satisfaction (CSAT) (decreasing risk),Contract type: Month-to-Month (increasing risk),Digital Engagement,Send a guided platform walkthrough or personal onboarding session; simplify the upgrade flow for this account.,2026-07-18
ACC-105537,Johnson LLC,Healthcare,AM-011,31591.12,51,50,Login / Authentication,0.256,False,Slow support resolution times (increasing risk),High upgrade funnel abandonment (decreasing risk),Low customer satisfaction (CSAT) (increasing risk),Support & Service,Escalate to a senior account rep for a service recovery call; audit recent ticket resolution quality.,2026-07-18
ACC-104550,"Fernandez, Flores and Fowler",Technology,AM-008,24746.17,35,31,Support Handoff,0.256,True,Low platform login frequency (increasing risk),Large number of managed lines (CTNs) (decreasing risk),High support ticket volume (90d) (increasing risk),Digital Engagement,Send a guided platform walkthrough or personal onboarding session; simplify the upgrade flow for this account.,2026-07-18
ACC-103296,Flores and Sons,Manufacturing,AM-013,27675.86,43,41,Login / Authentication,0.256,False,High upgrade funnel abandonment (increasing risk),Contract type: Month-to-Month (decreasing risk),"Low feature adoption (mobile share, family plan, etc.) (increasing risk)",Digital Engagement,Send a guided platform walkthrough or personal onboarding session; simplify the upgrade flow for this account.,2026-07-18
ACC-104747,Freeman-Christensen,Banking & Financial Services,AM-001,34053.79,53,53,Checkout / Payment,0.256,False,Auto-renewal not enabled (increasing risk),Contract type: Month-to-Month (decreasing risk),Low self-service task completion rate (decreasing risk),Contract & Account Health,Proactively reach out ahead of renewal; confirm auto-renewal status; review disconnected lines.,2026-07-18
ACC-104120,Castillo and Sons,Healthcare,AM-015,21781.07,38,37,Login / Authentication,0.255,False,Severe drop-off at a specific self-service step (experience gap) (increasing risk),High upgrade funnel abandonment (increasing risk),Contract type: Month-to-Month (decreasing risk),Digital Engagement,Send a guided platform walkthrough or personal onboarding session; simplify the upgrade flow for this account.,2026-07-18
ACC-103853,"Mitchell, Smith and Clark",Logistics,AM-013,23717.57,48,47,Plan & Feature Selection,0.254,False,Severe drop-off at a specific self-service step (experience gap) (decreasing risk),Contract type: Month-to-Month (decreasing risk),Auto-renewal not enabled (increasing risk),Digital Engagement,Send a guided platform walkthrough or personal onboarding session; simplify the upgrade flow for this account.,2026-07-18
ACC-101942,Brown-Rodriguez,Healthcare,AM-004,31344.26,52,50,Plan & Feature Selection,0.254,False,Low self-service task completion rate (increasing risk),High upgrade funnel abandonment (decreasing risk),Contract type: Month-to-Month (decreasing risk),Digital Engagement,Send a guided platform walkthrough or personal onboarding session; simplify the upgrade flow for this account.,2026-07-18
ACC-103508,Guerrero Inc,Hospitality,AM-005,17816.6,34,34,Device Browse/Compare,0.254,False,Auto-renewal not enabled (increasing risk),High monthly spend (increasing risk),High upgrade funnel abandonment (decreasing risk),Contract & Account Health,Proactively reach out ahead of renewal; confirm auto-renewal status; review disconnected lines.,2026-07-18
ACC-102756,"Skinner, Smith and Wise",Energy & Utilities,AM-008,28254.84,50,50,Plan & Feature Selection,0.253,False,Contract type: Month-to-Month (increasing risk),High upgrade funnel abandonment (decreasing risk),Low customer satisfaction (CSAT) (increasing risk),Contract & Account Health,Proactively reach out ahead of renewal; confirm auto-renewal status; review disconnected lines.,2026-07-18
ACC-101094,Jones Ltd,Pharmaceuticals,AM-013,26097.12,46,45,Support Handoff,0.253,False,Contract type: Month-to-Month (increasing risk),Approaching contract renewal window (decreasing risk),High annual revenue account (increasing risk),Contract & Account Health,Proactively reach out ahead of renewal; confirm auto-renewal status; review disconnected lines.,2026-07-18
ACC-105056,"Watson, Cobb and Goodman",Education,AM-003,28920.38,56,56,Login / Authentication,0.253,False,Low self-service task completion rate (decreasing risk),High upgrade funnel abandonment (decreasing risk),Auto-renewal not enabled (increasing risk),Digital Engagement,Send a guided platform walkthrough or personal onboarding session; simplify the upgrade flow for this account.,2026-07-18
ACC-101334,"Kennedy, Rowe and Diaz",Logistics,AM-020,34079.01,56,55,Checkout / Payment,0.252,False,Contract type: Month-to-Month (increasing risk),High upgrade funnel abandonment (decreasing risk),"Low feature adoption (mobile share, family plan, etc.) (increasing risk)",Contract & Account Health,Proactively reach out ahead of renewal; confirm auto-renewal status; review disconnected lines.,2026-07-18
ACC-100984,Underwood-Foster,Energy & Utilities,AM-024,22082.71,41,40,Add to Cart,0.252,False,Contract type: Month-to-Month (increasing risk),Low self-service task completion rate (decreasing risk),History of late invoice payments (increasing risk),Contract & Account Health,Proactively reach out ahead of renewal; confirm auto-renewal status; review disconnected lines.,2026-07-18
ACC-100548,"Morgan, Bradshaw and Williams",Energy & Utilities,AM-003,23205.91,52,51,Login / Authentication,0.251,False,Low self-service task completion rate (decreasing risk),Severe drop-off at a specific self-service step (experience gap) (decreasing risk),Rising line disconnects (90d) (increasing risk),Digital Engagement,Send a guided platform walkthrough or personal onboarding session; simplify the upgrade flow for this account.,2026-07-18
ACC-102762,"Booth, Rodriguez and Armstrong",Government,AM-002,26231.63,40,39,Plan & Feature Selection,0.251,False,Auto-renewal not enabled (increasing risk),Approaching contract renewal window (decreasing risk),Contract type: Month-to-Month (decreasing risk),Contract & Account Health,Proactively reach out ahead of renewal; confirm auto-renewal status; review disconnected lines.,2026-07-18
ACC-103812,Simmons LLC,Small Business / Retail,AM-001,28787.59,48,46,Device Browse/Compare,0.25,False,Severe drop-off at a specific self-service step (experience gap) (increasing risk),History of late invoice payments (decreasing risk),"Low feature adoption (mobile share, family plan, etc.) (decreasing risk)",Digital Engagement,Send a guided platform walkthrough or personal onboarding session; simplify the upgrade flow for this account.,2026-07-18
ACC-104529,Turner LLC,Education,AM-004,31054.26,54,54,Login / Authentication,0.249,False,Contract type: Month-to-Month (increasing risk),High upgrade funnel abandonment (decreasing risk),History of late invoice payments (decreasing risk),Contract & Account Health,Proactively reach out ahead of renewal; confirm auto-renewal status; review disconnected lines.,2026-07-18
ACC-105640,"James, Edwards and Stafford",Hospitality,AM-024,23833.57,44,42,Support Handoff,0.249,False,Contract type: Month-to-Month (decreasing risk),"Low feature adoption (mobile share, family plan, etc.) (increasing risk)",High upgrade funnel abandonment (increasing risk),Contract & Account Health,Proactively reach out ahead of renewal; confirm auto-renewal status; review disconnected lines.,2026-07-18
ACC-105216,Brown-Brown,Government,AM-006,23009.03,47,45,Device Browse/Compare,0.249,False,High upgrade funnel abandonment (increasing risk),Contract type: Month-to-Month (decreasing risk),Severe drop-off at a specific self-service step (experience gap) (decreasing risk),Digital Engagement,Send a guided platform walkthrough or personal onboarding session; simplify the upgrade flow for this account.,2026-07-18
ACC-100691,Atkinson LLC,Banking & Financial Services,AM-001,31903.32,46,43,Support Handoff,0.249,False,Approaching contract renewal window (increasing risk),High upgrade funnel abandonment (decreasing risk),Contract type: Month-to-Month (decreasing risk),Contract & Account Health,Proactively reach out ahead of renewal; confirm auto-renewal status; review disconnected lines.,2026-07-18
ACC-102858,Chen-Wallace,Technology,AM-011,31973.96,46,44,Checkout / Payment,0.248,False,Severe drop-off at a specific self-service step (experience gap) (decreasing risk),Low self-service task completion rate (increasing risk),Repeated late payments (12mo) (increasing risk),Digital Engagement,Send a guided platform walkthrough or personal onboarding session; simplify the upgrade flow for this account.,2026-07-18
ACC-100527,Contreras-Mckinney,Logistics,AM-013,31702.75,50,49,Add to Cart,0.248,False,Rising line disconnects (90d) (increasing risk),Contract type: Month-to-Month (decreasing risk),Severe drop-off at a specific self-service step (experience gap) (decreasing risk),Contract & Account Health,Proactively reach out ahead of renewal; confirm auto-renewal status; review disconnected lines.,2026-07-18
ACC-104937,Rojas Ltd,Banking & Financial Services,AM-003,19176.85,42,42,Checkout / Payment,0.246,False,Severe drop-off at a specific self-service step (experience gap) (decreasing risk),Contract type: Month-to-Month (increasing risk),High upgrade funnel abandonment (increasing risk),Digital Engagement,Send a guided platform walkthrough or personal onboarding session; simplify the upgrade flow for this account.,2026-07-18
ACC-104109,Ryan-Steele,Small Business / Retail,AM-010,24302.51,42,41,Login / Authentication,0.246,False,Low self-service task completion rate (decreasing risk),Contract type: Month-to-Month (increasing risk),High upgrade funnel abandonment (increasing risk),Digital Engagement,Send a guided platform walkthrough or personal onboarding session; simplify the upgrade flow for this account.,2026-07-18
ACC-104314,"Gardner, Smith and Holloway",Small Business / Retail,AM-003,18638.81,36,32,Device Browse/Compare,0.246,False,Severe drop-off at a specific self-service step (experience gap) (increasing risk),Contract type: Month-to-Month (increasing risk),High upgrade funnel abandonment (decreasing risk),Digital Engagement,Send a guided platform walkthrough or personal onboarding session; simplify the upgrade flow for this account.,2026-07-18
ACC-102343,Hernandez-Henderson,Technology,AM-014,25377.97,44,42,Checkout / Payment,0.246,False,Low customer satisfaction (CSAT) (decreasing risk),Contract type: Month-to-Month (increasing risk),Auto-renewal not enabled (decreasing risk),Support & Service,Escalate to a senior account rep for a service recovery call; audit recent ticket resolution quality.,2026-07-18
ACC-101961,Harris-Martinez,Government,AM-011,14555.39,29,29,Add to Cart,0.246,False,Severe drop-off at a specific self-service step (experience gap) (decreasing risk),High monthly spend (increasing risk),Low self-service task completion rate (increasing risk),Digital Engagement,Send a guided platform walkthrough or personal onboarding session; simplify the upgrade flow for this account.,2026-07-18
ACC-100114,Torres-Pope,Government,AM-010,27505.97,39,37,Device Browse/Compare,0.246,False,Large number of managed lines (CTNs) (decreasing risk),Auto-renewal not enabled (increasing risk),"Low feature adoption (mobile share, family plan, etc.) (increasing risk)",Contract & Account Health,Proactively reach out ahead of renewal; confirm auto-renewal status; review disconnected lines.,2026-07-18
ACC-105706,Carrillo-Mendez,Logistics,AM-005,27450.09,50,49,Support Handoff,0.246,False,Contract type: Month-to-Month (increasing risk),Slow support resolution times (decreasing risk),History of late invoice payments (increasing risk),Contract & Account Health,Proactively reach out ahead of renewal; confirm auto-renewal status; review disconnected lines.,2026-07-18
ACC-105226,Walsh LLC,Government,AM-025,16036.65,28,27,Support Handoff,0.245,False,Severe drop-off at a specific self-service step (experience gap) (increasing risk),High upgrade funnel abandonment (decreasing risk),History of late invoice payments (decreasing risk),Digital Engagement,Send a guided platform walkthrough or personal onboarding session; simplify the upgrade flow for this account.,2026-07-18
ACC-103575,Vargas-Jensen,Energy & Utilities,AM-010,23022.76,45,44,Add to Cart,0.245,False,Contract type: Month-to-Month (increasing risk),Low customer satisfaction (CSAT) (increasing risk),Approaching contract renewal window (decreasing risk),Contract & Account Health,Proactively reach out ahead of renewal; confirm auto-renewal status; review disconnected lines.,2026-07-18
ACC-100340,Garcia-Jennings,Education,AM-018,22427.22,48,47,Device Browse/Compare,0.245,False,Low self-service task completion rate (decreasing risk),High upgrade funnel abandonment (decreasing risk),Contract type: Month-to-Month (increasing risk),Digital Engagement,Send a guided platform walkthrough or personal onboarding session; simplify the upgrade flow for this account.,2026-07-18
ACC-102110,Zavala-Coleman,Technology,AM-007,20999.29,37,35,Plan & Feature Selection,0.244,False,Severe drop-off at a specific self-service step (experience gap) (increasing risk),Approaching contract renewal window (decreasing risk),High upgrade funnel abandonment (increasing risk),Digital Engagement,Send a guided platform walkthrough or personal onboarding session; simplify the upgrade flow for this account.,2026-07-18
ACC-104863,Leblanc PLC,Hospitality,AM-020,32441.64,58,56,Checkout / Payment,0.244,False,Low self-service task completion rate (decreasing risk),Contract type: Month-to-Month (increasing risk),Approaching contract renewal window (increasing risk),Digital Engagement,Send a guided platform walkthrough or personal onboarding session; simplify the upgrade flow for this account.,2026-07-18
ACC-102288,Fox PLC,Small Business / Retail,AM-024,16221.13,43,41,Device Browse/Compare,0.244,True,Severe drop-off at a specific self-service step (experience gap) (increasing risk),Contract type: Month-to-Month (increasing risk),High annual revenue account (decreasing risk),Digital Engagement,Send a guided platform walkthrough or personal onboarding session; simplify the upgrade flow for this account.,2026-07-18
ACC-103731,"King, Garrett and Maddox",Education,AM-020,23596.23,48,47,Plan & Feature Selection,0.244,False,Severe drop-off at a specific self-service step (experience gap) (decreasing risk),Low customer satisfaction (CSAT) (increasing risk),Rising line disconnects (90d) (decreasing risk),Digital Engagement,Send a guided platform walkthrough or personal onboarding session; simplify the upgrade flow for this account.,2026-07-18
ACC-105644,Bowen Ltd,Logistics,AM-002,30139.83,50,49,Checkout / Payment,0.243,False,Low self-service task completion rate (increasing risk),High upgrade funnel abandonment (decreasing risk),Low customer satisfaction (CSAT) (decreasing risk),Digital Engagement,Send a guided platform walkthrough or personal onboarding session; simplify the upgrade flow for this account.,2026-07-18
ACC-101034,Bell-Bennett,Small Business / Retail,AM-023,19384.62,40,39,Checkout / Payment,0.242,False,Severe drop-off at a specific self-service step (experience gap) (decreasing risk),"Low feature adoption (mobile share, family plan, etc.) (increasing risk)",Contract type: Month-to-Month (decreasing risk),Digital Engagement,Send a guided platform walkthrough or personal onboarding session; simplify the upgrade flow for this account.,2026-07-18
ACC-104999,Scott PLC,Small Business / Retail,AM-021,35559.34,52,50,Device Browse/Compare,0.242,False,Auto-renewal not enabled (increasing risk),Contract type: Month-to-Month (decreasing risk),Rising line disconnects (90d) (decreasing risk),Contract & Account Health,Proactively reach out ahead of renewal; confirm auto-renewal status; review disconnected lines.,2026-07-18
ACC-101301,Reilly-Rodriguez,Healthcare,AM-015,25649.41,42,41,Plan & Feature Selection,0.242,False,Low self-service task completion rate (increasing risk),Severe drop-off at a specific self-service step (experience gap) (decreasing risk),Contract type: Month-to-Month (decreasing risk),Digital Engagement,Send a guided platform walkthrough or personal onboarding session; simplify the upgrade flow for this account.,2026-07-18
ACC-100045,Spence PLC,Healthcare,AM-023,33404.11,51,50,Plan & Feature Selection,0.242,False,High upgrade funnel abandonment (decreasing risk),Contract type: Month-to-Month (increasing risk),Auto-renewal not enabled (decreasing risk),Digital Engagement,Send a guided platform walkthrough or personal onboarding session; simplify the upgrade flow for this account.,2026-07-18
ACC-101620,Cole-Johnson,Banking & Financial Services,AM-004,16018.6,38,37,Add to Cart,0.24,False,History of late invoice payments (increasing risk),High upgrade funnel abandonment (decreasing risk),High monthly spend (increasing risk),Billing & Payments,Offer autopay enrollment incentive; review invoice accuracy; flag account to billing support.,2026-07-18
ACC-100082,Donovan-Harris,Logistics,AM-011,23473.46,54,53,Login / Authentication,0.24,False,Severe drop-off at a specific self-service step (experience gap) (decreasing risk),History of late invoice payments (decreasing risk),Contract type: Month-to-Month (increasing risk),Digital Engagement,Send a guided platform walkthrough or personal onboarding session; simplify the upgrade flow for this account.,2026-07-18
ACC-105145,"Williams, Richardson and Smith",Technology,AM-017,26236.55,42,38,Add to Cart,0.24,False,High upgrade funnel abandonment (increasing risk),Contract type: Month-to-Month (decreasing risk),Auto-renewal not enabled (decreasing risk),Digital Engagement,Send a guided platform walkthrough or personal onboarding session; simplify the upgrade flow for this account.,2026-07-18
ACC-101590,"Warner, Weiss and Davis",Energy & Utilities,AM-023,19491.37,38,37,Support Handoff,0.24,False,Contract type: Month-to-Month (increasing risk),High monthly spend (increasing risk),High upgrade funnel abandonment (decreasing risk),Contract & Account Health,Proactively reach out ahead of renewal; confirm auto-renewal status; review disconnected lines.,2026-07-18
ACC-101750,"Haney, Harris and Johnson",Pharmaceuticals,AM-017,23149.02,43,41,Checkout / Payment,0.24,False,Low self-service task completion rate (decreasing risk),Contract type: Month-to-Month (increasing risk),Short account tenure (increasing risk),Digital Engagement,Send a guided platform walkthrough or personal onboarding session; simplify the upgrade flow for this account.,2026-07-18
ACC-103501,"Alexander, Duran and Benton",Education,AM-003,31641.8,40,38,Login / Authentication,0.238,False,Low self-service task completion rate (increasing risk),History of late invoice payments (decreasing risk),Auto-renewal not enabled (increasing risk),Digital Engagement,Send a guided platform walkthrough or personal onboarding session; simplify the upgrade flow for this account.,2026-07-18
ACC-102846,"Gonzalez, Curtis and Cox",Government,AM-002,27328.39,43,42,Checkout / Payment,0.238,False,Contract type: Month-to-Month (increasing risk),Rising line disconnects (90d) (decreasing risk),Slow support resolution times (decreasing risk),Contract & Account Health,Proactively reach out ahead of renewal; confirm auto-renewal status; review disconnected lines.,2026-07-18
ACC-105567,"Hopkins, Mccoy and Guerrero",Manufacturing,AM-003,27609.4,46,46,Device Browse/Compare,0.237,False,Severe drop-off at a specific self-service step (experience gap) (increasing risk),High upgrade funnel abandonment (decreasing risk),Contract type: Month-to-Month (increasing risk),Digital Engagement,Send a guided platform walkthrough or personal onboarding session; simplify the upgrade flow for this account.,2026-07-18
ACC-104060,"Sanford, Harmon and Patrick",Banking & Financial Services,AM-012,37139.34,53,51,Checkout / Payment,0.237,False,Contract type: Month-to-Month (increasing risk),Low customer satisfaction (CSAT) (decreasing risk),High monthly spend (decreasing risk),Contract & Account Health,Proactively reach out ahead of renewal; confirm auto-renewal status; review disconnected lines.,2026-07-18
ACC-101371,Cruz-Rodriguez,Hospitality,AM-016,17341.7,33,33,Checkout / Payment,0.237,False,High upgrade funnel abandonment (increasing risk),Severe drop-off at a specific self-service step (experience gap) (decreasing risk),Auto-renewal not enabled (increasing risk),Digital Engagement,Send a guided platform walkthrough or personal onboarding session; simplify the upgrade flow for this account.,2026-07-18
ACC-101196,"Mcpherson, Anderson and Knapp",Hospitality,AM-005,36644.98,58,58,Checkout / Payment,0.237,True,Contract type: Month-to-Month (decreasing risk),Large number of managed lines (CTNs) (increasing risk),High upgrade funnel abandonment (increasing risk),Contract & Account Health,Proactively reach out ahead of renewal; confirm auto-renewal status; review disconnected lines.,2026-07-18
ACC-101388,Pearson-King,Pharmaceuticals,AM-014,32400.54,43,40,Plan & Feature Selection,0.237,False,Industry segment: Pharmaceuticals (decreasing risk),Low customer satisfaction (CSAT) (decreasing risk),Low self-service task completion rate (increasing risk),Product & Shop Usage,Recommend relevant plan/feature bundles; offer a device upgrade promotion to re-engage.,2026-07-18
ACC-101052,Anthony-Parker,Logistics,AM-003,26281.75,41,40,Checkout / Payment,0.237,False,Approaching contract renewal window (increasing risk),Low self-service task completion rate (decreasing risk),Contract type: Month-to-Month (decreasing risk),Contract & Account Health,Proactively reach out ahead of renewal; confirm auto-renewal status; review disconnected lines.,2026-07-18
ACC-104216,"Ayala, Mayo and Houston",Education,AM-024,26924.59,43,42,Add to Cart,0.236,False,Severe drop-off at a specific self-service step (experience gap) (increasing risk),High upgrade funnel abandonment (decreasing risk),Contract type: Month-to-Month (decreasing risk),Digital Engagement,Send a guided platform walkthrough or personal onboarding session; simplify the upgrade flow for this account.,2026-07-18
ACC-102431,Kennedy-Francis,Logistics,AM-015,27694.37,40,40,Login / Authentication,0.236,True,Low self-service task completion rate (decreasing risk),Contract type: Month-to-Month (increasing risk),High support ticket volume (90d) (increasing risk),Digital Engagement,Send a guided platform walkthrough or personal onboarding session; simplify the upgrade flow for this account.,2026-07-18
ACC-100648,"Zhang, Brooks and Miles",Pharmaceuticals,AM-005,32189.61,44,44,Support Handoff,0.236,False,Low self-service task completion rate (decreasing risk),Low customer satisfaction (CSAT) (increasing risk),Contract type: Month-to-Month (decreasing risk),Digital Engagement,Send a guided platform walkthrough or personal onboarding session; simplify the upgrade flow for this account.,2026-07-18
ACC-101916,"Smith, Meadows and Montgomery",Education,AM-005,29617.13,37,35,Plan & Feature Selection,0.235,False,Low self-service task completion rate (increasing risk),High upgrade funnel abandonment (decreasing risk),Large number of managed lines (CTNs) (decreasing risk),Digital Engagement,Send a guided platform walkthrough or personal onboarding session; simplify the upgrade flow for this account.,2026-07-18
ACC-104016,"Jones, Davis and Grant",Small Business / Retail,AM-024,27778.74,37,33,Checkout / Payment,0.235,False,Low self-service task completion rate (increasing risk),Approaching contract renewal window (decreasing risk),Large number of managed lines (CTNs) (decreasing risk),Digital Engagement,Send a guided platform walkthrough or personal onboarding session; simplify the upgrade flow for this account.,2026-07-18
ACC-102552,Palmer-Pearson,Manufacturing,AM-015,39421.25,52,49,Support Handoff,0.234,False,Contract type: Month-to-Month (increasing risk),Low customer satisfaction (CSAT) (decreasing risk),High upgrade funnel abandonment (increasing risk),Contract & Account Health,Proactively reach out ahead of renewal; confirm auto-renewal status; review disconnected lines.,2026-07-18
ACC-103424,Glover-Barrett,Small Business / Retail,AM-009,25369.19,46,45,Checkout / Payment,0.234,False,Low self-service task completion rate (decreasing risk),High upgrade funnel abandonment (increasing risk),Contract type: Month-to-Month (increasing risk),Digital Engagement,Send a guided platform walkthrough or personal onboarding session; simplify the upgrade flow for this account.,2026-07-18
ACC-102773,Bird-Savage,Technology,AM-004,18365.08,43,39,Login / Authentication,0.233,False,High upgrade funnel abandonment (decreasing risk),Contract type: Month-to-Month (increasing risk),Rising line disconnects (90d) (decreasing risk),Digital Engagement,Send a guided platform walkthrough or personal onboarding session; simplify the upgrade flow for this account.,2026-07-18
ACC-105751,Jackson Inc,Healthcare,AM-002,27219.23,50,48,Login / Authentication,0.233,True,Auto-renewal not enabled (increasing risk),High support ticket volume (90d) (increasing risk),Low customer satisfaction (CSAT) (decreasing risk),Contract & Account Health,Proactively reach out ahead of renewal; confirm auto-renewal status; review disconnected lines.,2026-07-18
ACC-104487,Gardner-Warren,Energy & Utilities,AM-007,25076.39,41,41,Add to Cart,0.233,False,Approaching contract renewal window (decreasing risk),History of late invoice payments (increasing risk),Low self-service task completion rate (increasing risk),Contract & Account Health,Proactively reach out ahead of renewal; confirm auto-renewal status; review disconnected lines.,2026-07-18
ACC-103537,"Wallace, Dixon and Young",Healthcare,AM-008,33256.0,42,42,Login / Authentication,0.232,False,High monthly spend (decreasing risk),Contract type: Month-to-Month (increasing risk),High upgrade funnel abandonment (decreasing risk),Billing & Payments,Offer autopay enrollment incentive; review invoice accuracy; flag account to billing support.,2026-07-18
ACC-100181,"Gould, Marshall and Scott",Energy & Utilities,AM-016,21129.09,37,36,Device Browse/Compare,0.231,False,Low self-service task completion rate (decreasing risk),Severe drop-off at a specific self-service step (experience gap) (increasing risk),Contract type: Month-to-Month (decreasing risk),Digital Engagement,Send a guided platform walkthrough or personal onboarding session; simplify the upgrade flow for this account.,2026-07-18
ACC-104195,Heath-Andersen,Hospitality,AM-003,33373.01,56,56,Device Browse/Compare,0.231,False,Low self-service task completion rate (decreasing risk),Rising line disconnects (90d) (increasing risk),Contract type: Month-to-Month (decreasing risk),Digital Engagement,Send a guided platform walkthrough or personal onboarding session; simplify the upgrade flow for this account.,2026-07-18
ACC-102064,"Sanchez, Wilson and Ramirez",Government,AM-016,26731.01,57,56,Plan & Feature Selection,0.23,False,Low customer satisfaction (CSAT) (decreasing risk),Contract type: Month-to-Month (increasing risk),Severe drop-off at a specific self-service step (experience gap) (decreasing risk),Support & Service,Escalate to a senior account rep for a service recovery call; audit recent ticket resolution quality.,2026-07-18
ACC-102737,Ford-Chavez,Small Business / Retail,AM-016,33235.26,51,51,Order Confirmation,0.23,False,Low self-service task completion rate (decreasing risk),Contract type: Month-to-Month (decreasing risk),Low customer satisfaction (CSAT) (increasing risk),Digital Engagement,Send a guided platform walkthrough or personal onboarding session; simplify the upgrade flow for this account.,2026-07-18
ACC-101651,Acosta LLC,Education,AM-016,17185.1,36,36,Checkout / Payment,0.229,False,Severe drop-off at a specific self-service step (experience gap) (decreasing risk),Low customer satisfaction (CSAT) (increasing risk),Low self-service task completion rate (increasing risk),Digital Engagement,Send a guided platform walkthrough or personal onboarding session; simplify the upgrade flow for this account.,2026-07-18
ACC-102145,"Dalton, Turner and Mccarthy",Banking & Financial Services,AM-002,24341.38,39,37,Plan & Feature Selection,0.228,True,Low self-service task completion rate (increasing risk),High support ticket volume (90d) (increasing risk),Large number of managed lines (CTNs) (decreasing risk),Digital Engagement,Send a guided platform walkthrough or personal onboarding session; simplify the upgrade flow for this account.,2026-07-18
ACC-100532,Johnson-Spencer,Logistics,AM-022,29357.57,56,53,Device Browse/Compare,0.227,False,Severe drop-off at a specific self-service step (experience gap) (increasing risk),Contract type: Month-to-Month (decreasing risk),High upgrade funnel abandonment (decreasing risk),Digital Engagement,Send a guided platform walkthrough or personal onboarding session; simplify the upgrade flow for this account.,2026-07-18
ACC-101022,"Phillips, Thompson and Smith",Education,AM-008,28422.93,49,48,Login / Authentication,0.227,False,Repeated late payments (12mo) (increasing risk),Contract type: Month-to-Month (decreasing risk),Low customer satisfaction (CSAT) (increasing risk),Billing & Payments,Offer autopay enrollment incentive; review invoice accuracy; flag account to billing support.,2026-07-18
ACC-100061,Powell LLC,Technology,AM-018,28136.32,50,48,Checkout / Payment,0.227,False,Severe drop-off at a specific self-service step (experience gap) (decreasing risk),Low customer satisfaction (CSAT) (decreasing risk),Contract type: Month-to-Month (increasing risk),Digital Engagement,Send a guided platform walkthrough or personal onboarding session; simplify the upgrade flow for this account.,2026-07-18
ACC-100980,Orr Group,Healthcare,AM-022,24018.76,48,48,Plan & Feature Selection,0.226,True,Low self-service task completion rate (increasing risk),Low device upgrade activity (decreasing risk),History of late invoice payments (decreasing risk),Digital Engagement,Send a guided platform walkthrough or personal onboarding session; simplify the upgrade flow for this account.,2026-07-18
ACC-101343,Brown LLC,Healthcare,AM-019,20522.29,46,46,Device Browse/Compare,0.226,False,High upgrade funnel abandonment (increasing risk),Contract type: Month-to-Month (decreasing risk),High monthly spend (increasing risk),Digital Engagement,Send a guided platform walkthrough or personal onboarding session; simplify the upgrade flow for this account.,2026-07-18
ACC-100921,Wilson-Salazar,Banking & Financial Services,AM-015,20626.84,38,37,Checkout / Payment,0.226,True,Low self-service task completion rate (decreasing risk),Severe drop-off at a specific self-service step (experience gap) (increasing risk),High support ticket volume (90d) (increasing risk),Digital Engagement,Send a guided platform walkthrough or personal onboarding session; simplify the upgrade flow for this account.,2026-07-18
ACC-102508,Conway-Mann,Energy & Utilities,AM-018,27424.92,51,49,Plan & Feature Selection,0.226,False,Severe drop-off at a specific self-service step (experience gap) (decreasing risk),Low device upgrade activity (decreasing risk),Rising line disconnects (90d) (decreasing risk),Digital Engagement,Send a guided platform walkthrough or personal onboarding session; simplify the upgrade flow for this account.,2026-07-18
ACC-104423,"Duarte, Lee and Matthews",Energy & Utilities,AM-007,27689.21,40,40,Device Browse/Compare,0.226,False,Severe drop-off at a specific self-service step (experience gap) (decreasing risk),Contract type: Month-to-Month (increasing risk),Auto-renewal not enabled (increasing risk),Digital Engagement,Send a guided platform walkthrough or personal onboarding session; simplify the upgrade flow for this account.,2026-07-18
ACC-102593,"Brooks, Stone and White",Healthcare,AM-025,21251.2,48,44,Login / Authentication,0.225,False,Severe drop-off at a specific self-service step (experience gap) (decreasing risk),Auto-renewal not enabled (increasing risk),Contract type: Month-to-Month (decreasing risk),Digital Engagement,Send a guided platform walkthrough or personal onboarding session; simplify the upgrade flow for this account.,2026-07-18
ACC-101211,Solis-West,Manufacturing,AM-007,24663.14,38,35,Checkout / Payment,0.225,False,Severe drop-off at a specific self-service step (experience gap) (increasing risk),Contract type: Month-to-Month (decreasing risk),Low customer satisfaction (CSAT) (decreasing risk),Digital Engagement,Send a guided platform walkthrough or personal onboarding session; simplify the upgrade flow for this account.,2026-07-18
ACC-104647,"Jacobs, Calhoun and Wyatt",Healthcare,AM-002,20276.28,38,38,Checkout / Payment,0.225,False,Contract type: Month-to-Month (increasing risk),Severe drop-off at a specific self-service step (experience gap) (decreasing risk),Approaching contract renewal window (decreasing risk),Contract & Account Health,Proactively reach out ahead of renewal; confirm auto-renewal status; review disconnected lines.,2026-07-18
ACC-102814,"Paul, Hardy and Valdez",Logistics,AM-020,22362.97,44,43,Checkout / Payment,0.225,False,Low self-service task completion rate (decreasing risk),Contract type: Month-to-Month (decreasing risk),Low customer satisfaction (CSAT) (increasing risk),Digital Engagement,Send a guided platform walkthrough or personal onboarding session; simplify the upgrade flow for this account.,2026-07-18
ACC-105094,Todd-Cline,Healthcare,AM-005,25850.09,46,46,Plan & Feature Selection,0.225,False,Contract type: Month-to-Month (decreasing risk),Rising line disconnects (90d) (decreasing risk),High upgrade funnel abandonment (increasing risk),Contract & Account Health,Proactively reach out ahead of renewal; confirm auto-renewal status; review disconnected lines.,2026-07-18
ACC-103235,Gutierrez Group,Manufacturing,AM-007,14268.28,31,30,Checkout / Payment,0.225,False,Severe drop-off at a specific self-service step (experience gap) (increasing risk),Low self-service task completion rate (decreasing risk),Low customer satisfaction (CSAT) (decreasing risk),Digital Engagement,Send a guided platform walkthrough or personal onboarding session; simplify the upgrade flow for this account.,2026-07-18
ACC-103366,Torres-Jordan,Healthcare,AM-022,25881.93,35,34,Add to Cart,0.224,False,Large number of managed lines (CTNs) (decreasing risk),Low customer satisfaction (CSAT) (increasing risk),Auto-renewal not enabled (increasing risk),Contract & Account Health,Proactively reach out ahead of renewal; confirm auto-renewal status; review disconnected lines.,2026-07-18
ACC-103572,"Sellers, Strong and Gomez",Pharmaceuticals,AM-021,22002.99,42,42,Add to Cart,0.223,False,Severe drop-off at a specific self-service step (experience gap) (decreasing risk),High upgrade funnel abandonment (increasing risk),Contract type: Month-to-Month (increasing risk),Digital Engagement,Send a guided platform walkthrough or personal onboarding session; simplify the upgrade flow for this account.,2026-07-18
ACC-102678,Byrd and Sons,Banking & Financial Services,AM-002,21117.96,40,39,Device Browse/Compare,0.222,True,Severe drop-off at a specific self-service step (experience gap) (decreasing risk),Auto-renewal not enabled (increasing risk),Contract type: Month-to-Month (decreasing risk),Digital Engagement,Send a guided platform walkthrough or personal onboarding session; simplify the upgrade flow for this account.,2026-07-18
ACC-104639,Mendez-Tyler,Logistics,AM-006,22190.94,39,39,Add to Cart,0.222,False,Severe drop-off at a specific self-service step (experience gap) (increasing risk),Approaching contract renewal window (increasing risk),Contract type: Month-to-Month (decreasing risk),Digital Engagement,Send a guided platform walkthrough or personal onboarding session; simplify the upgrade flow for this account.,2026-07-18
ACC-100726,"Durham, Hopkins and Smith",Hospitality,AM-012,22422.02,45,44,Checkout / Payment,0.221,False,Low customer satisfaction (CSAT) (decreasing risk),Severe drop-off at a specific self-service step (experience gap) (increasing risk),High upgrade funnel abandonment (decreasing risk),Support & Service,Escalate to a senior account rep for a service recovery call; audit recent ticket resolution quality.,2026-07-18
ACC-104227,"Brown, Brooks and Jackson",Small Business / Retail,AM-004,22876.95,46,44,Device Browse/Compare,0.221,False,Low self-service task completion rate (decreasing risk),Contract type: Month-to-Month (increasing risk),History of late invoice payments (decreasing risk),Digital Engagement,Send a guided platform walkthrough or personal onboarding session; simplify the upgrade flow for this account.,2026-07-18
ACC-104061,Diaz Inc,Education,AM-007,28071.16,49,48,Add to Cart,0.221,True,Contract type: Month-to-Month (increasing risk),High upgrade funnel abandonment (decreasing risk),Severe drop-off at a specific self-service step (experience gap) (decreasing risk),Contract & Account Health,Proactively reach out ahead of renewal; confirm auto-renewal status; review disconnected lines.,2026-07-18
ACC-104947,Sullivan and Sons,Logistics,AM-012,23813.31,35,33,Plan & Feature Selection,0.22,False,Large number of managed lines (CTNs) (decreasing risk),Auto-renewal not enabled (increasing risk),Contract type: Month-to-Month (increasing risk),Contract & Account Health,Proactively reach out ahead of renewal; confirm auto-renewal status; review disconnected lines.,2026-07-18
ACC-101256,"Stevenson, Hancock and Newton",Healthcare,AM-024,17647.76,36,36,Support Handoff,0.22,False,Auto-renewal not enabled (increasing risk),High upgrade funnel abandonment (decreasing risk),Large number of managed lines (CTNs) (decreasing risk),Contract & Account Health,Proactively reach out ahead of renewal; confirm auto-renewal status; review disconnected lines.,2026-07-18
ACC-104207,Reeves Group,Banking & Financial Services,AM-010,28051.06,48,46,Plan & Feature Selection,0.22,False,Contract type: Month-to-Month (decreasing risk),High upgrade funnel abandonment (increasing risk),Severe drop-off at a specific self-service step (experience gap) (increasing risk),Contract & Account Health,Proactively reach out ahead of renewal; confirm auto-renewal status; review disconnected lines.,2026-07-18
ACC-102909,"Faulkner, Schmidt and Wheeler",Education,AM-005,17788.2,41,40,Support Handoff,0.219,False,History of late invoice payments (increasing risk),High upgrade funnel abandonment (decreasing risk),Auto-renewal not enabled (increasing risk),Billing & Payments,Offer autopay enrollment incentive; review invoice accuracy; flag account to billing support.,2026-07-18
ACC-104753,"Marshall, Khan and Ford",Government,AM-020,24677.36,46,46,Plan & Feature Selection,0.219,False,Severe drop-off at a specific self-service step (experience gap) (decreasing risk),Contract type: Month-to-Month (increasing risk),"Low feature adoption (mobile share, family plan, etc.) (increasing risk)",Digital Engagement,Send a guided platform walkthrough or personal onboarding session; simplify the upgrade flow for this account.,2026-07-18
ACC-103586,"Romero, Reilly and Mitchell",Manufacturing,AM-020,25879.89,51,49,Add to Cart,0.218,False,Severe drop-off at a specific self-service step (experience gap) (decreasing risk),Contract type: Month-to-Month (increasing risk),History of late invoice payments (decreasing risk),Digital Engagement,Send a guided platform walkthrough or personal onboarding session; simplify the upgrade flow for this account.,2026-07-18
ACC-100760,Moore-Dawson,Small Business / Retail,AM-013,34691.64,48,44,Add to Cart,0.218,False,Low self-service task completion rate (increasing risk),High upgrade funnel abandonment (decreasing risk),Contract type: Month-to-Month (decreasing risk),Digital Engagement,Send a guided platform walkthrough or personal onboarding session; simplify the upgrade flow for this account.,2026-07-18
ACC-104638,Goodman and Sons,Energy & Utilities,AM-002,20926.11,50,48,Add to Cart,0.218,False,Severe drop-off at a specific self-service step (experience gap) (decreasing risk),Contract type: Month-to-Month (increasing risk),History of late invoice payments (decreasing risk),Digital Engagement,Send a guided platform walkthrough or personal onboarding session; simplify the upgrade flow for this account.,2026-07-18
ACC-101304,Wells PLC,Banking & Financial Services,AM-012,27941.36,46,44,Checkout / Payment,0.218,False,Approaching contract renewal window (decreasing risk),Contract type: Month-to-Month (increasing risk),Severe drop-off at a specific self-service step (experience gap) (decreasing risk),Contract & Account Health,Proactively reach out ahead of renewal; confirm auto-renewal status; review disconnected lines.,2026-07-18
ACC-104084,Murphy LLC,Banking & Financial Services,AM-018,30086.8,51,50,Checkout / Payment,0.218,True,Severe drop-off at a specific self-service step (experience gap) (decreasing risk),Recent support escalations (increasing risk),Auto-renewal not enabled (increasing risk),Digital Engagement,Send a guided platform walkthrough or personal onboarding session; simplify the upgrade flow for this account.,2026-07-18
ACC-103929,"Smith, Diaz and Romero",Pharmaceuticals,AM-020,32861.67,44,43,Device Browse/Compare,0.218,True,Low self-service task completion rate (decreasing risk),Recent support escalations (increasing risk),Industry segment: Pharmaceuticals (decreasing risk),Digital Engagement,Send a guided platform walkthrough or personal onboarding session; simplify the upgrade flow for this account.,2026-07-18
ACC-101149,Smith-Ferguson,Government,AM-001,29226.01,50,47,Checkout / Payment,0.218,True,Recent support escalations (increasing risk),Contract type: Month-to-Month (decreasing risk),History of late invoice payments (decreasing risk),Support & Service,Escalate to a senior account rep for a service recovery call; audit recent ticket resolution quality.,2026-07-18
ACC-105783,"Sullivan, Price and Stevens",Small Business / Retail,AM-003,15066.74,48,47,Plan & Feature Selection,0.217,False,High upgrade funnel abandonment (decreasing risk),Contract type: Month-to-Month (increasing risk),History of late invoice payments (decreasing risk),Digital Engagement,Send a guided platform walkthrough or personal onboarding session; simplify the upgrade flow for this account.,2026-07-18
ACC-102385,Sanchez Group,Hospitality,AM-023,22010.72,56,54,Support Handoff,0.217,False,Low self-service task completion rate (decreasing risk),Contract type: Month-to-Month (increasing risk),High upgrade funnel abandonment (decreasing risk),Digital Engagement,Send a guided platform walkthrough or personal onboarding session; simplify the upgrade flow for this account.,2026-07-18
ACC-103092,Carroll Group,Pharmaceuticals,AM-009,24113.51,48,46,Support Handoff,0.216,True,Contract type: Month-to-Month (increasing risk),Recent support escalations (increasing risk),Severe drop-off at a specific self-service step (experience gap) (decreasing risk),Contract & Account Health,Proactively reach out ahead of renewal; confirm auto-renewal status; review disconnected lines.,2026-07-18
ACC-100006,Blake and Sons,Technology,AM-008,41675.81,49,46,Add to Cart,0.216,True,Low self-service task completion rate (decreasing risk),Severe drop-off at a specific self-service step (experience gap) (increasing risk),Contract type: Month-to-Month (increasing risk),Digital Engagement,Send a guided platform walkthrough or personal onboarding session; simplify the upgrade flow for this account.,2026-07-18
ACC-100912,Lewis-Livingston,Healthcare,AM-005,28347.05,34,33,Checkout / Payment,0.216,False,Contract type: Month-to-Month (increasing risk),High upgrade funnel abandonment (decreasing risk),Large number of managed lines (CTNs) (decreasing risk),Contract & Account Health,Proactively reach out ahead of renewal; confirm auto-renewal status; review disconnected lines.,2026-07-18
ACC-103842,"Little, Macias and Reyes",Technology,AM-008,19808.33,35,34,Device Browse/Compare,0.216,False,Low self-service task completion rate (increasing risk),Large number of managed lines (CTNs) (decreasing risk),Approaching contract renewal window (decreasing risk),Digital Engagement,Send a guided platform walkthrough or personal onboarding session; simplify the upgrade flow for this account.,2026-07-18
ACC-100334,Price LLC,Hospitality,AM-010,35545.28,45,40,Plan & Feature Selection,0.215,False,Auto-renewal not enabled (increasing risk),Contract type: Month-to-Month (decreasing risk),Low customer satisfaction (CSAT) (decreasing risk),Contract & Account Health,Proactively reach out ahead of renewal; confirm auto-renewal status; review disconnected lines.,2026-07-18
ACC-103065,Strickland and Sons,Banking & Financial Services,AM-024,33146.58,56,54,Checkout / Payment,0.215,False,Contract type: Month-to-Month (decreasing risk),High upgrade funnel abandonment (decreasing risk),Low self-service task completion rate (decreasing risk),Contract & Account Health,Proactively reach out ahead of renewal; confirm auto-renewal status; review disconnected lines.,2026-07-18
ACC-104770,Fitzpatrick Group,Education,AM-015,12496.86,42,42,Add to Cart,0.214,False,High monthly spend (increasing risk),Low self-service task completion rate (decreasing risk),High upgrade funnel abandonment (decreasing risk),Billing & Payments,Offer autopay enrollment incentive; review invoice accuracy; flag account to billing support.,2026-07-18
ACC-100704,Sanders and Sons,Healthcare,AM-005,28115.78,49,44,Device Browse/Compare,0.214,True,Approaching contract renewal window (decreasing risk),High upgrade funnel abandonment (decreasing risk),Severe drop-off at a specific self-service step (experience gap) (increasing risk),Contract & Account Health,Proactively reach out ahead of renewal; confirm auto-renewal status; review disconnected lines.,2026-07-18
ACC-105622,Chan-Graves,Pharmaceuticals,AM-014,18259.41,39,36,Login / Authentication,0.214,False,Low self-service task completion rate (increasing risk),Approaching contract renewal window (decreasing risk),High monthly spend (increasing risk),Digital Engagement,Send a guided platform walkthrough or personal onboarding session; simplify the upgrade flow for this account.,2026-07-18
ACC-100178,"Williams, Johnson and Wright",Government,AM-008,21053.8,39,38,Device Browse/Compare,0.214,True,Low device upgrade activity (decreasing risk),Recent support escalations (increasing risk),Auto-renewal not enabled (increasing risk),Product & Shop Usage,Recommend relevant plan/feature bundles; offer a device upgrade promotion to re-engage.,2026-07-18
ACC-104201,Stevens Group,Education,AM-008,15812.59,39,39,Checkout / Payment,0.214,False,Severe drop-off at a specific self-service step (experience gap) (decreasing risk),Low self-service task completion rate (increasing risk),Contract type: Month-to-Month (decreasing risk),Digital Engagement,Send a guided platform walkthrough or personal onboarding session; simplify the upgrade flow for this account.,2026-07-18
ACC-101167,Wells-Hernandez,Banking & Financial Services,AM-019,34610.02,48,45,Plan & Feature Selection,0.213,False,Contract type: Month-to-Month (increasing risk),Severe drop-off at a specific self-service step (experience gap) (decreasing risk),Low self-service task completion rate (decreasing risk),Contract & Account Health,Proactively reach out ahead of renewal; confirm auto-renewal status; review disconnected lines.,2026-07-18
ACC-101012,"Harris, Anderson and Love",Healthcare,AM-021,21452.57,43,43,Device Browse/Compare,0.213,False,Low self-service task completion rate (decreasing risk),Contract type: Month-to-Month (decreasing risk),Low customer satisfaction (CSAT) (increasing risk),Digital Engagement,Send a guided platform walkthrough or personal onboarding session; simplify the upgrade flow for this account.,2026-07-18
ACC-105562,Stephenson Ltd,Government,AM-012,26821.65,48,46,Add to Cart,0.212,False,Low customer satisfaction (CSAT) (increasing risk),Severe drop-off at a specific self-service step (experience gap) (decreasing risk),Contract type: Month-to-Month (decreasing risk),Support & Service,Escalate to a senior account rep for a service recovery call; audit recent ticket resolution quality.,2026-07-18
ACC-100860,"Morris, Wright and Bridges",Manufacturing,AM-015,31234.01,52,52,Add to Cart,0.212,True,Contract type: Month-to-Month (decreasing risk),High upgrade funnel abandonment (increasing risk),High support ticket volume (90d) (increasing risk),Contract & Account Health,Proactively reach out ahead of renewal; confirm auto-renewal status; review disconnected lines.,2026-07-18
ACC-105542,Sloan Inc,Technology,AM-006,17841.19,40,40,Order Confirmation,0.212,False,Contract type: Month-to-Month (increasing risk),Approaching contract renewal window (decreasing risk),"Low feature adoption (mobile share, family plan, etc.) (increasing risk)",Contract & Account Health,Proactively reach out ahead of renewal; confirm auto-renewal status; review disconnected lines.,2026-07-18
ACC-103072,Guzman-Fields,Logistics,AM-016,17784.37,45,41,Plan & Feature Selection,0.212,False,Severe drop-off at a specific self-service step (experience gap) (decreasing risk),Low self-service task completion rate (increasing risk),Contract type: Month-to-Month (decreasing risk),Digital Engagement,Send a guided platform walkthrough or personal onboarding session; simplify the upgrade flow for this account.,2026-07-18
ACC-105629,"Washington, Buck and Adkins",Logistics,AM-023,17369.63,35,33,Add to Cart,0.211,False,History of late invoice payments (increasing risk),Large number of managed lines (CTNs) (decreasing risk),Contract type: Month-to-Month (increasing risk),Billing & Payments,Offer autopay enrollment incentive; review invoice accuracy; flag account to billing support.,2026-07-18
ACC-105137,Cooper-Johnson,Small Business / Retail,AM-014,18311.17,34,32,Order Confirmation,0.211,False,Severe drop-off at a specific self-service step (experience gap) (increasing risk),History of late invoice payments (decreasing risk),High upgrade funnel abandonment (decreasing risk),Digital Engagement,Send a guided platform walkthrough or personal onboarding session; simplify the upgrade flow for this account.,2026-07-18
ACC-104411,Simmons LLC,Education,AM-007,22679.73,43,43,Support Handoff,0.21,True,Approaching contract renewal window (increasing risk),Low device upgrade activity (decreasing risk),Severe drop-off at a specific self-service step (experience gap) (decreasing risk),Contract & Account Health,Proactively reach out ahead of renewal; confirm auto-renewal status; review disconnected lines.,2026-07-18
ACC-100510,Mendez-Graham,Education,AM-021,23989.83,43,43,Checkout / Payment,0.21,False,Contract type: Month-to-Month (increasing risk),High upgrade funnel abandonment (decreasing risk),History of late invoice payments (decreasing risk),Contract & Account Health,Proactively reach out ahead of renewal; confirm auto-renewal status; review disconnected lines.,2026-07-18
ACC-100858,Sellers-Riddle,Hospitality,AM-004,31843.22,49,49,Checkout / Payment,0.209,False,Contract type: Month-to-Month (increasing risk),Low customer satisfaction (CSAT) (increasing risk),Approaching contract renewal window (decreasing risk),Contract & Account Health,Proactively reach out ahead of renewal; confirm auto-renewal status; review disconnected lines.,2026-07-18
ACC-101169,Bates LLC,Banking & Financial Services,AM-020,21059.64,42,40,Login / Authentication,0.208,False,Low self-service task completion rate (decreasing risk),Contract type: Month-to-Month (decreasing risk),"Low feature adoption (mobile share, family plan, etc.) (increasing risk)",Digital Engagement,Send a guided platform walkthrough or personal onboarding session; simplify the upgrade flow for this account.,2026-07-18
ACC-105937,Lambert-Khan,Pharmaceuticals,AM-012,33052.18,46,44,Add to Cart,0.208,True,Low self-service task completion rate (increasing risk),Severe drop-off at a specific self-service step (experience gap) (increasing risk),Low device upgrade activity (decreasing risk),Digital Engagement,Send a guided platform walkthrough or personal onboarding session; simplify the upgrade flow for this account.,2026-07-18
ACC-102460,Morgan and Sons,Manufacturing,AM-019,17977.74,37,37,Add to Cart,0.207,True,Severe drop-off at a specific self-service step (experience gap) (decreasing risk),Low self-service task completion rate (increasing risk),High upgrade funnel abandonment (decreasing risk),Digital Engagement,Send a guided platform walkthrough or personal onboarding session; simplify the upgrade flow for this account.,2026-07-18
ACC-100099,Walsh LLC,Manufacturing,AM-008,24672.73,40,36,Add to Cart,0.207,False,Contract type: Month-to-Month (increasing risk),High upgrade funnel abandonment (increasing risk),History of late invoice payments (decreasing risk),Contract & Account Health,Proactively reach out ahead of renewal; confirm auto-renewal status; review disconnected lines.,2026-07-18
ACC-100296,Howard-Jordan,Banking & Financial Services,AM-015,20674.45,38,34,Add to Cart,0.207,False,High upgrade funnel abandonment (decreasing risk),Contract type: Month-to-Month (increasing risk),Low customer satisfaction (CSAT) (decreasing risk),Digital Engagement,Send a guided platform walkthrough or personal onboarding session; simplify the upgrade flow for this account.,2026-07-18
ACC-101068,Stokes and Sons,Government,AM-016,23174.49,49,46,Device Browse/Compare,0.207,False,Contract type: Month-to-Month (decreasing risk),Low self-service task completion rate (decreasing risk),High upgrade funnel abandonment (decreasing risk),Contract & Account Health,Proactively reach out ahead of renewal; confirm auto-renewal status; review disconnected lines.,2026-07-18
ACC-100273,Hoover-Campbell,Healthcare,AM-014,20095.47,40,39,Checkout / Payment,0.207,False,Contract type: Month-to-Month (increasing risk),High upgrade funnel abandonment (decreasing risk),Rising line disconnects (90d) (decreasing risk),Contract & Account Health,Proactively reach out ahead of renewal; confirm auto-renewal status; review disconnected lines.,2026-07-18
ACC-104912,Ortega-Murillo,Manufacturing,AM-007,27493.49,52,51,Checkout / Payment,0.207,True,High support ticket volume (90d) (increasing risk),Low self-service task completion rate (decreasing risk),Contract type: Month-to-Month (decreasing risk),Support & Service,Escalate to a senior account rep for a service recovery call; audit recent ticket resolution quality.,2026-07-18
ACC-101254,Molina Inc,Healthcare,AM-016,25274.82,38,37,Device Browse/Compare,0.206,False,Contract type: Month-to-Month (increasing risk),High upgrade funnel abandonment (decreasing risk),Low self-service task completion rate (decreasing risk),Contract & Account Health,Proactively reach out ahead of renewal; confirm auto-renewal status; review disconnected lines.,2026-07-18
ACC-100050,"Brooks, Lam and Hayes",Banking & Financial Services,AM-005,27173.35,55,55,Order Confirmation,0.206,False,Severe drop-off at a specific self-service step (experience gap) (decreasing risk),Contract type: Month-to-Month (decreasing risk),History of late invoice payments (increasing risk),Digital Engagement,Send a guided platform walkthrough or personal onboarding session; simplify the upgrade flow for this account.,2026-07-18
ACC-102532,Underwood PLC,Healthcare,AM-013,21978.01,39,36,Plan & Feature Selection,0.206,False,High upgrade funnel abandonment (increasing risk),Contract type: Month-to-Month (decreasing risk),Low self-service task completion rate (decreasing risk),Digital Engagement,Send a guided platform walkthrough or personal onboarding session; simplify the upgrade flow for this account.,2026-07-18
ACC-103616,Henry PLC,Healthcare,AM-017,31045.13,49,47,Add to Cart,0.206,False,Severe drop-off at a specific self-service step (experience gap) (decreasing risk),Low self-service task completion rate (increasing risk),Contract type: Month-to-Month (decreasing risk),Digital Engagement,Send a guided platform walkthrough or personal onboarding session; simplify the upgrade flow for this account.,2026-07-18
ACC-100241,Larson-Holloway,Logistics,AM-017,18129.24,41,39,Plan & Feature Selection,0.205,True,Severe drop-off at a specific self-service step (experience gap) (decreasing risk),Contract type: Month-to-Month (increasing risk),High annual revenue account (decreasing risk),Digital Engagement,Send a guided platform walkthrough or personal onboarding session; simplify the upgrade flow for this account.,2026-07-18
ACC-100943,Murphy-Tran,Healthcare,AM-002,19143.1,40,38,Checkout / Payment,0.204,False,Severe drop-off at a specific self-service step (experience gap) (increasing risk),Rising line disconnects (90d) (decreasing risk),Contract type: Month-to-Month (decreasing risk),Digital Engagement,Send a guided platform walkthrough or personal onboarding session; simplify the upgrade flow for this account.,2026-07-18
ACC-101108,"Ortiz, Smith and Deleon",Healthcare,AM-016,23919.22,40,38,Support Handoff,0.204,False,Contract type: Month-to-Month (increasing risk),Low customer satisfaction (CSAT) (decreasing risk),Slow support resolution times (increasing risk),Contract & Account Health,Proactively reach out ahead of renewal; confirm auto-renewal status; review disconnected lines.,2026-07-18
ACC-101138,Moreno-Gutierrez,Healthcare,AM-013,19239.92,36,35,Plan & Feature Selection,0.203,False,Contract type: Month-to-Month (increasing risk),Large number of managed lines (CTNs) (decreasing risk),Low self-service task completion rate (decreasing risk),Contract & Account Health,Proactively reach out ahead of renewal; confirm auto-renewal status; review disconnected lines.,2026-07-18
ACC-105211,"Hogan, Collins and Hicks",Hospitality,AM-017,42361.17,60,60,Support Handoff,0.202,False,High upgrade funnel abandonment (decreasing risk),Contract type: Month-to-Month (increasing risk),High monthly spend (decreasing risk),Digital Engagement,Send a guided platform walkthrough or personal onboarding session; simplify the upgrade flow for this account.,2026-07-18
ACC-102645,"Barnes, Paul and Price",Small Business / Retail,AM-025,25042.83,44,42,Checkout / Payment,0.202,False,Low self-service task completion rate (decreasing risk),Severe drop-off at a specific self-service step (experience gap) (increasing risk),"Low feature adoption (mobile share, family plan, etc.) (decreasing risk)",Digital Engagement,Send a guided platform walkthrough or personal onboarding session; simplify the upgrade flow for this account.,2026-07-18
ACC-100938,"Flores, Mckenzie and Duncan",Healthcare,AM-024,24343.91,47,45,Login / Authentication,0.202,True,Low self-service task completion rate (decreasing risk),Severe drop-off at a specific self-service step (experience gap) (decreasing risk),Contract type: Month-to-Month (increasing risk),Digital Engagement,Send a guided platform walkthrough or personal onboarding session; simplify the upgrade flow for this account.,2026-07-18
ACC-103621,Contreras-Henry,Manufacturing,AM-003,25097.8,44,44,Support Handoff,0.202,False,Severe drop-off at a specific self-service step (experience gap) (decreasing risk),Contract type: Month-to-Month (increasing risk),Approaching contract renewal window (decreasing risk),Digital Engagement,Send a guided platform walkthrough or personal onboarding session; simplify the upgrade flow for this account.,2026-07-18
ACC-103962,Murphy Group,Energy & Utilities,AM-021,24152.96,40,39,Device Browse/Compare,0.201,True,High support ticket volume (90d) (increasing risk),Contract type: Month-to-Month (decreasing risk),Low customer satisfaction (CSAT) (increasing risk),Support & Service,Escalate to a senior account rep for a service recovery call; audit recent ticket resolution quality.,2026-07-18
ACC-102041,Johnson PLC,Logistics,AM-023,17667.95,36,34,Checkout / Payment,0.201,False,History of late invoice payments (decreasing risk),Approaching contract renewal window (increasing risk),High monthly spend (increasing risk),Billing & Payments,Offer autopay enrollment incentive; review invoice accuracy; flag account to billing support.,2026-07-18
ACC-102714,Stevenson-Murphy,Education,AM-005,20842.87,37,36,Support Handoff,0.2,False,Low self-service task completion rate (increasing risk),Low customer satisfaction (CSAT) (decreasing risk),Approaching contract renewal window (increasing risk),Digital Engagement,Send a guided platform walkthrough or personal onboarding session; simplify the upgrade flow for this account.,2026-07-18
ACC-103303,"Holland, Foley and Neal",Healthcare,AM-003,24960.23,43,42,Plan & Feature Selection,0.2,False,Low self-service task completion rate (decreasing risk),Contract type: Month-to-Month (decreasing risk),History of late invoice payments (increasing risk),Digital Engagement,Send a guided platform walkthrough or personal onboarding session; simplify the upgrade flow for this account.,2026-07-18
ACC-102551,Anderson PLC,Pharmaceuticals,AM-009,20684.13,45,42,Plan & Feature Selection,0.199,False,Industry segment: Pharmaceuticals (decreasing risk),History of late invoice payments (decreasing risk),Low customer satisfaction (CSAT) (increasing risk),Product & Shop Usage,Recommend relevant plan/feature bundles; offer a device upgrade promotion to re-engage.,2026-07-18
ACC-105171,Pratt LLC,Logistics,AM-002,24821.48,41,41,Plan & Feature Selection,0.199,True,Low self-service task completion rate (increasing risk),Severe drop-off at a specific self-service step (experience gap) (decreasing risk),Approaching contract renewal window (decreasing risk),Digital Engagement,Send a guided platform walkthrough or personal onboarding session; simplify the upgrade flow for this account.,2026-07-18
ACC-101630,"Hughes, Whitney and Romero",Hospitality,AM-018,26245.31,45,44,Plan & Feature Selection,0.199,False,Contract type: Month-to-Month (decreasing risk),High upgrade funnel abandonment (increasing risk),Severe drop-off at a specific self-service step (experience gap) (decreasing risk),Contract & Account Health,Proactively reach out ahead of renewal; confirm auto-renewal status; review disconnected lines.,2026-07-18
ACC-101897,Finley-Meyers,Education,AM-012,33794.49,53,52,Device Browse/Compare,0.198,False,Auto-renewal not enabled (increasing risk),High upgrade funnel abandonment (decreasing risk),"Low feature adoption (mobile share, family plan, etc.) (decreasing risk)",Contract & Account Health,Proactively reach out ahead of renewal; confirm auto-renewal status; review disconnected lines.,2026-07-18
ACC-104703,Edwards Group,Energy & Utilities,AM-018,18702.32,33,32,Plan & Feature Selection,0.198,False,High upgrade funnel abandonment (increasing risk),Contract type: Month-to-Month (decreasing risk),High monthly spend (increasing risk),Digital Engagement,Send a guided platform walkthrough or personal onboarding session; simplify the upgrade flow for this account.,2026-07-18
ACC-101719,"Daniel, Jimenez and Morton",Technology,AM-016,21035.46,37,35,Order Confirmation,0.198,False,Severe drop-off at a specific self-service step (experience gap) (decreasing risk),Low customer satisfaction (CSAT) (increasing risk),Approaching contract renewal window (increasing risk),Digital Engagement,Send a guided platform walkthrough or personal onboarding session; simplify the upgrade flow for this account.,2026-07-18
ACC-103093,Cannon Group,Logistics,AM-013,31315.12,48,46,Add to Cart,0.198,False,High upgrade funnel abandonment (increasing risk),Low customer satisfaction (CSAT) (decreasing risk),Auto-renewal not enabled (increasing risk),Digital Engagement,Send a guided platform walkthrough or personal onboarding session; simplify the upgrade flow for this account.,2026-07-18
ACC-105443,Glass-Lindsey,Energy & Utilities,AM-022,22553.18,41,40,Device Browse/Compare,0.198,False,Severe drop-off at a specific self-service step (experience gap) (increasing risk),High upgrade funnel abandonment (decreasing risk),Approaching contract renewal window (decreasing risk),Digital Engagement,Send a guided platform walkthrough or personal onboarding session; simplify the upgrade flow for this account.,2026-07-18
ACC-103344,Chavez-Navarro,Logistics,AM-022,24733.53,48,46,Add to Cart,0.197,True,Contract type: Month-to-Month (increasing risk),Low self-service task completion rate (decreasing risk),Recent support escalations (increasing risk),Contract & Account Health,Proactively reach out ahead of renewal; confirm auto-renewal status; review disconnected lines.,2026-07-18
ACC-104705,Gray Group,Logistics,AM-013,32310.62,50,50,Checkout / Payment,0.197,True,High upgrade funnel abandonment (increasing risk),Low self-service task completion rate (decreasing risk),Contract type: Month-to-Month (increasing risk),Digital Engagement,Send a guided platform walkthrough or personal onboarding session; simplify the upgrade flow for this account.,2026-07-18
ACC-103708,"Barnett, Kennedy and Jackson",Small Business / Retail,AM-010,28608.46,46,45,Add to Cart,0.196,False,Low self-service task completion rate (decreasing risk),High upgrade funnel abandonment (increasing risk),Rising line disconnects (90d) (decreasing risk),Digital Engagement,Send a guided platform walkthrough or personal onboarding session; simplify the upgrade flow for this account.,2026-07-18
ACC-101848,Larson and Sons,Pharmaceuticals,AM-019,17425.88,35,35,Support Handoff,0.196,False,Slow support resolution times (decreasing risk),Contract type: Month-to-Month (increasing risk),Large number of managed lines (CTNs) (decreasing risk),Support & Service,Escalate to a senior account rep for a service recovery call; audit recent ticket resolution quality.,2026-07-18
ACC-102360,"Morgan, Guzman and Kirby",Small Business / Retail,AM-009,25700.61,36,35,Order Confirmation,0.196,False,Auto-renewal not enabled (increasing risk),Large number of managed lines (CTNs) (decreasing risk),High upgrade funnel abandonment (increasing risk),Contract & Account Health,Proactively reach out ahead of renewal; confirm auto-renewal status; review disconnected lines.,2026-07-18
ACC-100305,Bruce-Gonzalez,Manufacturing,AM-020,23401.19,37,34,Support Handoff,0.196,False,Severe drop-off at a specific self-service step (experience gap) (increasing risk),High upgrade funnel abandonment (decreasing risk),Low self-service task completion rate (increasing risk),Digital Engagement,Send a guided platform walkthrough or personal onboarding session; simplify the upgrade flow for this account.,2026-07-18
ACC-100063,"West, Henderson and Ramirez",Government,AM-021,19643.8,45,42,Support Handoff,0.195,False,Low self-service task completion rate (decreasing risk),Contract type: Month-to-Month (decreasing risk),Low customer satisfaction (CSAT) (increasing risk),Digital Engagement,Send a guided platform walkthrough or personal onboarding session; simplify the upgrade flow for this account.,2026-07-18
ACC-104354,"Ortiz, Hoffman and Fuller",Education,AM-009,29380.02,47,47,Support Handoff,0.195,True,High upgrade funnel abandonment (decreasing risk),Contract type: Month-to-Month (increasing risk),History of late invoice payments (decreasing risk),Digital Engagement,Send a guided platform walkthrough or personal onboarding session; simplify the upgrade flow for this account.,2026-07-18
ACC-105327,Sloan LLC,Government,AM-007,18897.99,33,33,Checkout / Payment,0.193,True,Severe drop-off at a specific self-service step (experience gap) (decreasing risk),Contract type: Month-to-Month (increasing risk),Auto-renewal not enabled (increasing risk),Digital Engagement,Send a guided platform walkthrough or personal onboarding session; simplify the upgrade flow for this account.,2026-07-18
ACC-101494,"Ferguson, Stout and Olson",Energy & Utilities,AM-025,20073.78,42,41,Device Browse/Compare,0.193,False,Contract type: Month-to-Month (decreasing risk),Low self-service task completion rate (decreasing risk),Auto-renewal not enabled (decreasing risk),Contract & Account Health,Proactively reach out ahead of renewal; confirm auto-renewal status; review disconnected lines.,2026-07-18
ACC-105204,Mclean and Sons,Small Business / Retail,AM-011,34160.28,46,44,Plan & Feature Selection,0.193,False,Low self-service task completion rate (increasing risk),High upgrade funnel abandonment (decreasing risk),Contract type: Month-to-Month (decreasing risk),Digital Engagement,Send a guided platform walkthrough or personal onboarding session; simplify the upgrade flow for this account.,2026-07-18
ACC-102403,"Ramos, Reed and Cain",Technology,AM-017,23476.6,46,44,Checkout / Payment,0.192,True,Recent support escalations (increasing risk),Low customer satisfaction (CSAT) (decreasing risk),Contract type: Month-to-Month (increasing risk),Support & Service,Escalate to a senior account rep for a service recovery call; audit recent ticket resolution quality.,2026-07-18
ACC-102184,Michael-Barber,Education,AM-015,19886.61,49,46,Add to Cart,0.192,False,Low self-service task completion rate (decreasing risk),Low customer satisfaction (CSAT) (decreasing risk),Contract type: Month-to-Month (increasing risk),Digital Engagement,Send a guided platform walkthrough or personal onboarding session; simplify the upgrade flow for this account.,2026-07-18
ACC-100589,"Patton, Parsons and Lane",Logistics,AM-025,31764.21,50,50,Plan & Feature Selection,0.192,False,Severe drop-off at a specific self-service step (experience gap) (decreasing risk),Contract type: Month-to-Month (decreasing risk),Auto-renewal not enabled (increasing risk),Digital Engagement,Send a guided platform walkthrough or personal onboarding session; simplify the upgrade flow for this account.,2026-07-18
ACC-103442,"Gonzalez, King and Kim",Hospitality,AM-019,28606.58,46,45,Checkout / Payment,0.192,False,Low self-service task completion rate (decreasing risk),Severe drop-off at a specific self-service step (experience gap) (increasing risk),Rising line disconnects (90d) (decreasing risk),Digital Engagement,Send a guided platform walkthrough or personal onboarding session; simplify the upgrade flow for this account.,2026-07-18
ACC-103883,Roberts-Patel,Technology,AM-005,26846.92,42,41,Checkout / Payment,0.192,False,Contract type: Month-to-Month (increasing risk),Severe drop-off at a specific self-service step (experience gap) (decreasing risk),High upgrade funnel abandonment (decreasing risk),Contract & Account Health,Proactively reach out ahead of renewal; confirm auto-renewal status; review disconnected lines.,2026-07-18
ACC-105918,Edwards-Anderson,Education,AM-012,30895.65,51,48,Device Browse/Compare,0.192,False,Low self-service task completion rate (increasing risk),Approaching contract renewal window (decreasing risk),High upgrade funnel abandonment (decreasing risk),Digital Engagement,Send a guided platform walkthrough or personal onboarding session; simplify the upgrade flow for this account.,2026-07-18
ACC-103523,"Guerrero, Huff and Abbott",Manufacturing,AM-018,16784.16,38,35,Checkout / Payment,0.192,True,Severe drop-off at a specific self-service step (experience gap) (decreasing risk),High upgrade funnel abandonment (increasing risk),Recent support escalations (increasing risk),Digital Engagement,Send a guided platform walkthrough or personal onboarding session; simplify the upgrade flow for this account.,2026-07-18
ACC-103005,"Brown, Compton and Lee",Government,AM-007,16385.73,29,29,Plan & Feature Selection,0.192,False,High upgrade funnel abandonment (decreasing risk),High monthly spend (increasing risk),Contract type: Month-to-Month (decreasing risk),Digital Engagement,Send a guided platform walkthrough or personal onboarding session; simplify the upgrade flow for this account.,2026-07-18
ACC-104186,Mathews Group,Energy & Utilities,AM-006,24225.22,42,42,Plan & Feature Selection,0.192,False,Low self-service task completion rate (decreasing risk),History of late invoice payments (increasing risk),Contract type: Month-to-Month (decreasing risk),Digital Engagement,Send a guided platform walkthrough or personal onboarding session; simplify the upgrade flow for this account.,2026-07-18
ACC-103919,Lyons-Carroll,Small Business / Retail,AM-022,44633.7,51,51,Plan & Feature Selection,0.191,False,Contract type: Month-to-Month (increasing risk),Severe drop-off at a specific self-service step (experience gap) (decreasing risk),High monthly spend (decreasing risk),Contract & Account Health,Proactively reach out ahead of renewal; confirm auto-renewal status; review disconnected lines.,2026-07-18
ACC-100025,Wilkerson-Day,Healthcare,AM-003,36948.62,57,57,Checkout / Payment,0.191,False,High upgrade funnel abandonment (decreasing risk),Contract type: Month-to-Month (decreasing risk),Large number of managed lines (CTNs) (increasing risk),Digital Engagement,Send a guided platform walkthrough or personal onboarding session; simplify the upgrade flow for this account.,2026-07-18
ACC-105040,"White, Liu and Lindsey",Small Business / Retail,AM-018,22326.53,48,46,Login / Authentication,0.19,False,Low customer satisfaction (CSAT) (decreasing risk),Severe drop-off at a specific self-service step (experience gap) (decreasing risk),Contract type: Month-to-Month (increasing risk),Support & Service,Escalate to a senior account rep for a service recovery call; audit recent ticket resolution quality.,2026-07-18
ACC-105480,"Lee, Bradford and Vang",Hospitality,AM-007,32824.1,54,53,Login / Authentication,0.189,False,High upgrade funnel abandonment (decreasing risk),Low customer satisfaction (CSAT) (decreasing risk),Auto-renewal not enabled (increasing risk),Digital Engagement,Send a guided platform walkthrough or personal onboarding session; simplify the upgrade flow for this account.,2026-07-18
ACC-104332,Brooks-Parker,Energy & Utilities,AM-025,20217.28,45,43,Support Handoff,0.189,False,History of late invoice payments (increasing risk),Auto-renewal not enabled (increasing risk),Severe drop-off at a specific self-service step (experience gap) (decreasing risk),Billing & Payments,Offer autopay enrollment incentive; review invoice accuracy; flag account to billing support.,2026-07-18
ACC-100405,Atkins PLC,Energy & Utilities,AM-014,20885.18,38,36,Order Confirmation,0.188,False,Approaching contract renewal window (decreasing risk),Low customer satisfaction (CSAT) (increasing risk),High upgrade funnel abandonment (increasing risk),Contract & Account Health,Proactively reach out ahead of renewal; confirm auto-renewal status; review disconnected lines.,2026-07-18
ACC-100914,"Wang, Henderson and Morales",Government,AM-013,25393.7,52,51,Device Browse/Compare,0.188,True,Severe drop-off at a specific self-service step (experience gap) (increasing risk),Low self-service task completion rate (decreasing risk),High support ticket volume (90d) (increasing risk),Digital Engagement,Send a guided platform walkthrough or personal onboarding session; simplify the upgrade flow for this account.,2026-07-18
ACC-102045,Baldwin Group,Banking & Financial Services,AM-004,25420.91,50,49,Device Browse/Compare,0.187,False,Contract type: Month-to-Month (decreasing risk),Rising line disconnects (90d) (decreasing risk),Slow support resolution times (increasing risk),Contract & Account Health,Proactively reach out ahead of renewal; confirm auto-renewal status; review disconnected lines.,2026-07-18
ACC-102025,"Martinez, Green and Lopez",Pharmaceuticals,AM-004,26643.34,40,39,Checkout / Payment,0.187,False,High upgrade funnel abandonment (increasing risk),Severe drop-off at a specific self-service step (experience gap) (decreasing risk),Contract type: Month-to-Month (decreasing risk),Digital Engagement,Send a guided platform walkthrough or personal onboarding session; simplify the upgrade flow for this account.,2026-07-18
ACC-104375,Nelson Ltd,Government,AM-001,22610.18,37,37,Checkout / Payment,0.187,False,History of late invoice payments (decreasing risk),Large number of managed lines (CTNs) (decreasing risk),Auto-renewal not enabled (increasing risk),Billing & Payments,Offer autopay enrollment incentive; review invoice accuracy; flag account to billing support.,2026-07-18
ACC-101090,Adams-Butler,Healthcare,AM-006,20773.79,37,37,Support Handoff,0.187,True,Approaching contract renewal window (decreasing risk),Contract type: Month-to-Month (increasing risk),Recent support escalations (increasing risk),Contract & Account Health,Proactively reach out ahead of renewal; confirm auto-renewal status; review disconnected lines.,2026-07-18
ACC-102781,Morrison-Hatfield,Hospitality,AM-011,27079.69,45,44,Checkout / Payment,0.187,False,History of late invoice payments (increasing risk),Contract type: Month-to-Month (decreasing risk),Low self-service task completion rate (decreasing risk),Billing & Payments,Offer autopay enrollment incentive; review invoice accuracy; flag account to billing support.,2026-07-18
ACC-101977,"Mullins, Steele and Russell",Government,AM-008,28411.83,42,40,Order Confirmation,0.187,True,Severe drop-off at a specific self-service step (experience gap) (decreasing risk),Contract type: Month-to-Month (decreasing risk),High upgrade funnel abandonment (decreasing risk),Digital Engagement,Send a guided platform walkthrough or personal onboarding session; simplify the upgrade flow for this account.,2026-07-18
ACC-102287,"Macdonald, Willis and Silva",Technology,AM-004,25821.6,39,39,Checkout / Payment,0.187,False,Contract type: Month-to-Month (decreasing risk),Large number of managed lines (CTNs) (decreasing risk),Auto-renewal not enabled (decreasing risk),Contract & Account Health,Proactively reach out ahead of renewal; confirm auto-renewal status; review disconnected lines.,2026-07-18
ACC-104324,Archer and Sons,Education,AM-024,20062.73,51,47,Device Browse/Compare,0.186,False,History of late invoice payments (increasing risk),Contract type: Month-to-Month (decreasing risk),Rising line disconnects (90d) (decreasing risk),Billing & Payments,Offer autopay enrollment incentive; review invoice accuracy; flag account to billing support.,2026-07-18
ACC-104672,"Holden, Larson and Alvarez",Education,AM-020,24645.91,48,45,Order Confirmation,0.186,False,Low self-service task completion rate (decreasing risk),Severe drop-off at a specific self-service step (experience gap) (decreasing risk),Auto-renewal not enabled (increasing risk),Digital Engagement,Send a guided platform walkthrough or personal onboarding session; simplify the upgrade flow for this account.,2026-07-18
ACC-105272,Powell Group,Small Business / Retail,AM-010,25297.91,38,38,Support Handoff,0.186,False,Contract type: Month-to-Month (increasing risk),Rising line disconnects (90d) (decreasing risk),High upgrade funnel abandonment (decreasing risk),Contract & Account Health,Proactively reach out ahead of renewal; confirm auto-renewal status; review disconnected lines.,2026-07-18
ACC-104713,"Newman, George and Patrick",Pharmaceuticals,AM-003,30736.89,43,39,Device Browse/Compare,0.185,False,Industry segment: Pharmaceuticals (decreasing risk),Severe drop-off at a specific self-service step (experience gap) (increasing risk),Low self-service task completion rate (increasing risk),Product & Shop Usage,Recommend relevant plan/feature bundles; offer a device upgrade promotion to re-engage.,2026-07-18
ACC-102236,"Hines, Bradford and Jennings",Small Business / Retail,AM-017,22495.62,43,42,Checkout / Payment,0.184,False,Low self-service task completion rate (decreasing risk),Contract type: Month-to-Month (increasing risk),Rising line disconnects (90d) (decreasing risk),Digital Engagement,Send a guided platform walkthrough or personal onboarding session; simplify the upgrade flow for this account.,2026-07-18
ACC-103367,"Flowers, Williams and Taylor",Small Business / Retail,AM-017,23969.27,45,44,Checkout / Payment,0.184,False,Contract type: Month-to-Month (decreasing risk),High upgrade funnel abandonment (decreasing risk),Low self-service task completion rate (decreasing risk),Contract & Account Health,Proactively reach out ahead of renewal; confirm auto-renewal status; review disconnected lines.,2026-07-18
ACC-105679,Fletcher-Garcia,Hospitality,AM-009,18977.78,34,32,Support Handoff,0.183,False,Approaching contract renewal window (decreasing risk),Contract type: Month-to-Month (increasing risk),High monthly spend (increasing risk),Contract & Account Health,Proactively reach out ahead of renewal; confirm auto-renewal status; review disconnected lines.,2026-07-18
ACC-103841,Watson-Thomas,Education,AM-003,21755.87,50,49,Support Handoff,0.183,False,Auto-renewal not enabled (increasing risk),Contract type: Month-to-Month (decreasing risk),Slow support resolution times (decreasing risk),Contract & Account Health,Proactively reach out ahead of renewal; confirm auto-renewal status; review disconnected lines.,2026-07-18
ACC-105120,"Juarez, Crawford and Nixon",Energy & Utilities,AM-013,23332.58,33,29,Login / Authentication,0.183,False,Severe drop-off at a specific self-service step (experience gap) (decreasing risk),History of late invoice payments (decreasing risk),High upgrade funnel abandonment (decreasing risk),Digital Engagement,Send a guided platform walkthrough or personal onboarding session; simplify the upgrade flow for this account.,2026-07-18
ACC-102379,Romero and Sons,Logistics,AM-009,27764.21,51,48,Plan & Feature Selection,0.183,False,Severe drop-off at a specific self-service step (experience gap) (decreasing risk),Contract type: Month-to-Month (decreasing risk),"Low feature adoption (mobile share, family plan, etc.) (increasing risk)",Digital Engagement,Send a guided platform walkthrough or personal onboarding session; simplify the upgrade flow for this account.,2026-07-18
ACC-100791,"Moore, Henderson and Bennett",Healthcare,AM-014,33586.11,48,47,Plan & Feature Selection,0.183,False,High support call volume (90d) (increasing risk),Severe drop-off at a specific self-service step (experience gap) (decreasing risk),Auto-renewal not enabled (increasing risk),Support & Service,Escalate to a senior account rep for a service recovery call; audit recent ticket resolution quality.,2026-07-18
ACC-102143,Edwards-Bennett,Small Business / Retail,AM-009,24183.26,41,40,Plan & Feature Selection,0.183,True,Severe drop-off at a specific self-service step (experience gap) (decreasing risk),Low self-service task completion rate (decreasing risk),Contract type: Month-to-Month (decreasing risk),Digital Engagement,Send a guided platform walkthrough or personal onboarding session; simplify the upgrade flow for this account.,2026-07-18
ACC-105311,Ware-Alvarado,Manufacturing,AM-004,27729.16,38,37,Checkout / Payment,0.183,False,High upgrade funnel abandonment (decreasing risk),Contract type: Month-to-Month (decreasing risk),Low customer satisfaction (CSAT) (increasing risk),Digital Engagement,Send a guided platform walkthrough or personal onboarding session; simplify the upgrade flow for this account.,2026-07-18
ACC-100947,Oconnor PLC,Hospitality,AM-010,25570.06,45,43,Login / Authentication,0.182,False,Auto-renewal not enabled (increasing risk),High upgrade funnel abandonment (decreasing risk),Contract type: Month-to-Month (decreasing risk),Contract & Account Health,Proactively reach out ahead of renewal; confirm auto-renewal status; review disconnected lines.,2026-07-18
ACC-100556,Marshall-Peterson,Energy & Utilities,AM-002,28959.14,35,34,Checkout / Payment,0.182,False,Slow support resolution times (decreasing risk),High upgrade funnel abandonment (increasing risk),Contract type: Month-to-Month (decreasing risk),Support & Service,Escalate to a senior account rep for a service recovery call; audit recent ticket resolution quality.,2026-07-18
ACC-104033,Harrell-Hebert,Energy & Utilities,AM-001,20548.49,46,46,Support Handoff,0.182,False,Low self-service task completion rate (decreasing risk),High upgrade funnel abandonment (increasing risk),Auto-renewal not enabled (increasing risk),Digital Engagement,Send a guided platform walkthrough or personal onboarding session; simplify the upgrade flow for this account.,2026-07-18
ACC-105510,Mendoza-Rodriguez,Education,AM-003,24381.92,49,48,Checkout / Payment,0.182,False,High upgrade funnel abandonment (increasing risk),Low customer satisfaction (CSAT) (decreasing risk),Contract type: Month-to-Month (decreasing risk),Digital Engagement,Send a guided platform walkthrough or personal onboarding session; simplify the upgrade flow for this account.,2026-07-18
ACC-103881,Mitchell-Middleton,Logistics,AM-021,24653.47,43,40,Device Browse/Compare,0.182,True,Contract type: Month-to-Month (decreasing risk),High support ticket volume (90d) (increasing risk),Low customer satisfaction (CSAT) (increasing risk),Contract & Account Health,Proactively reach out ahead of renewal; confirm auto-renewal status; review disconnected lines.,2026-07-18
ACC-102549,Hardy-Wallace,Government,AM-001,42073.82,55,54,Device Browse/Compare,0.181,False,Low self-service task completion rate (decreasing risk),Contract type: Month-to-Month (increasing risk),Large number of managed lines (CTNs) (increasing risk),Digital Engagement,Send a guided platform walkthrough or personal onboarding session; simplify the upgrade flow for this account.,2026-07-18
ACC-101349,"Hudson, Bennett and Gray",Healthcare,AM-015,26525.16,41,38,Support Handoff,0.181,True,High upgrade funnel abandonment (increasing risk),Low device upgrade activity (decreasing risk),Low customer satisfaction (CSAT) (decreasing risk),Digital Engagement,Send a guided platform walkthrough or personal onboarding session; simplify the upgrade flow for this account.,2026-07-18
ACC-105006,"Chandler, Howe and Burns",Hospitality,AM-012,18052.66,49,48,Checkout / Payment,0.181,False,Severe drop-off at a specific self-service step (experience gap) (increasing risk),Low self-service task completion rate (decreasing risk),Approaching contract renewal window (decreasing risk),Digital Engagement,Send a guided platform walkthrough or personal onboarding session; simplify the upgrade flow for this account.,2026-07-18
ACC-100693,Faulkner-Grant,Banking & Financial Services,AM-020,17069.88,35,34,Checkout / Payment,0.18,False,Low self-service task completion rate (decreasing risk),Approaching contract renewal window (decreasing risk),Contract type: Month-to-Month (increasing risk),Digital Engagement,Send a guided platform walkthrough or personal onboarding session; simplify the upgrade flow for this account.,2026-07-18
ACC-105290,"Blair, Bates and Daniels",Manufacturing,AM-017,27260.25,48,46,Checkout / Payment,0.18,False,Severe drop-off at a specific self-service step (experience gap) (decreasing risk),High upgrade funnel abandonment (decreasing risk),Contract type: Month-to-Month (increasing risk),Digital Engagement,Send a guided platform walkthrough or personal onboarding session; simplify the upgrade flow for this account.,2026-07-18
ACC-103024,"Sandoval, Parrish and Crosby",Government,AM-005,20532.94,41,40,Plan & Feature Selection,0.179,False,Contract type: Month-to-Month (increasing risk),High upgrade funnel abandonment (decreasing risk),Low customer satisfaction (CSAT) (decreasing risk),Contract & Account Health,Proactively reach out ahead of renewal; confirm auto-renewal status; review disconnected lines.,2026-07-18
ACC-102546,"Lee, Garcia and Larson",Small Business / Retail,AM-014,30335.77,39,37,Device Browse/Compare,0.179,False,Low self-service task completion rate (decreasing risk),High upgrade funnel abandonment (decreasing risk),Contract type: Month-to-Month (increasing risk),Digital Engagement,Send a guided platform walkthrough or personal onboarding session; simplify the upgrade flow for this account.,2026-07-18
ACC-102579,Boyle-Torres,Healthcare,AM-011,25132.76,42,38,Login / Authentication,0.178,False,Severe drop-off at a specific self-service step (experience gap) (decreasing risk),Contract type: Month-to-Month (decreasing risk),Low customer satisfaction (CSAT) (decreasing risk),Digital Engagement,Send a guided platform walkthrough or personal onboarding session; simplify the upgrade flow for this account.,2026-07-18
ACC-101493,"Fields, Elliott and Mills",Banking & Financial Services,AM-019,27706.81,42,41,Plan & Feature Selection,0.178,False,Severe drop-off at a specific self-service step (experience gap) (decreasing risk),Low self-service task completion rate (increasing risk),"Low feature adoption (mobile share, family plan, etc.) (decreasing risk)",Digital Engagement,Send a guided platform walkthrough or personal onboarding session; simplify the upgrade flow for this account.,2026-07-18
ACC-101597,"Cunningham, Murphy and Wolfe",Small Business / Retail,AM-022,28220.55,49,46,Login / Authentication,0.178,False,Approaching contract renewal window (decreasing risk),Contract type: Month-to-Month (decreasing risk),Low self-service task completion rate (decreasing risk),Contract & Account Health,Proactively reach out ahead of renewal; confirm auto-renewal status; review disconnected lines.,2026-07-18
ACC-101287,Jackson PLC,Education,AM-014,22138.22,42,40,Login / Authentication,0.178,False,Low self-service task completion rate (decreasing risk),Contract type: Month-to-Month (decreasing risk),"Low feature adoption (mobile share, family plan, etc.) (increasing risk)",Digital Engagement,Send a guided platform walkthrough or personal onboarding session; simplify the upgrade flow for this account.,2026-07-18
ACC-104623,Watson PLC,Pharmaceuticals,AM-002,28979.99,45,43,Login / Authentication,0.178,False,Industry segment: Pharmaceuticals (decreasing risk),Contract type: Month-to-Month (decreasing risk),High upgrade funnel abandonment (decreasing risk),Product & Shop Usage,Recommend relevant plan/feature bundles; offer a device upgrade promotion to re-engage.,2026-07-18
ACC-100412,"Miller, Harrell and Reese",Technology,AM-019,26431.2,44,42,Add to Cart,0.177,True,Recent support escalations (increasing risk),Contract type: Month-to-Month (decreasing risk),Auto-renewal not enabled (decreasing risk),Support & Service,Escalate to a senior account rep for a service recovery call; audit recent ticket resolution quality.,2026-07-18
ACC-104340,"Casey, Gonzalez and Jenkins",Energy & Utilities,AM-021,29401.02,42,41,Order Confirmation,0.177,False,High support call volume (90d) (increasing risk),High upgrade funnel abandonment (decreasing risk),Low customer satisfaction (CSAT) (decreasing risk),Support & Service,Escalate to a senior account rep for a service recovery call; audit recent ticket resolution quality.,2026-07-18
ACC-102890,Jones Ltd,Logistics,AM-002,22013.68,39,39,Support Handoff,0.177,False,Severe drop-off at a specific self-service step (experience gap) (increasing risk),High upgrade funnel abandonment (decreasing risk),Auto-renewal not enabled (increasing risk),Digital Engagement,Send a guided platform walkthrough or personal onboarding session; simplify the upgrade flow for this account.,2026-07-18
ACC-101538,"Brown, Kelly and Moore",Education,AM-011,26434.39,39,37,Checkout / Payment,0.176,False,High upgrade funnel abandonment (decreasing risk),Contract type: Month-to-Month (decreasing risk),"Low feature adoption (mobile share, family plan, etc.) (increasing risk)",Digital Engagement,Send a guided platform walkthrough or personal onboarding session; simplify the upgrade flow for this account.,2026-07-18
ACC-100195,"Nelson, Morton and Medina",Technology,AM-011,28567.07,40,40,Checkout / Payment,0.176,False,Low self-service task completion rate (decreasing risk),High upgrade funnel abandonment (decreasing risk),Contract type: Month-to-Month (decreasing risk),Digital Engagement,Send a guided platform walkthrough or personal onboarding session; simplify the upgrade flow for this account.,2026-07-18
ACC-103547,"Logan, Marquez and Case",Hospitality,AM-011,26226.95,40,38,Support Handoff,0.175,False,High upgrade funnel abandonment (decreasing risk),Auto-renewal not enabled (increasing risk),Contract type: Month-to-Month (decreasing risk),Digital Engagement,Send a guided platform walkthrough or personal onboarding session; simplify the upgrade flow for this account.,2026-07-18
ACC-100847,"Greer, Potter and Evans",Education,AM-020,28096.87,44,43,Add to Cart,0.175,False,Low self-service task completion rate (decreasing risk),Severe drop-off at a specific self-service step (experience gap) (decreasing risk),Contract type: Month-to-Month (increasing risk),Digital Engagement,Send a guided platform walkthrough or personal onboarding session; simplify the upgrade flow for this account.,2026-07-18
ACC-104598,"White, Hill and Cunningham",Healthcare,AM-018,20274.15,35,34,Checkout / Payment,0.174,False,Large number of managed lines (CTNs) (decreasing risk),Auto-renewal not enabled (increasing risk),Low customer satisfaction (CSAT) (decreasing risk),Contract & Account Health,Proactively reach out ahead of renewal; confirm auto-renewal status; review disconnected lines.,2026-07-18
ACC-105826,Jones-David,Technology,AM-014,24748.44,48,46,Plan & Feature Selection,0.174,False,Contract type: Month-to-Month (decreasing risk),Severe drop-off at a specific self-service step (experience gap) (decreasing risk),"Low feature adoption (mobile share, family plan, etc.) (increasing risk)",Contract & Account Health,Proactively reach out ahead of renewal; confirm auto-renewal status; review disconnected lines.,2026-07-18
ACC-101496,Diaz-Green,Small Business / Retail,AM-005,30425.89,44,41,Device Browse/Compare,0.174,False,Low self-service task completion rate (decreasing risk),Contract type: Month-to-Month (decreasing risk),"Low feature adoption (mobile share, family plan, etc.) (increasing risk)",Digital Engagement,Send a guided platform walkthrough or personal onboarding session; simplify the upgrade flow for this account.,2026-07-18
ACC-103622,"Myers, Howard and Castillo",Hospitality,AM-021,22013.06,33,32,Device Browse/Compare,0.173,False,Low self-service task completion rate (decreasing risk),Low device upgrade activity (decreasing risk),Auto-renewal not enabled (increasing risk),Digital Engagement,Send a guided platform walkthrough or personal onboarding session; simplify the upgrade flow for this account.,2026-07-18
ACC-105752,Velasquez Inc,Technology,AM-019,27158.85,57,54,Device Browse/Compare,0.173,False,Approaching contract renewal window (increasing risk),Severe drop-off at a specific self-service step (experience gap) (decreasing risk),High upgrade funnel abandonment (decreasing risk),Contract & Account Health,Proactively reach out ahead of renewal; confirm auto-renewal status; review disconnected lines.,2026-07-18
ACC-105163,Leon Group,Healthcare,AM-025,36139.31,48,46,Checkout / Payment,0.173,False,Contract type: Month-to-Month (increasing risk),High upgrade funnel abandonment (decreasing risk),Rising line disconnects (90d) (decreasing risk),Contract & Account Health,Proactively reach out ahead of renewal; confirm auto-renewal status; review disconnected lines.,2026-07-18
ACC-105909,Ferrell PLC,Education,AM-003,20538.51,50,50,Checkout / Payment,0.173,False,Contract type: Month-to-Month (decreasing risk),High upgrade funnel abandonment (decreasing risk),Low customer satisfaction (CSAT) (increasing risk),Contract & Account Health,Proactively reach out ahead of renewal; confirm auto-renewal status; review disconnected lines.,2026-07-18
ACC-102202,Hahn-Ramsey,Healthcare,AM-017,16450.22,38,36,Checkout / Payment,0.172,False,High upgrade funnel abandonment (increasing risk),Low customer satisfaction (CSAT) (decreasing risk),Large number of managed lines (CTNs) (decreasing risk),Digital Engagement,Send a guided platform walkthrough or personal onboarding session; simplify the upgrade flow for this account.,2026-07-18
ACC-101008,"Thomas, Vaughan and Copeland",Small Business / Retail,AM-010,18703.88,49,48,Add to Cart,0.172,False,Contract type: Month-to-Month (decreasing risk),Rising line disconnects (90d) (decreasing risk),High monthly spend (increasing risk),Contract & Account Health,Proactively reach out ahead of renewal; confirm auto-renewal status; review disconnected lines.,2026-07-18
ACC-104745,Wilson-Strong,Technology,AM-014,38290.65,54,52,Checkout / Payment,0.171,False,High upgrade funnel abandonment (decreasing risk),Auto-renewal not enabled (increasing risk),Low self-service task completion rate (decreasing risk),Digital Engagement,Send a guided platform walkthrough or personal onboarding session; simplify the upgrade flow for this account.,2026-07-18
ACC-104704,Wright-Roberts,Healthcare,AM-008,18166.5,32,32,Login / Authentication,0.171,True,High upgrade funnel abandonment (increasing risk),Severe drop-off at a specific self-service step (experience gap) (decreasing risk),Contract type: Month-to-Month (decreasing risk),Digital Engagement,Send a guided platform walkthrough or personal onboarding session; simplify the upgrade flow for this account.,2026-07-18
ACC-104126,Thomas-Hill,Healthcare,AM-022,19660.52,44,43,Login / Authentication,0.171,False,Severe drop-off at a specific self-service step (experience gap) (decreasing risk),Contract type: Month-to-Month (decreasing risk),Low customer satisfaction (CSAT) (increasing risk),Digital Engagement,Send a guided platform walkthrough or personal onboarding session; simplify the upgrade flow for this account.,2026-07-18
ACC-105241,Moon-Morales,Logistics,AM-016,24060.7,39,38,Plan & Feature Selection,0.171,False,Severe drop-off at a specific self-service step (experience gap) (decreasing risk),Contract type: Month-to-Month (decreasing risk),High upgrade funnel abandonment (increasing risk),Digital Engagement,Send a guided platform walkthrough or personal onboarding session; simplify the upgrade flow for this account.,2026-07-18
ACC-105811,Flores PLC,Hospitality,AM-013,17140.43,34,34,Support Handoff,0.171,False,Low self-service task completion rate (decreasing risk),Contract type: Month-to-Month (increasing risk),Approaching contract renewal window (decreasing risk),Digital Engagement,Send a guided platform walkthrough or personal onboarding session; simplify the upgrade flow for this account.,2026-07-18
ACC-102164,Hudson-Morris,Pharmaceuticals,AM-022,29719.88,47,45,Checkout / Payment,0.171,False,Low self-service task completion rate (decreasing risk),High upgrade funnel abandonment (decreasing risk),Contract type: Month-to-Month (increasing risk),Digital Engagement,Send a guided platform walkthrough or personal onboarding session; simplify the upgrade flow for this account.,2026-07-18
ACC-101016,"Foster, Garcia and Turner",Energy & Utilities,AM-023,29839.73,48,47,Plan & Feature Selection,0.171,False,Approaching contract renewal window (increasing risk),High upgrade funnel abandonment (decreasing risk),Low self-service task completion rate (decreasing risk),Contract & Account Health,Proactively reach out ahead of renewal; confirm auto-renewal status; review disconnected lines.,2026-07-18
ACC-104208,Padilla-Bender,Healthcare,AM-018,13272.28,39,37,Checkout / Payment,0.171,False,Severe drop-off at a specific self-service step (experience gap) (decreasing risk),Contract type: Month-to-Month (increasing risk),Low self-service task completion rate (decreasing risk),Digital Engagement,Send a guided platform walkthrough or personal onboarding session; simplify the upgrade flow for this account.,2026-07-18
ACC-105740,Becker-King,Pharmaceuticals,AM-007,21928.46,43,39,Add to Cart,0.171,False,Low self-service task completion rate (decreasing risk),Severe drop-off at a specific self-service step (experience gap) (decreasing risk),Industry segment: Pharmaceuticals (decreasing risk),Digital Engagement,Send a guided platform walkthrough or personal onboarding session; simplify the upgrade flow for this account.,2026-07-18
ACC-102174,Knight PLC,Hospitality,AM-025,25412.19,44,40,Checkout / Payment,0.17,False,Low self-service task completion rate (increasing risk),Contract type: Month-to-Month (decreasing risk),Low customer satisfaction (CSAT) (decreasing risk),Digital Engagement,Send a guided platform walkthrough or personal onboarding session; simplify the upgrade flow for this account.,2026-07-18
ACC-100372,Reynolds Ltd,Logistics,AM-009,33703.19,49,48,Device Browse/Compare,0.17,False,History of late invoice payments (increasing risk),Contract type: Month-to-Month (decreasing risk),Rising line disconnects (90d) (decreasing risk),Billing & Payments,Offer autopay enrollment incentive; review invoice accuracy; flag account to billing support.,2026-07-18
ACC-105326,Bowen-Randolph,Energy & Utilities,AM-008,20590.59,49,48,Checkout / Payment,0.17,False,Low customer satisfaction (CSAT) (increasing risk),Severe drop-off at a specific self-service step (experience gap) (decreasing risk),High upgrade funnel abandonment (decreasing risk),Support & Service,Escalate to a senior account rep for a service recovery call; audit recent ticket resolution quality.,2026-07-18
ACC-104561,Rowland and Sons,Manufacturing,AM-025,30735.35,47,45,Checkout / Payment,0.169,False,High upgrade funnel abandonment (decreasing risk),Contract type: Month-to-Month (decreasing risk),Auto-renewal not enabled (increasing risk),Digital Engagement,Send a guided platform walkthrough or personal onboarding session; simplify the upgrade flow for this account.,2026-07-18
ACC-104218,"Wilson, Davis and Shah",Logistics,AM-003,22648.22,37,37,Plan & Feature Selection,0.168,False,Low self-service task completion rate (decreasing risk),Contract type: Month-to-Month (increasing risk),Large number of managed lines (CTNs) (decreasing risk),Digital Engagement,Send a guided platform walkthrough or personal onboarding session; simplify the upgrade flow for this account.,2026-07-18
ACC-100513,Cisneros and Sons,Education,AM-025,19813.79,43,42,Add to Cart,0.168,False,Auto-renewal not enabled (increasing risk),Approaching contract renewal window (decreasing risk),High monthly spend (increasing risk),Contract & Account Health,Proactively reach out ahead of renewal; confirm auto-renewal status; review disconnected lines.,2026-07-18
ACC-101281,"Blackwell, James and Hogan",Pharmaceuticals,AM-016,26719.32,41,41,Checkout / Payment,0.168,True,Severe drop-off at a specific self-service step (experience gap) (decreasing risk),Industry segment: Pharmaceuticals (decreasing risk),Contract type: Month-to-Month (decreasing risk),Digital Engagement,Send a guided platform walkthrough or personal onboarding session; simplify the upgrade flow for this account.,2026-07-18
ACC-104047,Smith-James,Small Business / Retail,AM-016,22242.15,37,34,Plan & Feature Selection,0.168,False,Severe drop-off at a specific self-service step (experience gap) (decreasing risk),Low self-service task completion rate (increasing risk),Approaching contract renewal window (decreasing risk),Digital Engagement,Send a guided platform walkthrough or personal onboarding session; simplify the upgrade flow for this account.,2026-07-18
ACC-100723,Mann Inc,Banking & Financial Services,AM-007,21039.26,41,39,Device Browse/Compare,0.167,False,Severe drop-off at a specific self-service step (experience gap) (decreasing risk),Contract type: Month-to-Month (decreasing risk),Auto-renewal not enabled (increasing risk),Digital Engagement,Send a guided platform walkthrough or personal onboarding session; simplify the upgrade flow for this account.,2026-07-18
ACC-103107,Martin-Pratt,Healthcare,AM-024,21009.24,45,43,Checkout / Payment,0.167,False,Low customer satisfaction (CSAT) (decreasing risk),Slow support resolution times (decreasing risk),Auto-renewal not enabled (increasing risk),Support & Service,Escalate to a senior account rep for a service recovery call; audit recent ticket resolution quality.,2026-07-18
ACC-100869,Donaldson and Sons,Manufacturing,AM-008,17592.13,42,42,Support Handoff,0.167,False,Low self-service task completion rate (decreasing risk),Contract type: Month-to-Month (increasing risk),Approaching contract renewal window (decreasing risk),Digital Engagement,Send a guided platform walkthrough or personal onboarding session; simplify the upgrade flow for this account.,2026-07-18
ACC-105492,Thomas Group,Energy & Utilities,AM-013,19757.9,34,33,Plan & Feature Selection,0.167,False,History of late invoice payments (increasing risk),Low self-service task completion rate (decreasing risk),Contract type: Month-to-Month (decreasing risk),Billing & Payments,Offer autopay enrollment incentive; review invoice accuracy; flag account to billing support.,2026-07-18
ACC-105933,"Hawkins, Hendrix and Hayes",Small Business / Retail,AM-007,20529.26,35,31,Plan & Feature Selection,0.166,False,Large number of managed lines (CTNs) (decreasing risk),Low customer satisfaction (CSAT) (decreasing risk),Contract type: Month-to-Month (increasing risk),Contract & Account Health,Proactively reach out ahead of renewal; confirm auto-renewal status; review disconnected lines.,2026-07-18
ACC-100174,Ramirez-Bean,Healthcare,AM-003,20766.74,51,50,Add to Cart,0.166,False,High upgrade funnel abandonment (decreasing risk),Contract type: Month-to-Month (decreasing risk),Low self-service task completion rate (decreasing risk),Digital Engagement,Send a guided platform walkthrough or personal onboarding session; simplify the upgrade flow for this account.,2026-07-18
ACC-103958,Perkins Inc,Government,AM-009,20986.28,58,56,Order Confirmation,0.166,False,Low self-service task completion rate (decreasing risk),Severe drop-off at a specific self-service step (experience gap) (increasing risk),Rising line disconnects (90d) (decreasing risk),Digital Engagement,Send a guided platform walkthrough or personal onboarding session; simplify the upgrade flow for this account.,2026-07-18
ACC-103223,"Knapp, Miller and Reyes",Education,AM-005,30510.25,49,48,Plan & Feature Selection,0.166,False,Contract type: Month-to-Month (decreasing risk),Slow support resolution times (decreasing risk),"Low feature adoption (mobile share, family plan, etc.) (increasing risk)",Contract & Account Health,Proactively reach out ahead of renewal; confirm auto-renewal status; review disconnected lines.,2026-07-18
ACC-104866,"King, Baker and Schmidt",Small Business / Retail,AM-018,26455.45,43,41,Device Browse/Compare,0.165,False,Severe drop-off at a specific self-service step (experience gap) (increasing risk),Approaching contract renewal window (decreasing risk),High upgrade funnel abandonment (decreasing risk),Digital Engagement,Send a guided platform walkthrough or personal onboarding session; simplify the upgrade flow for this account.,2026-07-18
ACC-105404,"Chavez, Yoder and Spencer",Education,AM-016,25647.47,40,38,Login / Authentication,0.165,False,Contract type: Month-to-Month (decreasing risk),Auto-renewal not enabled (decreasing risk),Short account tenure (increasing risk),Contract & Account Health,Proactively reach out ahead of renewal; confirm auto-renewal status; review disconnected lines.,2026-07-18
ACC-104014,"Marks, Murphy and Ryan",Small Business / Retail,AM-012,28978.9,50,50,Order Confirmation,0.165,False,Contract type: Month-to-Month (decreasing risk),Auto-renewal not enabled (decreasing risk),Short account tenure (increasing risk),Contract & Account Health,Proactively reach out ahead of renewal; confirm auto-renewal status; review disconnected lines.,2026-07-18
ACC-102924,Hayden Group,Technology,AM-019,24733.3,47,46,Add to Cart,0.165,False,Contract type: Month-to-Month (decreasing risk),"Low feature adoption (mobile share, family plan, etc.) (decreasing risk)",Auto-renewal not enabled (decreasing risk),Contract & Account Health,Proactively reach out ahead of renewal; confirm auto-renewal status; review disconnected lines.,2026-07-18
ACC-105932,Cook-Walter,Banking & Financial Services,AM-004,18357.38,45,44,Device Browse/Compare,0.165,False,History of late invoice payments (decreasing risk),Contract type: Month-to-Month (decreasing risk),High upgrade funnel abandonment (decreasing risk),Billing & Payments,Offer autopay enrollment incentive; review invoice accuracy; flag account to billing support.,2026-07-18
ACC-100562,Dougherty-Lin,Manufacturing,AM-022,26261.43,45,45,Device Browse/Compare,0.164,False,Low self-service task completion rate (increasing risk),Severe drop-off at a specific self-service step (experience gap) (decreasing risk),History of late invoice payments (decreasing risk),Digital Engagement,Send a guided platform walkthrough or personal onboarding session; simplify the upgrade flow for this account.,2026-07-18
ACC-100661,"Robinson, Jones and Henderson",Government,AM-004,21202.29,48,48,Checkout / Payment,0.162,False,Contract type: Month-to-Month (decreasing risk),Low self-service task completion rate (decreasing risk),High upgrade funnel abandonment (decreasing risk),Contract & Account Health,Proactively reach out ahead of renewal; confirm auto-renewal status; review disconnected lines.,2026-07-18
ACC-103361,Ho-Thomas,Hospitality,AM-016,28019.52,42,41,Checkout / Payment,0.162,False,Low self-service task completion rate (increasing risk),Contract type: Month-to-Month (decreasing risk),High upgrade funnel abandonment (decreasing risk),Digital Engagement,Send a guided platform walkthrough or personal onboarding session; simplify the upgrade flow for this account.,2026-07-18
ACC-103935,Barnett Inc,Pharmaceuticals,AM-002,18206.48,35,35,Support Handoff,0.162,True,Low self-service task completion rate (increasing risk),High upgrade funnel abandonment (decreasing risk),Rising line disconnects (90d) (decreasing risk),Digital Engagement,Send a guided platform walkthrough or personal onboarding session; simplify the upgrade flow for this account.,2026-07-18
ACC-103324,"Wright, Rodriguez and Wilson",Manufacturing,AM-005,26315.79,49,47,Checkout / Payment,0.162,False,Contract type: Month-to-Month (decreasing risk),"Low feature adoption (mobile share, family plan, etc.) (increasing risk)",History of late invoice payments (decreasing risk),Contract & Account Health,Proactively reach out ahead of renewal; confirm auto-renewal status; review disconnected lines.,2026-07-18
ACC-102349,Petty-Allison,Healthcare,AM-023,26589.95,50,49,Add to Cart,0.161,False,Low self-service task completion rate (decreasing risk),Contract type: Month-to-Month (decreasing risk),Repeated late payments (12mo) (increasing risk),Digital Engagement,Send a guided platform walkthrough or personal onboarding session; simplify the upgrade flow for this account.,2026-07-18
ACC-103605,Hunter LLC,Government,AM-009,19706.98,36,36,Checkout / Payment,0.161,False,Low self-service task completion rate (decreasing risk),High monthly spend (increasing risk),High upgrade funnel abandonment (decreasing risk),Digital Engagement,Send a guided platform walkthrough or personal onboarding session; simplify the upgrade flow for this account.,2026-07-18
ACC-101225,"Newton, Ortiz and King",Energy & Utilities,AM-007,25731.74,47,46,Device Browse/Compare,0.16,False,Severe drop-off at a specific self-service step (experience gap) (decreasing risk),Contract type: Month-to-Month (increasing risk),High upgrade funnel abandonment (decreasing risk),Digital Engagement,Send a guided platform walkthrough or personal onboarding session; simplify the upgrade flow for this account.,2026-07-18
ACC-104020,"Jordan, Hill and Hayes",Healthcare,AM-018,27829.59,54,51,Device Browse/Compare,0.16,False,Repeated late payments (12mo) (increasing risk),Approaching contract renewal window (decreasing risk),Contract type: Month-to-Month (decreasing risk),Billing & Payments,Offer autopay enrollment incentive; review invoice accuracy; flag account to billing support.,2026-07-18
ACC-104773,Davis Group,Small Business / Retail,AM-018,21379.76,47,44,Add to Cart,0.159,True,Contract type: Month-to-Month (decreasing risk),High upgrade funnel abandonment (decreasing risk),Low self-service task completion rate (decreasing risk),Contract & Account Health,Proactively reach out ahead of renewal; confirm auto-renewal status; review disconnected lines.,2026-07-18
ACC-103539,"Perry, May and Liu",Banking & Financial Services,AM-011,17392.96,56,56,Checkout / Payment,0.159,False,Low self-service task completion rate (increasing risk),High monthly spend (increasing risk),High upgrade funnel abandonment (increasing risk),Digital Engagement,Send a guided platform walkthrough or personal onboarding session; simplify the upgrade flow for this account.,2026-07-18
ACC-104143,Marquez Group,Pharmaceuticals,AM-005,30049.38,51,50,Add to Cart,0.159,False,Slow support resolution times (decreasing risk),High upgrade funnel abandonment (increasing risk),Low customer satisfaction (CSAT) (decreasing risk),Support & Service,Escalate to a senior account rep for a service recovery call; audit recent ticket resolution quality.,2026-07-18
ACC-103633,"Robinson, Fields and Williams",Technology,AM-002,18065.06,40,39,Support Handoff,0.159,False,Contract type: Month-to-Month (decreasing risk),High monthly spend (increasing risk),High upgrade funnel abandonment (decreasing risk),Contract & Account Health,Proactively reach out ahead of renewal; confirm auto-renewal status; review disconnected lines.,2026-07-18
ACC-100115,Walker Ltd,Logistics,AM-024,28104.76,51,51,Login / Authentication,0.158,True,Low customer satisfaction (CSAT) (increasing risk),Approaching contract renewal window (decreasing risk),Contract type: Month-to-Month (decreasing risk),Support & Service,Escalate to a senior account rep for a service recovery call; audit recent ticket resolution quality.,2026-07-18
ACC-101311,"Cooper, Gutierrez and Brewer",Manufacturing,AM-003,28888.49,45,45,Order Confirmation,0.158,False,Severe drop-off at a specific self-service step (experience gap) (decreasing risk),Low customer satisfaction (CSAT) (decreasing risk),Repeated late payments (12mo) (increasing risk),Digital Engagement,Send a guided platform walkthrough or personal onboarding session; simplify the upgrade flow for this account.,2026-07-18
ACC-103029,Moore-Hall,Technology,AM-018,21552.58,41,40,Support Handoff,0.158,False,Low customer satisfaction (CSAT) (increasing risk),Contract type: Month-to-Month (increasing risk),High upgrade funnel abandonment (decreasing risk),Support & Service,Escalate to a senior account rep for a service recovery call; audit recent ticket resolution quality.,2026-07-18
ACC-104310,Sutton Inc,Government,AM-014,17799.77,49,48,Plan & Feature Selection,0.158,False,Low self-service task completion rate (decreasing risk),High monthly spend (increasing risk),Low customer satisfaction (CSAT) (increasing risk),Digital Engagement,Send a guided platform walkthrough or personal onboarding session; simplify the upgrade flow for this account.,2026-07-18
ACC-102271,"Hamilton, Green and Edwards",Manufacturing,AM-022,15961.45,35,34,Plan & Feature Selection,0.157,False,Large number of managed lines (CTNs) (decreasing risk),Contract type: Month-to-Month (increasing risk),Approaching contract renewal window (decreasing risk),Contract & Account Health,Proactively reach out ahead of renewal; confirm auto-renewal status; review disconnected lines.,2026-07-18
ACC-101842,Smith-Rodriguez,Education,AM-006,27143.39,37,34,Device Browse/Compare,0.156,False,Severe drop-off at a specific self-service step (experience gap) (decreasing risk),Contract type: Month-to-Month (increasing risk),Large number of managed lines (CTNs) (decreasing risk),Digital Engagement,Send a guided platform walkthrough or personal onboarding session; simplify the upgrade flow for this account.,2026-07-18
ACC-102432,"Wood, Crane and Guzman",Banking & Financial Services,AM-011,25428.26,45,42,Checkout / Payment,0.156,True,Low self-service task completion rate (decreasing risk),Contract type: Month-to-Month (decreasing risk),High upgrade funnel abandonment (decreasing risk),Digital Engagement,Send a guided platform walkthrough or personal onboarding session; simplify the upgrade flow for this account.,2026-07-18
ACC-104666,Scott Inc,Healthcare,AM-021,14499.84,49,48,Checkout / Payment,0.155,False,Contract type: Month-to-Month (decreasing risk),High monthly spend (increasing risk),High upgrade funnel abandonment (decreasing risk),Contract & Account Health,Proactively reach out ahead of renewal; confirm auto-renewal status; review disconnected lines.,2026-07-18
ACC-103486,"Wright, Brown and Brown",Government,AM-006,32557.59,52,50,Support Handoff,0.155,False,High upgrade funnel abandonment (decreasing risk),Contract type: Month-to-Month (decreasing risk),History of late invoice payments (increasing risk),Digital Engagement,Send a guided platform walkthrough or personal onboarding session; simplify the upgrade flow for this account.,2026-07-18
ACC-105325,"Becker, Murphy and Patel",Small Business / Retail,AM-018,23375.84,44,40,Add to Cart,0.155,False,Low self-service task completion rate (increasing risk),High upgrade funnel abandonment (decreasing risk),Contract type: Month-to-Month (decreasing risk),Digital Engagement,Send a guided platform walkthrough or personal onboarding session; simplify the upgrade flow for this account.,2026-07-18
ACC-102664,"Martinez, Wood and Campos",Logistics,AM-002,25150.95,44,42,Add to Cart,0.154,False,Low self-service task completion rate (decreasing risk),Contract type: Month-to-Month (increasing risk),History of late invoice payments (decreasing risk),Digital Engagement,Send a guided platform walkthrough or personal onboarding session; simplify the upgrade flow for this account.,2026-07-18
ACC-102133,Fuller and Sons,Manufacturing,AM-002,30770.04,47,46,Checkout / Payment,0.153,False,High upgrade funnel abandonment (decreasing risk),Contract type: Month-to-Month (decreasing risk),Approaching contract renewal window (increasing risk),Digital Engagement,Send a guided platform walkthrough or personal onboarding session; simplify the upgrade flow for this account.,2026-07-18
ACC-103449,Lopez-Blair,Government,AM-006,17657.34,33,32,Order Confirmation,0.153,True,Low self-service task completion rate (decreasing risk),High monthly spend (increasing risk),Contract type: Month-to-Month (decreasing risk),Digital Engagement,Send a guided platform walkthrough or personal onboarding session; simplify the upgrade flow for this account.,2026-07-18
ACC-101603,Baker-Ross,Government,AM-015,27781.55,48,47,Plan & Feature Selection,0.153,False,High upgrade funnel abandonment (decreasing risk),Contract type: Month-to-Month (decreasing risk),Low self-service task completion rate (decreasing risk),Digital Engagement,Send a guided platform walkthrough or personal onboarding session; simplify the upgrade flow for this account.,2026-07-18
ACC-102634,"Berry, Myers and James",Energy & Utilities,AM-004,27400.11,52,52,Checkout / Payment,0.152,False,Low self-service task completion rate (decreasing risk),Contract type: Month-to-Month (increasing risk),Severe drop-off at a specific self-service step (experience gap) (decreasing risk),Digital Engagement,Send a guided platform walkthrough or personal onboarding session; simplify the upgrade flow for this account.,2026-07-18
ACC-105142,Morgan-Jones,Banking & Financial Services,AM-007,19921.07,38,37,Login / Authentication,0.152,False,Contract type: Month-to-Month (decreasing risk),High upgrade funnel abandonment (decreasing risk),"Low feature adoption (mobile share, family plan, etc.) (decreasing risk)",Contract & Account Health,Proactively reach out ahead of renewal; confirm auto-renewal status; review disconnected lines.,2026-07-18
ACC-104322,Trujillo-Thomas,Technology,AM-023,22818.67,36,35,Plan & Feature Selection,0.152,True,Contract type: Month-to-Month (decreasing risk),Large number of managed lines (CTNs) (decreasing risk),Recent support escalations (increasing risk),Contract & Account Health,Proactively reach out ahead of renewal; confirm auto-renewal status; review disconnected lines.,2026-07-18
ACC-102291,Clay Inc,Energy & Utilities,AM-008,30442.28,46,46,Device Browse/Compare,0.151,False,Approaching contract renewal window (increasing risk),High upgrade funnel abandonment (decreasing risk),Low self-service task completion rate (decreasing risk),Contract & Account Health,Proactively reach out ahead of renewal; confirm auto-renewal status; review disconnected lines.,2026-07-18
ACC-104631,Hodge and Sons,Energy & Utilities,AM-009,30529.13,49,49,Add to Cart,0.151,True,Contract type: Month-to-Month (decreasing risk),High support ticket volume (90d) (increasing risk),Low self-service task completion rate (decreasing risk),Contract & Account Health,Proactively reach out ahead of renewal; confirm auto-renewal status; review disconnected lines.,2026-07-18
ACC-103439,"Welch, Johnson and Thompson",Banking & Financial Services,AM-002,21867.16,42,40,Plan & Feature Selection,0.15,False,Approaching contract renewal window (decreasing risk),Rising line disconnects (90d) (decreasing risk),Low customer satisfaction (CSAT) (decreasing risk),Contract & Account Health,Proactively reach out ahead of renewal; confirm auto-renewal status; review disconnected lines.,2026-07-18
ACC-103315,"Rodriguez, Smith and Murray",Small Business / Retail,AM-025,20540.01,36,34,Support Handoff,0.15,False,Slow support resolution times (increasing risk),Low customer satisfaction (CSAT) (increasing risk),Low self-service task completion rate (decreasing risk),Support & Service,Escalate to a senior account rep for a service recovery call; audit recent ticket resolution quality.,2026-07-18
ACC-101610,Powers Group,Healthcare,AM-002,23360.72,42,39,Checkout / Payment,0.15,False,High upgrade funnel abandonment (decreasing risk),Low customer satisfaction (CSAT) (increasing risk),Contract type: Month-to-Month (increasing risk),Digital Engagement,Send a guided platform walkthrough or personal onboarding session; simplify the upgrade flow for this account.,2026-07-18
ACC-102293,Brooks-Hickman,Small Business / Retail,AM-013,24193.89,45,44,Checkout / Payment,0.15,False,High upgrade funnel abandonment (decreasing risk),Low customer satisfaction (CSAT) (increasing risk),Contract type: Month-to-Month (decreasing risk),Digital Engagement,Send a guided platform walkthrough or personal onboarding session; simplify the upgrade flow for this account.,2026-07-18
ACC-102357,"Reed, Terry and Smith",Pharmaceuticals,AM-012,29204.86,46,46,Checkout / Payment,0.15,False,Contract type: Month-to-Month (decreasing risk),Severe drop-off at a specific self-service step (experience gap) (decreasing risk),High upgrade funnel abandonment (decreasing risk),Contract & Account Health,Proactively reach out ahead of renewal; confirm auto-renewal status; review disconnected lines.,2026-07-18
ACC-101097,Wright Group,Pharmaceuticals,AM-008,23607.68,45,43,Support Handoff,0.15,False,Severe drop-off at a specific self-service step (experience gap) (increasing risk),High upgrade funnel abandonment (decreasing risk),Industry segment: Pharmaceuticals (decreasing risk),Digital Engagement,Send a guided platform walkthrough or personal onboarding session; simplify the upgrade flow for this account.,2026-07-18
ACC-105265,Baxter PLC,Technology,AM-023,22934.69,33,32,Plan & Feature Selection,0.148,True,Severe drop-off at a specific self-service step (experience gap) (decreasing risk),Contract type: Month-to-Month (decreasing risk),Low customer satisfaction (CSAT) (decreasing risk),Digital Engagement,Send a guided platform walkthrough or personal onboarding session; simplify the upgrade flow for this account.,2026-07-18
ACC-100478,Young-Martinez,Small Business / Retail,AM-023,26674.46,40,39,Support Handoff,0.148,False,Severe drop-off at a specific self-service step (experience gap) (decreasing risk),History of late invoice payments (decreasing risk),Contract type: Month-to-Month (increasing risk),Digital Engagement,Send a guided platform walkthrough or personal onboarding session; simplify the upgrade flow for this account.,2026-07-18
ACC-100067,Novak and Sons,Banking & Financial Services,AM-006,25954.75,52,51,Plan & Feature Selection,0.148,False,Rising line disconnects (90d) (decreasing risk),Contract type: Month-to-Month (decreasing risk),Low customer satisfaction (CSAT) (decreasing risk),Contract & Account Health,Proactively reach out ahead of renewal; confirm auto-renewal status; review disconnected lines.,2026-07-18
ACC-102369,Howard LLC,Logistics,AM-012,31487.5,52,51,Device Browse/Compare,0.148,False,Auto-renewal not enabled (increasing risk),High upgrade funnel abandonment (decreasing risk),Low self-service task completion rate (decreasing risk),Contract & Account Health,Proactively reach out ahead of renewal; confirm auto-renewal status; review disconnected lines.,2026-07-18
ACC-100374,"Hoffman, Santiago and Jenkins",Small Business / Retail,AM-002,25383.41,39,38,Add to Cart,0.148,False,High upgrade funnel abandonment (increasing risk),Low customer satisfaction (CSAT) (decreasing risk),Contract type: Month-to-Month (decreasing risk),Digital Engagement,Send a guided platform walkthrough or personal onboarding session; simplify the upgrade flow for this account.,2026-07-18
ACC-105488,Dunn-Fernandez,Logistics,AM-014,30081.32,39,36,Login / Authentication,0.148,True,History of late invoice payments (increasing risk),Low self-service task completion rate (decreasing risk),Contract type: Month-to-Month (decreasing risk),Billing & Payments,Offer autopay enrollment incentive; review invoice accuracy; flag account to billing support.,2026-07-18
ACC-100961,Haynes-Moss,Energy & Utilities,AM-007,31517.93,49,44,Checkout / Payment,0.147,False,Severe drop-off at a specific self-service step (experience gap) (decreasing risk),High upgrade funnel abandonment (increasing risk),Low self-service task completion rate (decreasing risk),Digital Engagement,Send a guided platform walkthrough or personal onboarding session; simplify the upgrade flow for this account.,2026-07-18
ACC-104860,Lawrence-Hanna,Logistics,AM-010,32903.6,53,52,Add to Cart,0.146,False,Contract type: Month-to-Month (decreasing risk),Auto-renewal not enabled (decreasing risk),Low customer satisfaction (CSAT) (increasing risk),Contract & Account Health,Proactively reach out ahead of renewal; confirm auto-renewal status; review disconnected lines.,2026-07-18
ACC-105792,Johnson Inc,Healthcare,AM-002,21856.42,42,40,Plan & Feature Selection,0.146,False,High upgrade funnel abandonment (decreasing risk),Contract type: Month-to-Month (increasing risk),Low customer satisfaction (CSAT) (increasing risk),Digital Engagement,Send a guided platform walkthrough or personal onboarding session; simplify the upgrade flow for this account.,2026-07-18
ACC-102662,"Carter, Hendricks and Wolfe",Energy & Utilities,AM-002,19055.09,39,37,Support Handoff,0.145,False,Contract type: Month-to-Month (decreasing risk),High upgrade funnel abandonment (increasing risk),Rising line disconnects (90d) (decreasing risk),Contract & Account Health,Proactively reach out ahead of renewal; confirm auto-renewal status; review disconnected lines.,2026-07-18
ACC-105707,"Simon, Henry and Bentley",Pharmaceuticals,AM-024,27035.41,41,40,Device Browse/Compare,0.145,True,Severe drop-off at a specific self-service step (experience gap) (decreasing risk),Slow support resolution times (decreasing risk),Approaching contract renewal window (increasing risk),Digital Engagement,Send a guided platform walkthrough or personal onboarding session; simplify the upgrade flow for this account.,2026-07-18
ACC-104615,"Howard, Morales and Calhoun",Small Business / Retail,AM-014,29680.13,46,45,Checkout / Payment,0.145,False,Contract type: Month-to-Month (decreasing risk),High upgrade funnel abandonment (decreasing risk),Low customer satisfaction (CSAT) (increasing risk),Contract & Account Health,Proactively reach out ahead of renewal; confirm auto-renewal status; review disconnected lines.,2026-07-18
ACC-103868,"Bell, Reynolds and Forbes",Banking & Financial Services,AM-003,20198.02,37,35,Plan & Feature Selection,0.145,False,Contract type: Month-to-Month (increasing risk),History of late invoice payments (decreasing risk),Approaching contract renewal window (decreasing risk),Contract & Account Health,Proactively reach out ahead of renewal; confirm auto-renewal status; review disconnected lines.,2026-07-18
ACC-104309,Wood-Thomas,Manufacturing,AM-014,32573.25,51,50,Order Confirmation,0.145,False,Low customer satisfaction (CSAT) (decreasing risk),High upgrade funnel abandonment (decreasing risk),Contract type: Month-to-Month (decreasing risk),Support & Service,Escalate to a senior account rep for a service recovery call; audit recent ticket resolution quality.,2026-07-18
ACC-105032,Carr Group,Healthcare,AM-002,24506.1,39,37,Checkout / Payment,0.145,False,Contract type: Month-to-Month (increasing risk),Approaching contract renewal window (decreasing risk),High upgrade funnel abandonment (decreasing risk),Contract & Account Health,Proactively reach out ahead of renewal; confirm auto-renewal status; review disconnected lines.,2026-07-18
ACC-104148,"Rodriguez, Massey and Day",Manufacturing,AM-015,20469.76,40,39,Device Browse/Compare,0.144,False,High upgrade funnel abandonment (increasing risk),Low customer satisfaction (CSAT) (increasing risk),"Low feature adoption (mobile share, family plan, etc.) (decreasing risk)",Digital Engagement,Send a guided platform walkthrough or personal onboarding session; simplify the upgrade flow for this account.,2026-07-18
ACC-103808,"Morrow, Bishop and Walton",Manufacturing,AM-003,25569.99,39,37,Support Handoff,0.144,False,Low self-service task completion rate (decreasing risk),Contract type: Month-to-Month (decreasing risk),Large number of managed lines (CTNs) (decreasing risk),Digital Engagement,Send a guided platform walkthrough or personal onboarding session; simplify the upgrade flow for this account.,2026-07-18
ACC-103076,"Underwood, Cruz and Carpenter",Healthcare,AM-018,19071.65,37,36,Device Browse/Compare,0.144,False,History of late invoice payments (increasing risk),High upgrade funnel abandonment (decreasing risk),Contract type: Month-to-Month (decreasing risk),Billing & Payments,Offer autopay enrollment incentive; review invoice accuracy; flag account to billing support.,2026-07-18
ACC-105292,Wong-Evans,Healthcare,AM-019,23618.09,43,39,Order Confirmation,0.144,False,Severe drop-off at a specific self-service step (experience gap) (decreasing risk),Contract type: Month-to-Month (decreasing risk),High upgrade funnel abandonment (increasing risk),Digital Engagement,Send a guided platform walkthrough or personal onboarding session; simplify the upgrade flow for this account.,2026-07-18
ACC-104185,"Cain, Thomas and Phillips",Energy & Utilities,AM-014,35689.84,50,49,Checkout / Payment,0.144,False,High monthly spend (decreasing risk),"Low feature adoption (mobile share, family plan, etc.) (decreasing risk)",Contract type: Month-to-Month (decreasing risk),Billing & Payments,Offer autopay enrollment incentive; review invoice accuracy; flag account to billing support.,2026-07-18
ACC-103845,"Scott, Delgado and Andrade",Technology,AM-001,28770.5,58,57,Checkout / Payment,0.143,False,High upgrade funnel abandonment (decreasing risk),Low customer satisfaction (CSAT) (decreasing risk),Contract type: Month-to-Month (decreasing risk),Digital Engagement,Send a guided platform walkthrough or personal onboarding session; simplify the upgrade flow for this account.,2026-07-18
ACC-102354,Henderson LLC,Banking & Financial Services,AM-023,20650.76,43,42,Plan & Feature Selection,0.143,False,Severe drop-off at a specific self-service step (experience gap) (decreasing risk),Contract type: Month-to-Month (decreasing risk),High upgrade funnel abandonment (decreasing risk),Digital Engagement,Send a guided platform walkthrough or personal onboarding session; simplify the upgrade flow for this account.,2026-07-18
ACC-105882,Miller Inc,Pharmaceuticals,AM-011,26152.73,38,34,Device Browse/Compare,0.143,True,High upgrade funnel abandonment (increasing risk),Severe drop-off at a specific self-service step (experience gap) (decreasing risk),Contract type: Month-to-Month (increasing risk),Digital Engagement,Send a guided platform walkthrough or personal onboarding session; simplify the upgrade flow for this account.,2026-07-18
ACC-104731,Taylor-Williams,Pharmaceuticals,AM-020,27720.91,49,47,Support Handoff,0.143,False,Severe drop-off at a specific self-service step (experience gap) (decreasing risk),Contract type: Month-to-Month (increasing risk),Industry segment: Pharmaceuticals (decreasing risk),Digital Engagement,Send a guided platform walkthrough or personal onboarding session; simplify the upgrade flow for this account.,2026-07-18
ACC-101041,Wheeler-Austin,Technology,AM-013,30875.6,56,55,Checkout / Payment,0.143,True,Severe drop-off at a specific self-service step (experience gap) (decreasing risk),Auto-renewal not enabled (increasing risk),Contract type: Month-to-Month (decreasing risk),Digital Engagement,Send a guided platform walkthrough or personal onboarding session; simplify the upgrade flow for this account.,2026-07-18
ACC-102873,Martinez-Anderson,Government,AM-025,24505.36,40,37,Device Browse/Compare,0.143,False,History of late invoice payments (decreasing risk),Contract type: Month-to-Month (decreasing risk),"Low feature adoption (mobile share, family plan, etc.) (increasing risk)",Billing & Payments,Offer autopay enrollment incentive; review invoice accuracy; flag account to billing support.,2026-07-18
ACC-103996,"Willis, Brown and Brown",Technology,AM-016,6415.56,45,43,Login / Authentication,0.143,True,High monthly spend (decreasing risk),High annual revenue account (decreasing risk),Low self-service task completion rate (increasing risk),Billing & Payments,Offer autopay enrollment incentive; review invoice accuracy; flag account to billing support.,2026-07-18
ACC-104919,"York, Cox and Davis",Banking & Financial Services,AM-008,33561.74,53,52,Support Handoff,0.142,True,Low self-service task completion rate (decreasing risk),Rising line disconnects (90d) (decreasing risk),High monthly spend (decreasing risk),Digital Engagement,Send a guided platform walkthrough or personal onboarding session; simplify the upgrade flow for this account.,2026-07-18
ACC-104830,Brown Inc,Education,AM-020,18102.88,36,35,Login / Authentication,0.141,False,Severe drop-off at a specific self-service step (experience gap) (decreasing risk),Contract type: Month-to-Month (decreasing risk),"Low feature adoption (mobile share, family plan, etc.) (increasing risk)",Digital Engagement,Send a guided platform walkthrough or personal onboarding session; simplify the upgrade flow for this account.,2026-07-18
ACC-105087,"Caldwell, Cross and Russell",Logistics,AM-015,27719.01,42,42,Plan & Feature Selection,0.14,False,High upgrade funnel abandonment (decreasing risk),Rising line disconnects (90d) (decreasing risk),Low self-service task completion rate (increasing risk),Digital Engagement,Send a guided platform walkthrough or personal onboarding session; simplify the upgrade flow for this account.,2026-07-18
ACC-101945,Brown LLC,Logistics,AM-020,21772.59,51,50,Login / Authentication,0.14,False,History of late invoice payments (increasing risk),High upgrade funnel abandonment (decreasing risk),Low customer satisfaction (CSAT) (decreasing risk),Billing & Payments,Offer autopay enrollment incentive; review invoice accuracy; flag account to billing support.,2026-07-18
ACC-104409,Martin Ltd,Logistics,AM-003,23421.62,46,43,Checkout / Payment,0.14,True,Severe drop-off at a specific self-service step (experience gap) (decreasing risk),High upgrade funnel abandonment (decreasing risk),Contract type: Month-to-Month (increasing risk),Digital Engagement,Send a guided platform walkthrough or personal onboarding session; simplify the upgrade flow for this account.,2026-07-18
ACC-100728,Nichols-Mitchell,Healthcare,AM-024,16327.81,42,39,Checkout / Payment,0.14,False,Contract type: Month-to-Month (decreasing risk),Severe drop-off at a specific self-service step (experience gap) (decreasing risk),Short account tenure (decreasing risk),Contract & Account Health,Proactively reach out ahead of renewal; confirm auto-renewal status; review disconnected lines.,2026-07-18
ACC-104522,Farrell PLC,Technology,AM-020,21418.14,40,40,Plan & Feature Selection,0.14,False,Contract type: Month-to-Month (decreasing risk),Low self-service task completion rate (decreasing risk),Low customer satisfaction (CSAT) (increasing risk),Contract & Account Health,Proactively reach out ahead of renewal; confirm auto-renewal status; review disconnected lines.,2026-07-18
ACC-100331,"Turner, Ortiz and Taylor",Hospitality,AM-010,19907.22,46,45,Add to Cart,0.139,False,Approaching contract renewal window (decreasing risk),Low customer satisfaction (CSAT) (decreasing risk),Contract type: Month-to-Month (decreasing risk),Contract & Account Health,Proactively reach out ahead of renewal; confirm auto-renewal status; review disconnected lines.,2026-07-18
ACC-101296,Russell-Hayes,Small Business / Retail,AM-021,19306.01,39,37,Add to Cart,0.139,False,Low self-service task completion rate (decreasing risk),Contract type: Month-to-Month (increasing risk),History of late invoice payments (decreasing risk),Digital Engagement,Send a guided platform walkthrough or personal onboarding session; simplify the upgrade flow for this account.,2026-07-18
ACC-104654,"Palmer, Edwards and Bullock",Pharmaceuticals,AM-011,19730.09,42,38,Plan & Feature Selection,0.139,False,Industry segment: Pharmaceuticals (decreasing risk),Contract type: Month-to-Month (decreasing risk),Auto-renewal not enabled (decreasing risk),Product & Shop Usage,Recommend relevant plan/feature bundles; offer a device upgrade promotion to re-engage.,2026-07-18
ACC-102309,"Munoz, Howard and Davis",Healthcare,AM-006,22831.14,41,40,Plan & Feature Selection,0.139,False,Low self-service task completion rate (decreasing risk),Contract type: Month-to-Month (increasing risk),Auto-renewal not enabled (decreasing risk),Digital Engagement,Send a guided platform walkthrough or personal onboarding session; simplify the upgrade flow for this account.,2026-07-18
ACC-105586,Larson-Davis,Small Business / Retail,AM-015,23702.39,53,53,Checkout / Payment,0.139,False,Low self-service task completion rate (decreasing risk),Contract type: Month-to-Month (decreasing risk),Low customer satisfaction (CSAT) (decreasing risk),Digital Engagement,Send a guided platform walkthrough or personal onboarding session; simplify the upgrade flow for this account.,2026-07-18
ACC-105346,Diaz and Sons,Logistics,AM-016,29599.81,43,42,Checkout / Payment,0.138,False,Approaching contract renewal window (decreasing risk),Low platform login frequency (increasing risk),Low customer satisfaction (CSAT) (decreasing risk),Contract & Account Health,Proactively reach out ahead of renewal; confirm auto-renewal status; review disconnected lines.,2026-07-18
ACC-102519,Richard-Russell,Technology,AM-009,15194.53,38,35,Device Browse/Compare,0.137,False,Contract type: Month-to-Month (increasing risk),High upgrade funnel abandonment (decreasing risk),High annual revenue account (decreasing risk),Contract & Account Health,Proactively reach out ahead of renewal; confirm auto-renewal status; review disconnected lines.,2026-07-18
ACC-104512,"Burgess, Whitaker and Craig",Pharmaceuticals,AM-011,21514.56,42,42,Plan & Feature Selection,0.137,False,Severe drop-off at a specific self-service step (experience gap) (increasing risk),Low customer satisfaction (CSAT) (decreasing risk),Low self-service task completion rate (decreasing risk),Digital Engagement,Send a guided platform walkthrough or personal onboarding session; simplify the upgrade flow for this account.,2026-07-18
ACC-104070,Rodriguez Group,Small Business / Retail,AM-020,18374.34,41,38,Order Confirmation,0.137,True,High upgrade funnel abandonment (decreasing risk),Recent support escalations (increasing risk),Contract type: Month-to-Month (decreasing risk),Digital Engagement,Send a guided platform walkthrough or personal onboarding session; simplify the upgrade flow for this account.,2026-07-18
ACC-104928,"Cook, Figueroa and Taylor",Pharmaceuticals,AM-001,28160.45,38,37,Checkout / Payment,0.137,True,Contract type: Month-to-Month (increasing risk),High upgrade funnel abandonment (decreasing risk),Recent support escalations (increasing risk),Contract & Account Health,Proactively reach out ahead of renewal; confirm auto-renewal status; review disconnected lines.,2026-07-18
ACC-105425,Carr-Hardy,Government,AM-012,28901.81,42,40,Device Browse/Compare,0.136,True,Severe drop-off at a specific self-service step (experience gap) (decreasing risk),Contract type: Month-to-Month (decreasing risk),High upgrade funnel abandonment (increasing risk),Digital Engagement,Send a guided platform walkthrough or personal onboarding session; simplify the upgrade flow for this account.,2026-07-18
ACC-102940,"Long, Leblanc and Hickman",Banking & Financial Services,AM-019,45773.36,54,54,Login / Authentication,0.136,False,Low self-service task completion rate (decreasing risk),Contract type: Month-to-Month (increasing risk),Severe drop-off at a specific self-service step (experience gap) (increasing risk),Digital Engagement,Send a guided platform walkthrough or personal onboarding session; simplify the upgrade flow for this account.,2026-07-18
ACC-104380,Price-Dominguez,Logistics,AM-020,41123.31,52,48,Add to Cart,0.136,False,Severe drop-off at a specific self-service step (experience gap) (decreasing risk),Low self-service task completion rate (increasing risk),Approaching contract renewal window (decreasing risk),Digital Engagement,Send a guided platform walkthrough or personal onboarding session; simplify the upgrade flow for this account.,2026-07-18
ACC-103922,"Cox, Carter and Duffy",Hospitality,AM-004,18331.67,36,36,Device Browse/Compare,0.135,False,Severe drop-off at a specific self-service step (experience gap) (increasing risk),Approaching contract renewal window (decreasing risk),High upgrade funnel abandonment (decreasing risk),Digital Engagement,Send a guided platform walkthrough or personal onboarding session; simplify the upgrade flow for this account.,2026-07-18
ACC-102017,Mccormick and Sons,Pharmaceuticals,AM-003,39382.66,49,48,Support Handoff,0.135,False,Contract type: Month-to-Month (decreasing risk),Severe drop-off at a specific self-service step (experience gap) (decreasing risk),High monthly spend (decreasing risk),Contract & Account Health,Proactively reach out ahead of renewal; confirm auto-renewal status; review disconnected lines.,2026-07-18
ACC-104331,"Mueller, Cox and Ford",Logistics,AM-015,31303.12,50,48,Checkout / Payment,0.134,False,Low self-service task completion rate (decreasing risk),Contract type: Month-to-Month (decreasing risk),High monthly spend (decreasing risk),Digital Engagement,Send a guided platform walkthrough or personal onboarding session; simplify the upgrade flow for this account.,2026-07-18
ACC-105083,"Lee, Robbins and Lopez",Government,AM-008,29824.29,47,46,Add to Cart,0.134,False,Low self-service task completion rate (decreasing risk),Severe drop-off at a specific self-service step (experience gap) (decreasing risk),Contract type: Month-to-Month (decreasing risk),Digital Engagement,Send a guided platform walkthrough or personal onboarding session; simplify the upgrade flow for this account.,2026-07-18
ACC-101234,Holt and Sons,Energy & Utilities,AM-024,40650.26,58,57,Checkout / Payment,0.134,False,Contract type: Month-to-Month (increasing risk),High upgrade funnel abandonment (decreasing risk),High monthly spend (decreasing risk),Contract & Account Health,Proactively reach out ahead of renewal; confirm auto-renewal status; review disconnected lines.,2026-07-18
ACC-100509,Williams-Berg,Logistics,AM-017,30557.11,39,38,Plan & Feature Selection,0.134,False,Severe drop-off at a specific self-service step (experience gap) (decreasing risk),Rising line disconnects (90d) (decreasing risk),Contract type: Month-to-Month (increasing risk),Digital Engagement,Send a guided platform walkthrough or personal onboarding session; simplify the upgrade flow for this account.,2026-07-18
ACC-101833,Yu-Yates,Pharmaceuticals,AM-003,17694.15,35,30,Order Confirmation,0.134,False,Severe drop-off at a specific self-service step (experience gap) (increasing risk),High upgrade funnel abandonment (decreasing risk),Industry segment: Pharmaceuticals (decreasing risk),Digital Engagement,Send a guided platform walkthrough or personal onboarding session; simplify the upgrade flow for this account.,2026-07-18
ACC-103659,Carter-Davis,Pharmaceuticals,AM-018,27670.98,47,46,Support Handoff,0.133,False,Severe drop-off at a specific self-service step (experience gap) (decreasing risk),Contract type: Month-to-Month (decreasing risk),Rising line disconnects (90d) (decreasing risk),Digital Engagement,Send a guided platform walkthrough or personal onboarding session; simplify the upgrade flow for this account.,2026-07-18
ACC-105615,Willis Ltd,Banking & Financial Services,AM-002,23158.86,48,46,Device Browse/Compare,0.133,False,High upgrade funnel abandonment (decreasing risk),Contract type: Month-to-Month (decreasing risk),Low self-service task completion rate (decreasing risk),Digital Engagement,Send a guided platform walkthrough or personal onboarding session; simplify the upgrade flow for this account.,2026-07-18
ACC-101231,"Taylor, Porter and Moreno",Manufacturing,AM-005,24308.17,42,38,Checkout / Payment,0.133,False,Low customer satisfaction (CSAT) (decreasing risk),Contract type: Month-to-Month (decreasing risk),High upgrade funnel abandonment (increasing risk),Support & Service,Escalate to a senior account rep for a service recovery call; audit recent ticket resolution quality.,2026-07-18
ACC-100908,Peck-Anderson,Small Business / Retail,AM-002,26250.72,47,46,Plan & Feature Selection,0.132,False,Severe drop-off at a specific self-service step (experience gap) (decreasing risk),Approaching contract renewal window (decreasing risk),Auto-renewal not enabled (increasing risk),Digital Engagement,Send a guided platform walkthrough or personal onboarding session; simplify the upgrade flow for this account.,2026-07-18
ACC-105806,Thomas Group,Energy & Utilities,AM-020,19080.65,38,37,Device Browse/Compare,0.132,False,Low self-service task completion rate (decreasing risk),Contract type: Month-to-Month (decreasing risk),High monthly spend (increasing risk),Digital Engagement,Send a guided platform walkthrough or personal onboarding session; simplify the upgrade flow for this account.,2026-07-18
ACC-102222,Smith-Yu,Small Business / Retail,AM-002,17803.9,38,37,Checkout / Payment,0.131,False,Low self-service task completion rate (decreasing risk),Contract type: Month-to-Month (increasing risk),Severe drop-off at a specific self-service step (experience gap) (decreasing risk),Digital Engagement,Send a guided platform walkthrough or personal onboarding session; simplify the upgrade flow for this account.,2026-07-18
ACC-101628,Alvarado-Durham,Logistics,AM-024,26436.54,41,41,Checkout / Payment,0.131,False,Approaching contract renewal window (decreasing risk),Contract type: Month-to-Month (decreasing risk),High upgrade funnel abandonment (increasing risk),Contract & Account Health,Proactively reach out ahead of renewal; confirm auto-renewal status; review disconnected lines.,2026-07-18
ACC-102889,Bentley-Thomas,Small Business / Retail,AM-023,28940.91,35,35,Plan & Feature Selection,0.131,True,Low customer satisfaction (CSAT) (increasing risk),Large number of managed lines (CTNs) (decreasing risk),Severe drop-off at a specific self-service step (experience gap) (decreasing risk),Support & Service,Escalate to a senior account rep for a service recovery call; audit recent ticket resolution quality.,2026-07-18
ACC-103194,"Graham, Mitchell and Keller",Education,AM-013,20620.87,44,43,Login / Authentication,0.131,False,Severe drop-off at a specific self-service step (experience gap) (decreasing risk),Contract type: Month-to-Month (decreasing risk),"Low feature adoption (mobile share, family plan, etc.) (increasing risk)",Digital Engagement,Send a guided platform walkthrough or personal onboarding session; simplify the upgrade flow for this account.,2026-07-18
ACC-105838,Scott-Haynes,Healthcare,AM-014,33540.46,59,59,Plan & Feature Selection,0.13,False,Low self-service task completion rate (decreasing risk),Low device upgrade activity (decreasing risk),Contract type: Month-to-Month (decreasing risk),Digital Engagement,Send a guided platform walkthrough or personal onboarding session; simplify the upgrade flow for this account.,2026-07-18
ACC-100792,Ewing-Mendoza,Technology,AM-022,29375.26,44,43,Plan & Feature Selection,0.13,False,Low customer satisfaction (CSAT) (increasing risk),Low device upgrade activity (decreasing risk),Low self-service task completion rate (decreasing risk),Support & Service,Escalate to a senior account rep for a service recovery call; audit recent ticket resolution quality.,2026-07-18
ACC-104746,Bennett-Brooks,Pharmaceuticals,AM-007,23736.35,39,38,Login / Authentication,0.13,False,Industry segment: Pharmaceuticals (decreasing risk),Contract type: Month-to-Month (increasing risk),Low self-service task completion rate (increasing risk),Product & Shop Usage,Recommend relevant plan/feature bundles; offer a device upgrade promotion to re-engage.,2026-07-18
ACC-105713,"Gray, Jackson and Jones",Banking & Financial Services,AM-004,24981.09,41,38,Checkout / Payment,0.13,False,Severe drop-off at a specific self-service step (experience gap) (decreasing risk),Low customer satisfaction (CSAT) (increasing risk),Contract type: Month-to-Month (decreasing risk),Digital Engagement,Send a guided platform walkthrough or personal onboarding session; simplify the upgrade flow for this account.,2026-07-18
ACC-105943,Owen and Sons,Small Business / Retail,AM-008,19313.98,37,35,Login / Authentication,0.129,False,Low self-service task completion rate (decreasing risk),Auto-renewal not enabled (increasing risk),Large number of managed lines (CTNs) (decreasing risk),Digital Engagement,Send a guided platform walkthrough or personal onboarding session; simplify the upgrade flow for this account.,2026-07-18
ACC-102951,Diaz-Mcclain,Hospitality,AM-012,27736.59,42,40,Plan & Feature Selection,0.129,True,Contract type: Month-to-Month (decreasing risk),Low customer satisfaction (CSAT) (increasing risk),Low self-service task completion rate (decreasing risk),Contract & Account Health,Proactively reach out ahead of renewal; confirm auto-renewal status; review disconnected lines.,2026-07-18
ACC-102658,"Quinn, Ellis and Bartlett",Banking & Financial Services,AM-025,22607.14,40,37,Support Handoff,0.129,False,Contract type: Month-to-Month (increasing risk),Approaching contract renewal window (decreasing risk),Large number of managed lines (CTNs) (decreasing risk),Contract & Account Health,Proactively reach out ahead of renewal; confirm auto-renewal status; review disconnected lines.,2026-07-18
ACC-105531,"Smith, Gonzalez and Lambert",Small Business / Retail,AM-012,31774.35,47,47,Device Browse/Compare,0.128,False,Approaching contract renewal window (decreasing risk),High upgrade funnel abandonment (decreasing risk),Contract type: Month-to-Month (increasing risk),Contract & Account Health,Proactively reach out ahead of renewal; confirm auto-renewal status; review disconnected lines.,2026-07-18
ACC-104151,"Mckee, Fisher and Long",Energy & Utilities,AM-011,22244.01,37,36,Plan & Feature Selection,0.128,False,Severe drop-off at a specific self-service step (experience gap) (decreasing risk),Contract type: Month-to-Month (increasing risk),History of late invoice payments (decreasing risk),Digital Engagement,Send a guided platform walkthrough or personal onboarding session; simplify the upgrade flow for this account.,2026-07-18
ACC-101421,Maldonado-Mosley,Small Business / Retail,AM-005,14713.26,36,34,Plan & Feature Selection,0.128,False,Severe drop-off at a specific self-service step (experience gap) (decreasing risk),Contract type: Month-to-Month (decreasing risk),Large number of managed lines (CTNs) (decreasing risk),Digital Engagement,Send a guided platform walkthrough or personal onboarding session; simplify the upgrade flow for this account.,2026-07-18
ACC-104115,English-Mcdonald,Energy & Utilities,AM-008,23910.9,58,56,Add to Cart,0.128,False,Low self-service task completion rate (increasing risk),Low customer satisfaction (CSAT) (decreasing risk),Contract type: Month-to-Month (decreasing risk),Digital Engagement,Send a guided platform walkthrough or personal onboarding session; simplify the upgrade flow for this account.,2026-07-18
ACC-101065,"Johnson, Duncan and Black",Technology,AM-024,20670.94,48,48,Support Handoff,0.128,False,Low customer satisfaction (CSAT) (decreasing risk),Contract type: Month-to-Month (decreasing risk),Severe drop-off at a specific self-service step (experience gap) (increasing risk),Support & Service,Escalate to a senior account rep for a service recovery call; audit recent ticket resolution quality.,2026-07-18
ACC-104242,"Spencer, Morgan and Diaz",Small Business / Retail,AM-021,23458.58,38,36,Checkout / Payment,0.128,False,High upgrade funnel abandonment (decreasing risk),Contract type: Month-to-Month (decreasing risk),Large number of managed lines (CTNs) (decreasing risk),Digital Engagement,Send a guided platform walkthrough or personal onboarding session; simplify the upgrade flow for this account.,2026-07-18
ACC-102607,Valenzuela-Phillips,Government,AM-016,16777.82,37,36,Support Handoff,0.128,False,High upgrade funnel abandonment (increasing risk),Contract type: Month-to-Month (decreasing risk),High monthly spend (increasing risk),Digital Engagement,Send a guided platform walkthrough or personal onboarding session; simplify the upgrade flow for this account.,2026-07-18
ACC-100022,Perez Inc,Banking & Financial Services,AM-013,14758.07,36,35,Plan & Feature Selection,0.127,False,Severe drop-off at a specific self-service step (experience gap) (decreasing risk),Low self-service task completion rate (decreasing risk),Contract type: Month-to-Month (increasing risk),Digital Engagement,Send a guided platform walkthrough or personal onboarding session; simplify the upgrade flow for this account.,2026-07-18
ACC-103179,Mosley and Sons,Logistics,AM-007,24795.27,50,47,Checkout / Payment,0.127,False,Severe drop-off at a specific self-service step (experience gap) (decreasing risk),Low self-service task completion rate (increasing risk),Rising line disconnects (90d) (increasing risk),Digital Engagement,Send a guided platform walkthrough or personal onboarding session; simplify the upgrade flow for this account.,2026-07-18
ACC-105988,Valencia and Sons,Logistics,AM-015,24956.91,39,37,Checkout / Payment,0.126,False,Approaching contract renewal window (decreasing risk),Contract type: Month-to-Month (increasing risk),High upgrade funnel abandonment (decreasing risk),Contract & Account Health,Proactively reach out ahead of renewal; confirm auto-renewal status; review disconnected lines.,2026-07-18
ACC-104829,Hernandez-Moore,Education,AM-011,39579.69,55,54,Checkout / Payment,0.126,False,High upgrade funnel abandonment (increasing risk),Contract type: Month-to-Month (decreasing risk),Approaching contract renewal window (decreasing risk),Digital Engagement,Send a guided platform walkthrough or personal onboarding session; simplify the upgrade flow for this account.,2026-07-18
ACC-105793,Reynolds Ltd,Logistics,AM-016,19447.39,36,34,Device Browse/Compare,0.126,False,High upgrade funnel abandonment (decreasing risk),Severe drop-off at a specific self-service step (experience gap) (increasing risk),Rising line disconnects (90d) (decreasing risk),Digital Engagement,Send a guided platform walkthrough or personal onboarding session; simplify the upgrade flow for this account.,2026-07-18
ACC-105302,Ball Ltd,Manufacturing,AM-025,21909.4,46,44,Login / Authentication,0.126,False,Low self-service task completion rate (decreasing risk),High upgrade funnel abandonment (decreasing risk),Contract type: Month-to-Month (decreasing risk),Digital Engagement,Send a guided platform walkthrough or personal onboarding session; simplify the upgrade flow for this account.,2026-07-18
ACC-100592,"Allen, Armstrong and Graves",Logistics,AM-002,21709.85,39,39,Checkout / Payment,0.126,False,High upgrade funnel abandonment (increasing risk),Low device upgrade activity (decreasing risk),Contract type: Month-to-Month (decreasing risk),Digital Engagement,Send a guided platform walkthrough or personal onboarding session; simplify the upgrade flow for this account.,2026-07-18
ACC-104062,Johnson and Sons,Technology,AM-018,23052.12,40,40,Support Handoff,0.126,False,Severe drop-off at a specific self-service step (experience gap) (decreasing risk),Contract type: Month-to-Month (increasing risk),"Low feature adoption (mobile share, family plan, etc.) (decreasing risk)",Digital Engagement,Send a guided platform walkthrough or personal onboarding session; simplify the upgrade flow for this account.,2026-07-18
ACC-100089,Moore-Bass,Pharmaceuticals,AM-024,24159.69,45,44,Plan & Feature Selection,0.126,False,Low self-service task completion rate (increasing risk),Slow support resolution times (decreasing risk),Severe drop-off at a specific self-service step (experience gap) (decreasing risk),Digital Engagement,Send a guided platform walkthrough or personal onboarding session; simplify the upgrade flow for this account.,2026-07-18
ACC-103936,Walker-Clark,Small Business / Retail,AM-005,27670.34,48,45,Add to Cart,0.125,False,Low self-service task completion rate (decreasing risk),Contract type: Month-to-Month (decreasing risk),High upgrade funnel abandonment (increasing risk),Digital Engagement,Send a guided platform walkthrough or personal onboarding session; simplify the upgrade flow for this account.,2026-07-18
ACC-100172,White-Green,Government,AM-001,34649.22,50,48,Login / Authentication,0.125,True,High upgrade funnel abandonment (decreasing risk),Contract type: Month-to-Month (decreasing risk),High monthly spend (decreasing risk),Digital Engagement,Send a guided platform walkthrough or personal onboarding session; simplify the upgrade flow for this account.,2026-07-18
ACC-101911,Brown-French,Healthcare,AM-015,19538.32,46,46,Plan & Feature Selection,0.124,False,Contract type: Month-to-Month (decreasing risk),Low customer satisfaction (CSAT) (increasing risk),High annual revenue account (decreasing risk),Contract & Account Health,Proactively reach out ahead of renewal; confirm auto-renewal status; review disconnected lines.,2026-07-18
ACC-102326,Hartman Group,Manufacturing,AM-017,19328.94,40,40,Add to Cart,0.124,True,Low self-service task completion rate (decreasing risk),Low device upgrade activity (decreasing risk),Recent support escalations (increasing risk),Digital Engagement,Send a guided platform walkthrough or personal onboarding session; simplify the upgrade flow for this account.,2026-07-18
ACC-105963,Smith and Sons,Manufacturing,AM-011,20983.05,48,44,Device Browse/Compare,0.124,False,Low self-service task completion rate (decreasing risk),Contract type: Month-to-Month (decreasing risk),History of late invoice payments (decreasing risk),Digital Engagement,Send a guided platform walkthrough or personal onboarding session; simplify the upgrade flow for this account.,2026-07-18
ACC-102019,Hernandez LLC,Hospitality,AM-019,26667.97,52,51,Add to Cart,0.124,False,Low self-service task completion rate (decreasing risk),Low device upgrade activity (decreasing risk),Low customer satisfaction (CSAT) (decreasing risk),Digital Engagement,Send a guided platform walkthrough or personal onboarding session; simplify the upgrade flow for this account.,2026-07-18
ACC-102514,"Foley, Ibarra and Daniel",Logistics,AM-024,21733.25,41,41,Login / Authentication,0.123,False,Low self-service task completion rate (decreasing risk),Low customer satisfaction (CSAT) (decreasing risk),Contract type: Month-to-Month (decreasing risk),Digital Engagement,Send a guided platform walkthrough or personal onboarding session; simplify the upgrade flow for this account.,2026-07-18
ACC-104580,Wolfe LLC,Manufacturing,AM-013,25162.64,47,46,Checkout / Payment,0.123,False,Low self-service task completion rate (decreasing risk),Auto-renewal not enabled (increasing risk),Low customer satisfaction (CSAT) (decreasing risk),Digital Engagement,Send a guided platform walkthrough or personal onboarding session; simplify the upgrade flow for this account.,2026-07-18
ACC-104446,Wood Group,Energy & Utilities,AM-010,27979.88,55,52,Support Handoff,0.123,False,Severe drop-off at a specific self-service step (experience gap) (decreasing risk),Contract type: Month-to-Month (decreasing risk),High upgrade funnel abandonment (decreasing risk),Digital Engagement,Send a guided platform walkthrough or personal onboarding session; simplify the upgrade flow for this account.,2026-07-18
ACC-104797,"Rivera, Miller and Martin",Healthcare,AM-020,36079.26,49,49,Checkout / Payment,0.123,False,Severe drop-off at a specific self-service step (experience gap) (decreasing risk),Contract type: Month-to-Month (decreasing risk),High monthly spend (decreasing risk),Digital Engagement,Send a guided platform walkthrough or personal onboarding session; simplify the upgrade flow for this account.,2026-07-18
ACC-103271,Li-Gonzalez,Technology,AM-014,27277.12,38,38,Add to Cart,0.122,False,Low self-service task completion rate (decreasing risk),Low customer satisfaction (CSAT) (increasing risk),Contract type: Month-to-Month (decreasing risk),Digital Engagement,Send a guided platform walkthrough or personal onboarding session; simplify the upgrade flow for this account.,2026-07-18
ACC-104297,"Hammond, Bates and Gordon",Manufacturing,AM-003,35333.58,47,43,Device Browse/Compare,0.122,False,High upgrade funnel abandonment (decreasing risk),Contract type: Month-to-Month (decreasing risk),Auto-renewal not enabled (increasing risk),Digital Engagement,Send a guided platform walkthrough or personal onboarding session; simplify the upgrade flow for this account.,2026-07-18
ACC-105923,Smith Inc,Banking & Financial Services,AM-016,14740.25,44,43,Checkout / Payment,0.122,False,Low customer satisfaction (CSAT) (decreasing risk),High upgrade funnel abandonment (decreasing risk),Contract type: Month-to-Month (decreasing risk),Support & Service,Escalate to a senior account rep for a service recovery call; audit recent ticket resolution quality.,2026-07-18
ACC-100671,Avila LLC,Education,AM-013,20848.02,38,38,Support Handoff,0.122,False,Severe drop-off at a specific self-service step (experience gap) (decreasing risk),Contract type: Month-to-Month (decreasing risk),High upgrade funnel abandonment (increasing risk),Digital Engagement,Send a guided platform walkthrough or personal onboarding session; simplify the upgrade flow for this account.,2026-07-18
ACC-101132,"Davis, Kelly and Garner",Manufacturing,AM-020,18489.71,33,32,Device Browse/Compare,0.121,True,History of late invoice payments (decreasing risk),Contract type: Month-to-Month (decreasing risk),Slow support resolution times (decreasing risk),Billing & Payments,Offer autopay enrollment incentive; review invoice accuracy; flag account to billing support.,2026-07-18
ACC-104055,Cunningham and Sons,Pharmaceuticals,AM-005,22772.31,51,51,Support Handoff,0.121,False,Contract type: Month-to-Month (increasing risk),Slow support resolution times (decreasing risk),Low customer satisfaction (CSAT) (decreasing risk),Contract & Account Health,Proactively reach out ahead of renewal; confirm auto-renewal status; review disconnected lines.,2026-07-18
ACC-100568,Levy-Lewis,Technology,AM-021,27370.74,45,44,Checkout / Payment,0.121,True,Severe drop-off at a specific self-service step (experience gap) (decreasing risk),Contract type: Month-to-Month (decreasing risk),High upgrade funnel abandonment (increasing risk),Digital Engagement,Send a guided platform walkthrough or personal onboarding session; simplify the upgrade flow for this account.,2026-07-18
ACC-103686,"Nelson, Morris and Preston",Education,AM-021,29991.12,49,47,Checkout / Payment,0.12,False,Severe drop-off at a specific self-service step (experience gap) (decreasing risk),Contract type: Month-to-Month (decreasing risk),Low customer satisfaction (CSAT) (decreasing risk),Digital Engagement,Send a guided platform walkthrough or personal onboarding session; simplify the upgrade flow for this account.,2026-07-18
ACC-105891,"Potter, Jones and Smith",Manufacturing,AM-008,32534.88,48,47,Login / Authentication,0.12,False,High upgrade funnel abandonment (decreasing risk),Low self-service task completion rate (decreasing risk),Auto-renewal not enabled (increasing risk),Digital Engagement,Send a guided platform walkthrough or personal onboarding session; simplify the upgrade flow for this account.,2026-07-18
ACC-105907,Jones Group,Pharmaceuticals,AM-022,24635.67,57,57,Support Handoff,0.12,False,Low customer satisfaction (CSAT) (decreasing risk),Contract type: Month-to-Month (decreasing risk),Large number of managed lines (CTNs) (increasing risk),Support & Service,Escalate to a senior account rep for a service recovery call; audit recent ticket resolution quality.,2026-07-18
ACC-105839,"Miller, Gordon and Glover",Manufacturing,AM-003,16290.47,39,38,Add to Cart,0.12,True,Severe drop-off at a specific self-service step (experience gap) (decreasing risk),Contract type: Month-to-Month (increasing risk),High support ticket volume (90d) (increasing risk),Digital Engagement,Send a guided platform walkthrough or personal onboarding session; simplify the upgrade flow for this account.,2026-07-18
ACC-103660,Hoffman-Webb,Small Business / Retail,AM-007,23537.1,42,42,Plan & Feature Selection,0.119,False,Severe drop-off at a specific self-service step (experience gap) (decreasing risk),Contract type: Month-to-Month (decreasing risk),Approaching contract renewal window (decreasing risk),Digital Engagement,Send a guided platform walkthrough or personal onboarding session; simplify the upgrade flow for this account.,2026-07-18
ACC-101174,Decker-Dudley,Logistics,AM-014,28229.57,48,47,Device Browse/Compare,0.119,False,Rising line disconnects (90d) (decreasing risk),High upgrade funnel abandonment (decreasing risk),Contract type: Month-to-Month (decreasing risk),Contract & Account Health,Proactively reach out ahead of renewal; confirm auto-renewal status; review disconnected lines.,2026-07-18
ACC-103032,Lopez Group,Technology,AM-016,26202.97,49,43,Checkout / Payment,0.119,False,Low self-service task completion rate (decreasing risk),Auto-renewal not enabled (increasing risk),High upgrade funnel abandonment (decreasing risk),Digital Engagement,Send a guided platform walkthrough or personal onboarding session; simplify the upgrade flow for this account.,2026-07-18
ACC-105870,"Garcia, Hall and Tapia",Manufacturing,AM-023,19786.92,41,39,Checkout / Payment,0.119,False,Low self-service task completion rate (decreasing risk),Contract type: Month-to-Month (decreasing risk),High upgrade funnel abandonment (decreasing risk),Digital Engagement,Send a guided platform walkthrough or personal onboarding session; simplify the upgrade flow for this account.,2026-07-18
ACC-102723,"Braun, Mays and Martinez",Logistics,AM-012,49273.38,64,63,Support Handoff,0.118,False,Rising line disconnects (90d) (increasing risk),Severe drop-off at a specific self-service step (experience gap) (decreasing risk),"Low feature adoption (mobile share, family plan, etc.) (decreasing risk)",Contract & Account Health,Proactively reach out ahead of renewal; confirm auto-renewal status; review disconnected lines.,2026-07-18
ACC-101774,Durham-Myers,Technology,AM-019,20883.55,48,48,Checkout / Payment,0.117,False,Severe drop-off at a specific self-service step (experience gap) (decreasing risk),Contract type: Month-to-Month (increasing risk),High upgrade funnel abandonment (decreasing risk),Digital Engagement,Send a guided platform walkthrough or personal onboarding session; simplify the upgrade flow for this account.,2026-07-18
ACC-100720,Landry Ltd,Hospitality,AM-024,27021.06,45,45,Checkout / Payment,0.117,False,Low device upgrade activity (decreasing risk),Severe drop-off at a specific self-service step (experience gap) (decreasing risk),Contract type: Month-to-Month (increasing risk),Product & Shop Usage,Recommend relevant plan/feature bundles; offer a device upgrade promotion to re-engage.,2026-07-18
ACC-104255,Townsend-Hale,Government,AM-014,28064.11,46,44,Checkout / Payment,0.116,False,Severe drop-off at a specific self-service step (experience gap) (decreasing risk),High upgrade funnel abandonment (increasing risk),Contract type: Month-to-Month (decreasing risk),Digital Engagement,Send a guided platform walkthrough or personal onboarding session; simplify the upgrade flow for this account.,2026-07-18
ACC-102347,"Gallegos, Myers and Cook",Banking & Financial Services,AM-012,32551.45,52,52,Add to Cart,0.116,False,Rising line disconnects (90d) (decreasing risk),Approaching contract renewal window (decreasing risk),Contract type: Month-to-Month (increasing risk),Contract & Account Health,Proactively reach out ahead of renewal; confirm auto-renewal status; review disconnected lines.,2026-07-18
ACC-102018,Watson-Roberts,Hospitality,AM-008,30920.81,48,47,Checkout / Payment,0.116,False,Low self-service task completion rate (decreasing risk),Contract type: Month-to-Month (decreasing risk),High monthly spend (decreasing risk),Digital Engagement,Send a guided platform walkthrough or personal onboarding session; simplify the upgrade flow for this account.,2026-07-18
ACC-100573,Williams-Williams,Logistics,AM-003,31610.87,45,45,Support Handoff,0.115,False,Contract type: Month-to-Month (decreasing risk),Severe drop-off at a specific self-service step (experience gap) (decreasing risk),"Low feature adoption (mobile share, family plan, etc.) (decreasing risk)",Contract & Account Health,Proactively reach out ahead of renewal; confirm auto-renewal status; review disconnected lines.,2026-07-18
ACC-104147,"Stone, Schaefer and Reyes",Healthcare,AM-006,23336.91,39,38,Support Handoff,0.115,False,Severe drop-off at a specific self-service step (experience gap) (decreasing risk),Contract type: Month-to-Month (decreasing risk),High upgrade funnel abandonment (decreasing risk),Digital Engagement,Send a guided platform walkthrough or personal onboarding session; simplify the upgrade flow for this account.,2026-07-18
ACC-105062,"Kent, Jones and Thompson",Education,AM-024,38296.81,55,54,Login / Authentication,0.114,False,High upgrade funnel abandonment (decreasing risk),Low self-service task completion rate (decreasing risk),Severe drop-off at a specific self-service step (experience gap) (increasing risk),Digital Engagement,Send a guided platform walkthrough or personal onboarding session; simplify the upgrade flow for this account.,2026-07-18
ACC-103113,Allen Inc,Energy & Utilities,AM-012,25571.3,35,33,Plan & Feature Selection,0.113,False,Approaching contract renewal window (decreasing risk),High upgrade funnel abandonment (increasing risk),Large number of managed lines (CTNs) (decreasing risk),Contract & Account Health,Proactively reach out ahead of renewal; confirm auto-renewal status; review disconnected lines.,2026-07-18
ACC-104339,"Becker, Hammond and Davidson",Manufacturing,AM-002,40267.96,59,57,Checkout / Payment,0.112,False,High upgrade funnel abandonment (decreasing risk),Approaching contract renewal window (decreasing risk),Contract type: Month-to-Month (decreasing risk),Digital Engagement,Send a guided platform walkthrough or personal onboarding session; simplify the upgrade flow for this account.,2026-07-18
ACC-104134,"Owens, Richards and Walter",Government,AM-006,23612.06,42,40,Plan & Feature Selection,0.112,False,Low self-service task completion rate (decreasing risk),Contract type: Month-to-Month (decreasing risk),High upgrade funnel abandonment (decreasing risk),Digital Engagement,Send a guided platform walkthrough or personal onboarding session; simplify the upgrade flow for this account.,2026-07-18
ACC-105719,Ball-Shaw,Logistics,AM-009,26335.54,37,35,Add to Cart,0.112,False,Approaching contract renewal window (decreasing risk),Contract type: Month-to-Month (decreasing risk),Auto-renewal not enabled (increasing risk),Contract & Account Health,Proactively reach out ahead of renewal; confirm auto-renewal status; review disconnected lines.,2026-07-18
ACC-102527,Murphy Inc,Healthcare,AM-011,21582.85,49,48,Checkout / Payment,0.111,False,High upgrade funnel abandonment (decreasing risk),Low customer satisfaction (CSAT) (decreasing risk),Contract type: Month-to-Month (decreasing risk),Digital Engagement,Send a guided platform walkthrough or personal onboarding session; simplify the upgrade flow for this account.,2026-07-18
ACC-103680,"Goodman, Martin and Kim",Healthcare,AM-022,24463.97,47,45,Add to Cart,0.111,False,Severe drop-off at a specific self-service step (experience gap) (decreasing risk),Low self-service task completion rate (increasing risk),High upgrade funnel abandonment (decreasing risk),Digital Engagement,Send a guided platform walkthrough or personal onboarding session; simplify the upgrade flow for this account.,2026-07-18
ACC-102994,"Martinez, Willis and Barr",Energy & Utilities,AM-020,29516.72,48,44,Device Browse/Compare,0.11,False,Low self-service task completion rate (decreasing risk),Contract type: Month-to-Month (decreasing risk),High upgrade funnel abandonment (decreasing risk),Digital Engagement,Send a guided platform walkthrough or personal onboarding session; simplify the upgrade flow for this account.,2026-07-18
ACC-103942,"Johnson, Sims and Crane",Logistics,AM-007,38116.29,57,56,Checkout / Payment,0.11,False,High upgrade funnel abandonment (decreasing risk),Low self-service task completion rate (decreasing risk),Low customer satisfaction (CSAT) (decreasing risk),Digital Engagement,Send a guided platform walkthrough or personal onboarding session; simplify the upgrade flow for this account.,2026-07-18
ACC-101645,"Anderson, Delgado and Carpenter",Pharmaceuticals,AM-024,28702.63,54,53,Checkout / Payment,0.109,False,Low customer satisfaction (CSAT) (increasing risk),Contract type: Month-to-Month (decreasing risk),Rising line disconnects (90d) (decreasing risk),Support & Service,Escalate to a senior account rep for a service recovery call; audit recent ticket resolution quality.,2026-07-18
ACC-101629,Lin-Smith,Government,AM-020,28702.69,45,45,Login / Authentication,0.109,False,Severe drop-off at a specific self-service step (experience gap) (decreasing risk),Contract type: Month-to-Month (decreasing risk),Low customer satisfaction (CSAT) (increasing risk),Digital Engagement,Send a guided platform walkthrough or personal onboarding session; simplify the upgrade flow for this account.,2026-07-18
ACC-105058,Chambers-Norton,Energy & Utilities,AM-011,36465.87,52,49,Order Confirmation,0.109,False,High upgrade funnel abandonment (decreasing risk),Contract type: Month-to-Month (decreasing risk),High monthly spend (decreasing risk),Digital Engagement,Send a guided platform walkthrough or personal onboarding session; simplify the upgrade flow for this account.,2026-07-18
ACC-101723,"Duarte, Gutierrez and Cook",Manufacturing,AM-016,18194.34,41,40,Checkout / Payment,0.109,False,High upgrade funnel abandonment (decreasing risk),Low self-service task completion rate (decreasing risk),"Low feature adoption (mobile share, family plan, etc.) (decreasing risk)",Digital Engagement,Send a guided platform walkthrough or personal onboarding session; simplify the upgrade flow for this account.,2026-07-18
ACC-104172,Smith-Lopez,Logistics,AM-017,44320.33,54,52,Device Browse/Compare,0.109,False,High monthly spend (decreasing risk),"Low feature adoption (mobile share, family plan, etc.) (increasing risk)",High upgrade funnel abandonment (decreasing risk),Billing & Payments,Offer autopay enrollment incentive; review invoice accuracy; flag account to billing support.,2026-07-18
ACC-100206,"Alvarez, Joseph and West",Logistics,AM-024,26322.28,46,45,Order Confirmation,0.108,False,Low self-service task completion rate (decreasing risk),Contract type: Month-to-Month (increasing risk),High upgrade funnel abandonment (decreasing risk),Digital Engagement,Send a guided platform walkthrough or personal onboarding session; simplify the upgrade flow for this account.,2026-07-18
ACC-105182,"Clay, Hudson and Sparks",Small Business / Retail,AM-003,16660.4,42,41,Checkout / Payment,0.108,True,Severe drop-off at a specific self-service step (experience gap) (decreasing risk),Low customer satisfaction (CSAT) (decreasing risk),High annual revenue account (decreasing risk),Digital Engagement,Send a guided platform walkthrough or personal onboarding session; simplify the upgrade flow for this account.,2026-07-18
ACC-104853,"Harris, Hernandez and Becker",Energy & Utilities,AM-015,27506.39,40,40,Checkout / Payment,0.108,True,Low customer satisfaction (CSAT) (decreasing risk),Low self-service task completion rate (decreasing risk),Contract type: Month-to-Month (decreasing risk),Support & Service,Escalate to a senior account rep for a service recovery call; audit recent ticket resolution quality.,2026-07-18
ACC-103795,Young and Sons,Manufacturing,AM-023,33637.84,52,50,Plan & Feature Selection,0.108,False,High upgrade funnel abandonment (decreasing risk),Low device upgrade activity (decreasing risk),High monthly spend (decreasing risk),Digital Engagement,Send a guided platform walkthrough or personal onboarding session; simplify the upgrade flow for this account.,2026-07-18
ACC-102240,Richardson-Long,Government,AM-025,15566.18,34,31,Support Handoff,0.108,False,History of late invoice payments (decreasing risk),High monthly spend (increasing risk),Large number of managed lines (CTNs) (decreasing risk),Billing & Payments,Offer autopay enrollment incentive; review invoice accuracy; flag account to billing support.,2026-07-18
ACC-100379,Boone LLC,Pharmaceuticals,AM-011,17133.43,42,40,Add to Cart,0.108,False,Industry segment: Pharmaceuticals (decreasing risk),Low self-service task completion rate (decreasing risk),Severe drop-off at a specific self-service step (experience gap) (increasing risk),Product & Shop Usage,Recommend relevant plan/feature bundles; offer a device upgrade promotion to re-engage.,2026-07-18
ACC-102353,Hall-Brown,Logistics,AM-009,23668.39,48,43,Add to Cart,0.107,False,Contract type: Month-to-Month (decreasing risk),High upgrade funnel abandonment (decreasing risk),Severe drop-off at a specific self-service step (experience gap) (increasing risk),Contract & Account Health,Proactively reach out ahead of renewal; confirm auto-renewal status; review disconnected lines.,2026-07-18
ACC-103080,Grant-Rosario,Healthcare,AM-019,32732.77,50,50,Add to Cart,0.107,False,"Low feature adoption (mobile share, family plan, etc.) (increasing risk)",Low self-service task completion rate (decreasing risk),Contract type: Month-to-Month (decreasing risk),Product & Shop Usage,Recommend relevant plan/feature bundles; offer a device upgrade promotion to re-engage.,2026-07-18
ACC-104876,"Douglas, Smith and Jordan",Education,AM-016,19606.6,48,47,Login / Authentication,0.107,False,Low self-service task completion rate (decreasing risk),Approaching contract renewal window (decreasing risk),Severe drop-off at a specific self-service step (experience gap) (decreasing risk),Digital Engagement,Send a guided platform walkthrough or personal onboarding session; simplify the upgrade flow for this account.,2026-07-18
ACC-105167,Brewer PLC,Manufacturing,AM-006,16050.29,32,28,Plan & Feature Selection,0.107,True,Low self-service task completion rate (decreasing risk),Severe drop-off at a specific self-service step (experience gap) (decreasing risk),Recent support escalations (increasing risk),Digital Engagement,Send a guided platform walkthrough or personal onboarding session; simplify the upgrade flow for this account.,2026-07-18
ACC-101163,Wise-Dean,Hospitality,AM-002,20478.85,36,36,Device Browse/Compare,0.107,False,High upgrade funnel abandonment (increasing risk),Low self-service task completion rate (decreasing risk),Contract type: Month-to-Month (decreasing risk),Digital Engagement,Send a guided platform walkthrough or personal onboarding session; simplify the upgrade flow for this account.,2026-07-18
ACC-100259,Dean-Jimenez,Manufacturing,AM-025,21421.12,37,36,Device Browse/Compare,0.107,False,Approaching contract renewal window (decreasing risk),Contract type: Month-to-Month (decreasing risk),High upgrade funnel abandonment (decreasing risk),Contract & Account Health,Proactively reach out ahead of renewal; confirm auto-renewal status; review disconnected lines.,2026-07-18
ACC-101452,Krause Ltd,Energy & Utilities,AM-016,23937.3,48,47,Support Handoff,0.106,False,Approaching contract renewal window (decreasing risk),Contract type: Month-to-Month (decreasing risk),Low self-service task completion rate (decreasing risk),Contract & Account Health,Proactively reach out ahead of renewal; confirm auto-renewal status; review disconnected lines.,2026-07-18
ACC-101761,"Flores, Thomas and Bush",Logistics,AM-022,39648.54,53,53,Checkout / Payment,0.106,False,Severe drop-off at a specific self-service step (experience gap) (decreasing risk),Contract type: Month-to-Month (increasing risk),High upgrade funnel abandonment (decreasing risk),Digital Engagement,Send a guided platform walkthrough or personal onboarding session; simplify the upgrade flow for this account.,2026-07-18
ACC-102556,"Sandoval, Thomas and Young",Pharmaceuticals,AM-011,20593.27,39,37,Plan & Feature Selection,0.105,False,Severe drop-off at a specific self-service step (experience gap) (decreasing risk),Rising line disconnects (90d) (decreasing risk),"Low feature adoption (mobile share, family plan, etc.) (increasing risk)",Digital Engagement,Send a guided platform walkthrough or personal onboarding session; simplify the upgrade flow for this account.,2026-07-18
ACC-104067,Williams-Bennett,Government,AM-025,22633.48,38,36,Device Browse/Compare,0.105,False,Approaching contract renewal window (decreasing risk),Contract type: Month-to-Month (increasing risk),High upgrade funnel abandonment (decreasing risk),Contract & Account Health,Proactively reach out ahead of renewal; confirm auto-renewal status; review disconnected lines.,2026-07-18
ACC-104655,Knight LLC,Technology,AM-020,30059.79,42,40,Plan & Feature Selection,0.105,False,Severe drop-off at a specific self-service step (experience gap) (decreasing risk),Contract type: Month-to-Month (decreasing risk),Low self-service task completion rate (decreasing risk),Digital Engagement,Send a guided platform walkthrough or personal onboarding session; simplify the upgrade flow for this account.,2026-07-18
ACC-100889,"Shaffer, Garcia and Richardson",Logistics,AM-012,14296.59,31,29,Checkout / Payment,0.105,False,Low self-service task completion rate (decreasing risk),Slow support resolution times (decreasing risk),Contract type: Month-to-Month (decreasing risk),Digital Engagement,Send a guided platform walkthrough or personal onboarding session; simplify the upgrade flow for this account.,2026-07-18
ACC-102388,Soto-Sanchez,Government,AM-006,29460.2,49,49,Add to Cart,0.105,False,Contract type: Month-to-Month (decreasing risk),Low self-service task completion rate (decreasing risk),"Low feature adoption (mobile share, family plan, etc.) (decreasing risk)",Contract & Account Health,Proactively reach out ahead of renewal; confirm auto-renewal status; review disconnected lines.,2026-07-18
ACC-102543,Hobbs-Harvey,Hospitality,AM-003,18950.97,37,33,Plan & Feature Selection,0.105,False,Low self-service task completion rate (decreasing risk),Severe drop-off at a specific self-service step (experience gap) (decreasing risk),Contract type: Month-to-Month (decreasing risk),Digital Engagement,Send a guided platform walkthrough or personal onboarding session; simplify the upgrade flow for this account.,2026-07-18
ACC-104767,Stephenson Group,Logistics,AM-025,34978.49,51,50,Support Handoff,0.105,False,Low self-service task completion rate (decreasing risk),Contract type: Month-to-Month (decreasing risk),High monthly spend (decreasing risk),Digital Engagement,Send a guided platform walkthrough or personal onboarding session; simplify the upgrade flow for this account.,2026-07-18
ACC-104335,"Jenkins, Gonzalez and Morgan",Energy & Utilities,AM-014,12921.81,31,30,Device Browse/Compare,0.104,False,Low customer satisfaction (CSAT) (decreasing risk),High annual revenue account (decreasing risk),High monthly spend (increasing risk),Support & Service,Escalate to a senior account rep for a service recovery call; audit recent ticket resolution quality.,2026-07-18
ACC-101255,Cervantes-Garcia,Healthcare,AM-003,17794.64,43,41,Plan & Feature Selection,0.104,False,Approaching contract renewal window (decreasing risk),High upgrade funnel abandonment (decreasing risk),Contract type: Month-to-Month (decreasing risk),Contract & Account Health,Proactively reach out ahead of renewal; confirm auto-renewal status; review disconnected lines.,2026-07-18
ACC-103369,"Moore, Miller and Nelson",Education,AM-003,24703.68,57,53,Order Confirmation,0.103,False,Approaching contract renewal window (decreasing risk),Contract type: Month-to-Month (decreasing risk),High upgrade funnel abandonment (decreasing risk),Contract & Account Health,Proactively reach out ahead of renewal; confirm auto-renewal status; review disconnected lines.,2026-07-18
ACC-100928,Nelson-Brown,Energy & Utilities,AM-018,25315.18,40,39,Login / Authentication,0.103,True,Contract type: Month-to-Month (decreasing risk),Low self-service task completion rate (decreasing risk),High upgrade funnel abandonment (decreasing risk),Contract & Account Health,Proactively reach out ahead of renewal; confirm auto-renewal status; review disconnected lines.,2026-07-18
ACC-102158,Watkins-Lozano,Education,AM-019,23984.05,43,41,Support Handoff,0.103,True,Approaching contract renewal window (decreasing risk),Contract type: Month-to-Month (decreasing risk),Auto-renewal not enabled (decreasing risk),Contract & Account Health,Proactively reach out ahead of renewal; confirm auto-renewal status; review disconnected lines.,2026-07-18
ACC-105834,Brown-Hudson,Education,AM-003,21108.56,44,43,Device Browse/Compare,0.103,True,Approaching contract renewal window (decreasing risk),Recent support escalations (increasing risk),Contract type: Month-to-Month (decreasing risk),Contract & Account Health,Proactively reach out ahead of renewal; confirm auto-renewal status; review disconnected lines.,2026-07-18
ACC-102493,Clark-Haley,Pharmaceuticals,AM-013,36276.3,55,51,Device Browse/Compare,0.102,False,Low customer satisfaction (CSAT) (decreasing risk),Large number of managed lines (CTNs) (increasing risk),"Low feature adoption (mobile share, family plan, etc.) (increasing risk)",Support & Service,Escalate to a senior account rep for a service recovery call; audit recent ticket resolution quality.,2026-07-18
ACC-101724,"Shaffer, Lewis and Davidson",Healthcare,AM-022,23679.22,41,41,Order Confirmation,0.102,False,Low customer satisfaction (CSAT) (decreasing risk),High upgrade funnel abandonment (decreasing risk),Contract type: Month-to-Month (increasing risk),Support & Service,Escalate to a senior account rep for a service recovery call; audit recent ticket resolution quality.,2026-07-18
ACC-104600,"Black, Thompson and Hayes",Pharmaceuticals,AM-001,31255.67,55,54,Checkout / Payment,0.102,True,Severe drop-off at a specific self-service step (experience gap) (decreasing risk),Contract type: Month-to-Month (decreasing risk),High monthly spend (decreasing risk),Digital Engagement,Send a guided platform walkthrough or personal onboarding session; simplify the upgrade flow for this account.,2026-07-18
ACC-101672,Stone Group,Healthcare,AM-011,23168.87,46,45,Checkout / Payment,0.102,False,Low self-service task completion rate (decreasing risk),Severe drop-off at a specific self-service step (experience gap) (decreasing risk),Contract type: Month-to-Month (decreasing risk),Digital Engagement,Send a guided platform walkthrough or personal onboarding session; simplify the upgrade flow for this account.,2026-07-18
ACC-102252,Reynolds and Sons,Education,AM-001,18621.97,45,43,Add to Cart,0.101,False,High annual revenue account (decreasing risk),Contract type: Month-to-Month (decreasing risk),History of late invoice payments (decreasing risk),Contract & Account Health,Proactively reach out ahead of renewal; confirm auto-renewal status; review disconnected lines.,2026-07-18
ACC-100972,Green-Ewing,Government,AM-009,24794.88,43,41,Device Browse/Compare,0.101,True,Severe drop-off at a specific self-service step (experience gap) (decreasing risk),Low self-service task completion rate (increasing risk),Contract type: Month-to-Month (decreasing risk),Digital Engagement,Send a guided platform walkthrough or personal onboarding session; simplify the upgrade flow for this account.,2026-07-18
ACC-100531,Conner and Sons,Hospitality,AM-011,27057.55,57,56,Checkout / Payment,0.101,False,Approaching contract renewal window (decreasing risk),Low self-service task completion rate (decreasing risk),Contract type: Month-to-Month (decreasing risk),Contract & Account Health,Proactively reach out ahead of renewal; confirm auto-renewal status; review disconnected lines.,2026-07-18
ACC-102345,"Park, Maynard and Ruiz",Logistics,AM-020,16508.41,38,36,Device Browse/Compare,0.101,False,Low self-service task completion rate (decreasing risk),Contract type: Month-to-Month (increasing risk),History of late invoice payments (decreasing risk),Digital Engagement,Send a guided platform walkthrough or personal onboarding session; simplify the upgrade flow for this account.,2026-07-18
ACC-100681,"Robinson, Shields and Brown",Technology,AM-025,19997.86,38,37,Plan & Feature Selection,0.101,False,Contract type: Month-to-Month (decreasing risk),Low self-service task completion rate (decreasing risk),Large number of managed lines (CTNs) (decreasing risk),Contract & Account Health,Proactively reach out ahead of renewal; confirm auto-renewal status; review disconnected lines.,2026-07-18
ACC-102386,Mitchell-Jackson,Manufacturing,AM-017,31077.04,50,46,Checkout / Payment,0.101,False,Contract type: Month-to-Month (decreasing risk),Approaching contract renewal window (decreasing risk),Auto-renewal not enabled (decreasing risk),Contract & Account Health,Proactively reach out ahead of renewal; confirm auto-renewal status; review disconnected lines.,2026-07-18
ACC-101440,"Ramirez, Walker and Ray",Education,AM-002,27555.68,51,49,Plan & Feature Selection,0.101,False,Contract type: Month-to-Month (decreasing risk),Auto-renewal not enabled (decreasing risk),Low customer satisfaction (CSAT) (decreasing risk),Contract & Account Health,Proactively reach out ahead of renewal; confirm auto-renewal status; review disconnected lines.,2026-07-18
ACC-103981,"Gomez, Mcgee and Cole",Healthcare,AM-017,18637.38,40,39,Add to Cart,0.1,False,Severe drop-off at a specific self-service step (experience gap) (increasing risk),Approaching contract renewal window (decreasing risk),High upgrade funnel abandonment (decreasing risk),Digital Engagement,Send a guided platform walkthrough or personal onboarding session; simplify the upgrade flow for this account.,2026-07-18
ACC-105527,Smith Group,Banking & Financial Services,AM-019,27509.74,49,48,Device Browse/Compare,0.1,False,Approaching contract renewal window (decreasing risk),Severe drop-off at a specific self-service step (experience gap) (increasing risk),Low self-service task completion rate (decreasing risk),Contract & Account Health,Proactively reach out ahead of renewal; confirm auto-renewal status; review disconnected lines.,2026-07-18
ACC-103851,Hill Ltd,Energy & Utilities,AM-015,26815.77,41,40,Checkout / Payment,0.1,False,Low device upgrade activity (decreasing risk),History of late invoice payments (decreasing risk),"Low feature adoption (mobile share, family plan, etc.) (increasing risk)",Product & Shop Usage,Recommend relevant plan/feature bundles; offer a device upgrade promotion to re-engage.,2026-07-18
ACC-101471,Davidson LLC,Pharmaceuticals,AM-016,20806.09,47,42,Add to Cart,0.099,True,High upgrade funnel abandonment (decreasing risk),Low customer satisfaction (CSAT) (decreasing risk),Industry segment: Pharmaceuticals (decreasing risk),Digital Engagement,Send a guided platform walkthrough or personal onboarding session; simplify the upgrade flow for this account.,2026-07-18
ACC-101767,"Soto, Vaughn and Griffin",Healthcare,AM-011,20945.87,45,43,Add to Cart,0.099,False,Contract type: Month-to-Month (decreasing risk),High monthly spend (increasing risk),History of late invoice payments (decreasing risk),Contract & Account Health,Proactively reach out ahead of renewal; confirm auto-renewal status; review disconnected lines.,2026-07-18
ACC-105921,"Valentine, Park and Hernandez",Technology,AM-019,22596.64,40,37,Checkout / Payment,0.099,False,Low customer satisfaction (CSAT) (decreasing risk),Contract type: Month-to-Month (decreasing risk),Low self-service task completion rate (increasing risk),Support & Service,Escalate to a senior account rep for a service recovery call; audit recent ticket resolution quality.,2026-07-18
ACC-104880,Martin-Simmons,Healthcare,AM-020,24475.31,39,39,Device Browse/Compare,0.099,False,Severe drop-off at a specific self-service step (experience gap) (decreasing risk),High upgrade funnel abandonment (decreasing risk),Contract type: Month-to-Month (decreasing risk),Digital Engagement,Send a guided platform walkthrough or personal onboarding session; simplify the upgrade flow for this account.,2026-07-18
ACC-104351,Turner-Lang,Pharmaceuticals,AM-023,26148.86,40,40,Login / Authentication,0.099,False,Severe drop-off at a specific self-service step (experience gap) (increasing risk),Low self-service task completion rate (decreasing risk),Industry segment: Pharmaceuticals (decreasing risk),Digital Engagement,Send a guided platform walkthrough or personal onboarding session; simplify the upgrade flow for this account.,2026-07-18
ACC-102797,Patterson-Huynh,Manufacturing,AM-001,32613.08,49,48,Plan & Feature Selection,0.099,False,Low self-service task completion rate (decreasing risk),Contract type: Month-to-Month (decreasing risk),High monthly spend (decreasing risk),Digital Engagement,Send a guided platform walkthrough or personal onboarding session; simplify the upgrade flow for this account.,2026-07-18
ACC-105007,Flynn LLC,Energy & Utilities,AM-018,19049.91,43,42,Add to Cart,0.099,False,Contract type: Month-to-Month (decreasing risk),High annual revenue account (decreasing risk),High upgrade funnel abandonment (decreasing risk),Contract & Account Health,Proactively reach out ahead of renewal; confirm auto-renewal status; review disconnected lines.,2026-07-18
ACC-105529,"Kelly, Simmons and Jordan",Healthcare,AM-002,23258.66,44,44,Checkout / Payment,0.099,True,Severe drop-off at a specific self-service step (experience gap) (decreasing risk),High upgrade funnel abandonment (increasing risk),Low self-service task completion rate (decreasing risk),Digital Engagement,Send a guided platform walkthrough or personal onboarding session; simplify the upgrade flow for this account.,2026-07-18
ACC-104749,Cole PLC,Banking & Financial Services,AM-017,30672.9,40,38,Plan & Feature Selection,0.099,False,Severe drop-off at a specific self-service step (experience gap) (decreasing risk),Contract type: Month-to-Month (decreasing risk),Large number of managed lines (CTNs) (decreasing risk),Digital Engagement,Send a guided platform walkthrough or personal onboarding session; simplify the upgrade flow for this account.,2026-07-18
ACC-100475,Gilbert-Bullock,Education,AM-021,25635.56,48,47,Order Confirmation,0.099,False,Approaching contract renewal window (decreasing risk),Contract type: Month-to-Month (decreasing risk),Auto-renewal not enabled (decreasing risk),Contract & Account Health,Proactively reach out ahead of renewal; confirm auto-renewal status; review disconnected lines.,2026-07-18
ACC-105972,Anderson Ltd,Small Business / Retail,AM-017,26629.16,46,41,Login / Authentication,0.098,True,Contract type: Month-to-Month (decreasing risk),Rising line disconnects (90d) (decreasing risk),High upgrade funnel abandonment (decreasing risk),Contract & Account Health,Proactively reach out ahead of renewal; confirm auto-renewal status; review disconnected lines.,2026-07-18
ACC-100382,"Austin, Day and Johnson",Technology,AM-016,21008.17,40,36,Checkout / Payment,0.098,False,Low self-service task completion rate (decreasing risk),Approaching contract renewal window (increasing risk),Low customer satisfaction (CSAT) (decreasing risk),Digital Engagement,Send a guided platform walkthrough or personal onboarding session; simplify the upgrade flow for this account.,2026-07-18
ACC-105417,Valdez-Park,Logistics,AM-012,37638.6,57,57,Login / Authentication,0.098,False,High upgrade funnel abandonment (decreasing risk),Low customer satisfaction (CSAT) (decreasing risk),Contract type: Month-to-Month (decreasing risk),Digital Engagement,Send a guided platform walkthrough or personal onboarding session; simplify the upgrade flow for this account.,2026-07-18
ACC-100662,"Brown, Mcknight and Michael",Healthcare,AM-002,19429.01,36,36,Plan & Feature Selection,0.097,False,Severe drop-off at a specific self-service step (experience gap) (increasing risk),Low self-service task completion rate (decreasing risk),Rising line disconnects (90d) (decreasing risk),Digital Engagement,Send a guided platform walkthrough or personal onboarding session; simplify the upgrade flow for this account.,2026-07-18
ACC-101617,Singh and Sons,Logistics,AM-006,18471.51,42,39,Checkout / Payment,0.097,False,Contract type: Month-to-Month (decreasing risk),Severe drop-off at a specific self-service step (experience gap) (decreasing risk),High upgrade funnel abandonment (decreasing risk),Contract & Account Health,Proactively reach out ahead of renewal; confirm auto-renewal status; review disconnected lines.,2026-07-18
ACC-100001,Doyle Ltd,Pharmaceuticals,AM-006,26222.55,45,42,Device Browse/Compare,0.097,True,Low customer satisfaction (CSAT) (decreasing risk),Industry segment: Pharmaceuticals (decreasing risk),Recent support escalations (increasing risk),Support & Service,Escalate to a senior account rep for a service recovery call; audit recent ticket resolution quality.,2026-07-18
ACC-103694,Collins and Sons,Pharmaceuticals,AM-012,28789.83,40,38,Add to Cart,0.096,False,Low self-service task completion rate (decreasing risk),Large number of managed lines (CTNs) (decreasing risk),Contract type: Month-to-Month (decreasing risk),Digital Engagement,Send a guided platform walkthrough or personal onboarding session; simplify the upgrade flow for this account.,2026-07-18
ACC-104448,Sanchez-Blackburn,Logistics,AM-021,39266.97,59,58,Device Browse/Compare,0.096,False,Low self-service task completion rate (decreasing risk),Contract type: Month-to-Month (decreasing risk),Large number of managed lines (CTNs) (increasing risk),Digital Engagement,Send a guided platform walkthrough or personal onboarding session; simplify the upgrade flow for this account.,2026-07-18
ACC-102167,"Morgan, Mendez and Cox",Education,AM-007,21823.32,37,36,Checkout / Payment,0.096,False,Severe drop-off at a specific self-service step (experience gap) (decreasing risk),Approaching contract renewal window (decreasing risk),Auto-renewal not enabled (increasing risk),Digital Engagement,Send a guided platform walkthrough or personal onboarding session; simplify the upgrade flow for this account.,2026-07-18
ACC-105249,Jones-Contreras,Energy & Utilities,AM-015,31803.99,52,51,Add to Cart,0.096,True,Approaching contract renewal window (decreasing risk),Contract type: Month-to-Month (decreasing risk),High monthly spend (decreasing risk),Contract & Account Health,Proactively reach out ahead of renewal; confirm auto-renewal status; review disconnected lines.,2026-07-18
ACC-101172,Campbell Inc,Energy & Utilities,AM-025,31166.81,42,42,Checkout / Payment,0.095,False,Low customer satisfaction (CSAT) (decreasing risk),Severe drop-off at a specific self-service step (experience gap) (decreasing risk),High upgrade funnel abandonment (decreasing risk),Support & Service,Escalate to a senior account rep for a service recovery call; audit recent ticket resolution quality.,2026-07-18
ACC-103589,"Clark, Stone and Andrews",Manufacturing,AM-016,22624.7,35,34,Checkout / Payment,0.095,False,Contract type: Month-to-Month (decreasing risk),High upgrade funnel abandonment (decreasing risk),Large number of managed lines (CTNs) (decreasing risk),Contract & Account Health,Proactively reach out ahead of renewal; confirm auto-renewal status; review disconnected lines.,2026-07-18
ACC-105681,Ferguson-Holmes,Small Business / Retail,AM-021,27912.64,45,43,Plan & Feature Selection,0.095,False,Severe drop-off at a specific self-service step (experience gap) (decreasing risk),Contract type: Month-to-Month (decreasing risk),"Low feature adoption (mobile share, family plan, etc.) (decreasing risk)",Digital Engagement,Send a guided platform walkthrough or personal onboarding session; simplify the upgrade flow for this account.,2026-07-18
ACC-101432,Moss LLC,Government,AM-009,32722.91,36,35,Device Browse/Compare,0.095,False,Large number of managed lines (CTNs) (decreasing risk),Low self-service task completion rate (decreasing risk),Contract type: Month-to-Month (decreasing risk),Contract & Account Health,Proactively reach out ahead of renewal; confirm auto-renewal status; review disconnected lines.,2026-07-18
ACC-105990,Baker Ltd,Hospitality,AM-003,25993.65,44,43,Login / Authentication,0.094,False,Contract type: Month-to-Month (decreasing risk),Low self-service task completion rate (decreasing risk),Severe drop-off at a specific self-service step (experience gap) (decreasing risk),Contract & Account Health,Proactively reach out ahead of renewal; confirm auto-renewal status; review disconnected lines.,2026-07-18
ACC-101577,"Jordan, Swanson and Franklin",Small Business / Retail,AM-017,26962.92,41,41,Device Browse/Compare,0.093,False,Severe drop-off at a specific self-service step (experience gap) (decreasing risk),Contract type: Month-to-Month (increasing risk),Rising line disconnects (90d) (decreasing risk),Digital Engagement,Send a guided platform walkthrough or personal onboarding session; simplify the upgrade flow for this account.,2026-07-18
ACC-103784,Evans-Arellano,Manufacturing,AM-023,27519.36,47,47,Checkout / Payment,0.093,False,Low customer satisfaction (CSAT) (decreasing risk),Contract type: Month-to-Month (decreasing risk),Auto-renewal not enabled (decreasing risk),Support & Service,Escalate to a senior account rep for a service recovery call; audit recent ticket resolution quality.,2026-07-18
ACC-100043,Allen-Allen,Healthcare,AM-003,36122.09,47,46,Support Handoff,0.093,False,Severe drop-off at a specific self-service step (experience gap) (decreasing risk),High monthly spend (decreasing risk),Contract type: Month-to-Month (decreasing risk),Digital Engagement,Send a guided platform walkthrough or personal onboarding session; simplify the upgrade flow for this account.,2026-07-18
ACC-102883,Thomas and Sons,Manufacturing,AM-012,26009.7,45,44,Checkout / Payment,0.093,False,Low customer satisfaction (CSAT) (decreasing risk),Severe drop-off at a specific self-service step (experience gap) (decreasing risk),High upgrade funnel abandonment (decreasing risk),Support & Service,Escalate to a senior account rep for a service recovery call; audit recent ticket resolution quality.,2026-07-18
ACC-102690,"Jackson, Jackson and Perry",Technology,AM-015,21980.83,39,38,Checkout / Payment,0.093,True,Contract type: Month-to-Month (decreasing risk),High support ticket volume (90d) (increasing risk),Approaching contract renewal window (decreasing risk),Contract & Account Health,Proactively reach out ahead of renewal; confirm auto-renewal status; review disconnected lines.,2026-07-18
ACC-103822,Munoz Group,Pharmaceuticals,AM-005,25461.05,47,45,Device Browse/Compare,0.092,False,Low self-service task completion rate (decreasing risk),Industry segment: Pharmaceuticals (decreasing risk),Contract type: Month-to-Month (increasing risk),Digital Engagement,Send a guided platform walkthrough or personal onboarding session; simplify the upgrade flow for this account.,2026-07-18
ACC-104892,Gay and Sons,Small Business / Retail,AM-025,25116.08,50,46,Checkout / Payment,0.092,False,Low self-service task completion rate (decreasing risk),Low customer satisfaction (CSAT) (decreasing risk),Approaching contract renewal window (increasing risk),Digital Engagement,Send a guided platform walkthrough or personal onboarding session; simplify the upgrade flow for this account.,2026-07-18
ACC-101582,Smith-Joyce,Energy & Utilities,AM-013,23488.3,40,40,Plan & Feature Selection,0.091,False,High upgrade funnel abandonment (decreasing risk),Auto-renewal not enabled (increasing risk),Low customer satisfaction (CSAT) (decreasing risk),Digital Engagement,Send a guided platform walkthrough or personal onboarding session; simplify the upgrade flow for this account.,2026-07-18
ACC-102482,"Hayes, Smith and Marshall",Energy & Utilities,AM-001,26936.64,40,39,Device Browse/Compare,0.091,False,Contract type: Month-to-Month (decreasing risk),Approaching contract renewal window (decreasing risk),High upgrade funnel abandonment (increasing risk),Contract & Account Health,Proactively reach out ahead of renewal; confirm auto-renewal status; review disconnected lines.,2026-07-18
ACC-103679,"Jones, Martinez and Smith",Logistics,AM-016,13315.88,33,31,Login / Authentication,0.09,False,Approaching contract renewal window (decreasing risk),High upgrade funnel abandonment (decreasing risk),Contract type: Month-to-Month (decreasing risk),Contract & Account Health,Proactively reach out ahead of renewal; confirm auto-renewal status; review disconnected lines.,2026-07-18
ACC-101736,Montes LLC,Small Business / Retail,AM-007,33955.12,52,50,Device Browse/Compare,0.09,False,Approaching contract renewal window (decreasing risk),Low self-service task completion rate (decreasing risk),High monthly spend (decreasing risk),Contract & Account Health,Proactively reach out ahead of renewal; confirm auto-renewal status; review disconnected lines.,2026-07-18
ACC-105428,Martin LLC,Logistics,AM-006,39196.87,46,41,Device Browse/Compare,0.09,False,Low self-service task completion rate (decreasing risk),Auto-renewal not enabled (increasing risk),Contract type: Month-to-Month (decreasing risk),Digital Engagement,Send a guided platform walkthrough or personal onboarding session; simplify the upgrade flow for this account.,2026-07-18
ACC-104321,Richardson Inc,Hospitality,AM-008,24624.6,42,42,Device Browse/Compare,0.089,False,Low customer satisfaction (CSAT) (decreasing risk),Rising line disconnects (90d) (decreasing risk),Repeated late payments (12mo) (increasing risk),Support & Service,Escalate to a senior account rep for a service recovery call; audit recent ticket resolution quality.,2026-07-18
ACC-105742,"Downs, Fernandez and Stuart",Small Business / Retail,AM-014,25412.97,38,37,Checkout / Payment,0.089,False,Severe drop-off at a specific self-service step (experience gap) (decreasing risk),Approaching contract renewal window (decreasing risk),Contract type: Month-to-Month (decreasing risk),Digital Engagement,Send a guided platform walkthrough or personal onboarding session; simplify the upgrade flow for this account.,2026-07-18
ACC-104674,Ward Inc,Manufacturing,AM-018,26968.9,42,41,Order Confirmation,0.088,False,Severe drop-off at a specific self-service step (experience gap) (decreasing risk),Low self-service task completion rate (decreasing risk),Contract type: Month-to-Month (decreasing risk),Digital Engagement,Send a guided platform walkthrough or personal onboarding session; simplify the upgrade flow for this account.,2026-07-18
ACC-100670,"Long, Anderson and Irwin",Hospitality,AM-004,23940.43,37,37,Checkout / Payment,0.088,False,High upgrade funnel abandonment (decreasing risk),Contract type: Month-to-Month (decreasing risk),Low self-service task completion rate (decreasing risk),Digital Engagement,Send a guided platform walkthrough or personal onboarding session; simplify the upgrade flow for this account.,2026-07-18
ACC-104952,Chung-Andrews,Manufacturing,AM-017,22636.89,37,36,Add to Cart,0.088,False,High upgrade funnel abandonment (decreasing risk),Contract type: Month-to-Month (decreasing risk),Rising line disconnects (90d) (decreasing risk),Digital Engagement,Send a guided platform walkthrough or personal onboarding session; simplify the upgrade flow for this account.,2026-07-18
ACC-104369,Howell PLC,Manufacturing,AM-010,20963.23,47,44,Add to Cart,0.088,False,Severe drop-off at a specific self-service step (experience gap) (decreasing risk),High upgrade funnel abandonment (decreasing risk),Auto-renewal not enabled (increasing risk),Digital Engagement,Send a guided platform walkthrough or personal onboarding session; simplify the upgrade flow for this account.,2026-07-18
ACC-104099,Perez Group,Pharmaceuticals,AM-010,32122.26,48,45,Add to Cart,0.087,False,Rising line disconnects (90d) (decreasing risk),High upgrade funnel abandonment (decreasing risk),Contract type: Month-to-Month (decreasing risk),Contract & Account Health,Proactively reach out ahead of renewal; confirm auto-renewal status; review disconnected lines.,2026-07-18
ACC-105192,"Lewis, Hoffman and Vang",Banking & Financial Services,AM-013,16643.81,40,37,Add to Cart,0.087,True,Severe drop-off at a specific self-service step (experience gap) (decreasing risk),High annual revenue account (decreasing risk),Contract type: Month-to-Month (decreasing risk),Digital Engagement,Send a guided platform walkthrough or personal onboarding session; simplify the upgrade flow for this account.,2026-07-18
ACC-101402,Arias-Morales,Education,AM-006,25831.59,35,35,Add to Cart,0.087,True,Severe drop-off at a specific self-service step (experience gap) (decreasing risk),Contract type: Month-to-Month (decreasing risk),High upgrade funnel abandonment (increasing risk),Digital Engagement,Send a guided platform walkthrough or personal onboarding session; simplify the upgrade flow for this account.,2026-07-18
ACC-100302,Santana-Byrd,Hospitality,AM-015,45127.55,58,57,Checkout / Payment,0.086,True,High upgrade funnel abandonment (increasing risk),Severe drop-off at a specific self-service step (experience gap) (decreasing risk),Contract type: Month-to-Month (decreasing risk),Digital Engagement,Send a guided platform walkthrough or personal onboarding session; simplify the upgrade flow for this account.,2026-07-18
ACC-101711,Carter and Sons,Pharmaceuticals,AM-010,25371.41,36,36,Checkout / Payment,0.086,False,Large number of managed lines (CTNs) (decreasing risk),Contract type: Month-to-Month (decreasing risk),Industry segment: Pharmaceuticals (decreasing risk),Contract & Account Health,Proactively reach out ahead of renewal; confirm auto-renewal status; review disconnected lines.,2026-07-18
ACC-101194,"Gregory, White and James",Technology,AM-023,31420.98,49,47,Support Handoff,0.085,False,Low self-service task completion rate (decreasing risk),High upgrade funnel abandonment (decreasing risk),Contract type: Month-to-Month (decreasing risk),Digital Engagement,Send a guided platform walkthrough or personal onboarding session; simplify the upgrade flow for this account.,2026-07-18
ACC-104232,Wiggins and Sons,Healthcare,AM-016,30351.23,44,41,Checkout / Payment,0.085,False,Severe drop-off at a specific self-service step (experience gap) (decreasing risk),Contract type: Month-to-Month (decreasing risk),High upgrade funnel abandonment (increasing risk),Digital Engagement,Send a guided platform walkthrough or personal onboarding session; simplify the upgrade flow for this account.,2026-07-18
ACC-105356,Todd Inc,Logistics,AM-021,33457.83,50,50,Order Confirmation,0.084,False,High upgrade funnel abandonment (decreasing risk),High monthly spend (decreasing risk),Auto-renewal not enabled (increasing risk),Digital Engagement,Send a guided platform walkthrough or personal onboarding session; simplify the upgrade flow for this account.,2026-07-18
ACC-104492,"Grant, Williams and Cameron",Logistics,AM-003,23959.24,39,38,Support Handoff,0.084,False,Contract type: Month-to-Month (decreasing risk),High upgrade funnel abandonment (decreasing risk),Rising line disconnects (90d) (decreasing risk),Contract & Account Health,Proactively reach out ahead of renewal; confirm auto-renewal status; review disconnected lines.,2026-07-18
ACC-100642,Green LLC,Government,AM-010,27120.58,41,41,Device Browse/Compare,0.083,True,Low self-service task completion rate (decreasing risk),Severe drop-off at a specific self-service step (experience gap) (decreasing risk),Contract type: Month-to-Month (decreasing risk),Digital Engagement,Send a guided platform walkthrough or personal onboarding session; simplify the upgrade flow for this account.,2026-07-18
ACC-104387,"Huang, Johnson and Anderson",Small Business / Retail,AM-002,22366.37,38,37,Plan & Feature Selection,0.083,False,Severe drop-off at a specific self-service step (experience gap) (decreasing risk),Low self-service task completion rate (decreasing risk),Large number of managed lines (CTNs) (decreasing risk),Digital Engagement,Send a guided platform walkthrough or personal onboarding session; simplify the upgrade flow for this account.,2026-07-18
ACC-105812,Smith PLC,Energy & Utilities,AM-006,27309.02,34,33,Add to Cart,0.081,True,Low self-service task completion rate (decreasing risk),Low customer satisfaction (CSAT) (decreasing risk),Contract type: Month-to-Month (decreasing risk),Digital Engagement,Send a guided platform walkthrough or personal onboarding session; simplify the upgrade flow for this account.,2026-07-18
ACC-101084,Vaughn-Williams,Pharmaceuticals,AM-011,21677.51,43,42,Add to Cart,0.081,False,Severe drop-off at a specific self-service step (experience gap) (decreasing risk),Low customer satisfaction (CSAT) (decreasing risk),Industry segment: Pharmaceuticals (decreasing risk),Digital Engagement,Send a guided platform walkthrough or personal onboarding session; simplify the upgrade flow for this account.,2026-07-18
ACC-100360,Henry Group,Logistics,AM-003,23254.17,41,39,Add to Cart,0.08,False,Severe drop-off at a specific self-service step (experience gap) (increasing risk),Low self-service task completion rate (decreasing risk),Approaching contract renewal window (decreasing risk),Digital Engagement,Send a guided platform walkthrough or personal onboarding session; simplify the upgrade flow for this account.,2026-07-18
ACC-104483,Taylor Inc,Energy & Utilities,AM-023,21557.36,43,40,Device Browse/Compare,0.079,False,Low self-service task completion rate (decreasing risk),Approaching contract renewal window (decreasing risk),Severe drop-off at a specific self-service step (experience gap) (decreasing risk),Digital Engagement,Send a guided platform walkthrough or personal onboarding session; simplify the upgrade flow for this account.,2026-07-18
ACC-100013,"Mcclure, Ward and Lee",Energy & Utilities,AM-021,22968.7,49,47,Support Handoff,0.079,False,Severe drop-off at a specific self-service step (experience gap) (decreasing risk),Contract type: Month-to-Month (decreasing risk),Low self-service task completion rate (decreasing risk),Digital Engagement,Send a guided platform walkthrough or personal onboarding session; simplify the upgrade flow for this account.,2026-07-18
ACC-103085,Brown and Sons,Manufacturing,AM-024,18150.26,37,36,Add to Cart,0.077,False,Low self-service task completion rate (decreasing risk),Approaching contract renewal window (decreasing risk),Auto-renewal not enabled (increasing risk),Digital Engagement,Send a guided platform walkthrough or personal onboarding session; simplify the upgrade flow for this account.,2026-07-18
ACC-105846,Madden and Sons,Manufacturing,AM-025,13387.49,35,34,Checkout / Payment,0.077,False,High upgrade funnel abandonment (decreasing risk),Contract type: Month-to-Month (decreasing risk),Large number of managed lines (CTNs) (decreasing risk),Digital Engagement,Send a guided platform walkthrough or personal onboarding session; simplify the upgrade flow for this account.,2026-07-18
ACC-101449,White-Coleman,Manufacturing,AM-021,21503.62,45,43,Add to Cart,0.076,False,Slow support resolution times (decreasing risk),Contract type: Month-to-Month (decreasing risk),High upgrade funnel abandonment (decreasing risk),Support & Service,Escalate to a senior account rep for a service recovery call; audit recent ticket resolution quality.,2026-07-18
ACC-100247,"Matthews, Smith and Hubbard",Manufacturing,AM-001,17331.32,41,41,Checkout / Payment,0.076,False,Approaching contract renewal window (decreasing risk),High upgrade funnel abandonment (decreasing risk),Low customer satisfaction (CSAT) (decreasing risk),Contract & Account Health,Proactively reach out ahead of renewal; confirm auto-renewal status; review disconnected lines.,2026-07-18
ACC-105337,Walker-Lee,Energy & Utilities,AM-014,20275.14,38,38,Add to Cart,0.076,False,Low self-service task completion rate (decreasing risk),Severe drop-off at a specific self-service step (experience gap) (decreasing risk),Contract type: Month-to-Month (decreasing risk),Digital Engagement,Send a guided platform walkthrough or personal onboarding session; simplify the upgrade flow for this account.,2026-07-18
ACC-100125,Smith-Frost,Education,AM-006,22240.75,44,42,Order Confirmation,0.074,True,History of late invoice payments (decreasing risk),Contract type: Month-to-Month (decreasing risk),High support ticket volume (90d) (increasing risk),Billing & Payments,Offer autopay enrollment incentive; review invoice accuracy; flag account to billing support.,2026-07-18
ACC-104098,Oconnell and Sons,Small Business / Retail,AM-011,23560.4,46,46,Checkout / Payment,0.073,False,Approaching contract renewal window (decreasing risk),Contract type: Month-to-Month (decreasing risk),High upgrade funnel abandonment (decreasing risk),Contract & Account Health,Proactively reach out ahead of renewal; confirm auto-renewal status; review disconnected lines.,2026-07-18
ACC-102540,"Williams, Horn and Morales",Small Business / Retail,AM-006,20044.95,39,39,Login / Authentication,0.072,False,Severe drop-off at a specific self-service step (experience gap) (decreasing risk),Low self-service task completion rate (decreasing risk),Auto-renewal not enabled (increasing risk),Digital Engagement,Send a guided platform walkthrough or personal onboarding session; simplify the upgrade flow for this account.,2026-07-18
ACC-105018,Swanson Ltd,Pharmaceuticals,AM-013,24354.5,41,41,Checkout / Payment,0.072,False,Low customer satisfaction (CSAT) (decreasing risk),Contract type: Month-to-Month (decreasing risk),Low self-service task completion rate (decreasing risk),Support & Service,Escalate to a senior account rep for a service recovery call; audit recent ticket resolution quality.,2026-07-18
ACC-104800,Briggs-Moore,Healthcare,AM-008,24136.53,42,40,Checkout / Payment,0.072,False,Low customer satisfaction (CSAT) (increasing risk),Approaching contract renewal window (decreasing risk),Severe drop-off at a specific self-service step (experience gap) (decreasing risk),Support & Service,Escalate to a senior account rep for a service recovery call; audit recent ticket resolution quality.,2026-07-18
ACC-101631,"Garcia, Stewart and Delacruz",Banking & Financial Services,AM-019,19358.42,35,33,Login / Authentication,0.071,False,History of late invoice payments (decreasing risk),"Low feature adoption (mobile share, family plan, etc.) (decreasing risk)",Contract type: Month-to-Month (increasing risk),Billing & Payments,Offer autopay enrollment incentive; review invoice accuracy; flag account to billing support.,2026-07-18
ACC-101443,Long-Parks,Education,AM-010,11661.57,33,31,Device Browse/Compare,0.071,False,Severe drop-off at a specific self-service step (experience gap) (decreasing risk),High upgrade funnel abandonment (increasing risk),High monthly spend (decreasing risk),Digital Engagement,Send a guided platform walkthrough or personal onboarding session; simplify the upgrade flow for this account.,2026-07-18
ACC-100152,Manning Group,Healthcare,AM-018,16039.93,33,33,Add to Cart,0.071,True,Severe drop-off at a specific self-service step (experience gap) (decreasing risk),Contract type: Month-to-Month (decreasing risk),Recent support escalations (increasing risk),Digital Engagement,Send a guided platform walkthrough or personal onboarding session; simplify the upgrade flow for this account.,2026-07-18
ACC-100775,"Weber, Wheeler and Gonzalez",Banking & Financial Services,AM-019,18587.26,39,37,Checkout / Payment,0.07,False,Low self-service task completion rate (decreasing risk),"Low feature adoption (mobile share, family plan, etc.) (decreasing risk)",Contract type: Month-to-Month (decreasing risk),Digital Engagement,Send a guided platform walkthrough or personal onboarding session; simplify the upgrade flow for this account.,2026-07-18
ACC-102244,Gonzalez-Haynes,Manufacturing,AM-015,38519.23,46,44,Login / Authentication,0.07,False,Rising line disconnects (90d) (decreasing risk),High upgrade funnel abandonment (decreasing risk),Contract type: Month-to-Month (decreasing risk),Contract & Account Health,Proactively reach out ahead of renewal; confirm auto-renewal status; review disconnected lines.,2026-07-18
ACC-102121,"Garcia, Kim and Barrett",Hospitality,AM-019,39017.13,63,61,Order Confirmation,0.069,False,Contract type: Month-to-Month (decreasing risk),High upgrade funnel abandonment (decreasing risk),Approaching contract renewal window (decreasing risk),Contract & Account Health,Proactively reach out ahead of renewal; confirm auto-renewal status; review disconnected lines.,2026-07-18
ACC-103800,"Bennett, Ford and Sanchez",Small Business / Retail,AM-019,28281.66,53,53,Add to Cart,0.068,False,Severe drop-off at a specific self-service step (experience gap) (decreasing risk),Approaching contract renewal window (decreasing risk),Contract type: Month-to-Month (decreasing risk),Digital Engagement,Send a guided platform walkthrough or personal onboarding session; simplify the upgrade flow for this account.,2026-07-18
ACC-105193,Meyer and Sons,Logistics,AM-001,20921.13,41,40,Login / Authentication,0.067,False,Approaching contract renewal window (decreasing risk),Low customer satisfaction (CSAT) (decreasing risk),Contract type: Month-to-Month (decreasing risk),Contract & Account Health,Proactively reach out ahead of renewal; confirm auto-renewal status; review disconnected lines.,2026-07-18
ACC-105770,Cisneros-Chapman,Healthcare,AM-024,32637.57,47,47,Support Handoff,0.067,False,Approaching contract renewal window (decreasing risk),Low self-service task completion rate (decreasing risk),Low customer satisfaction (CSAT) (decreasing risk),Contract & Account Health,Proactively reach out ahead of renewal; confirm auto-renewal status; review disconnected lines.,2026-07-18
ACC-104959,"Thomas, Price and Lopez",Government,AM-003,19723.06,36,32,Device Browse/Compare,0.066,False,Approaching contract renewal window (decreasing risk),Contract type: Month-to-Month (decreasing risk),Large number of managed lines (CTNs) (decreasing risk),Contract & Account Health,Proactively reach out ahead of renewal; confirm auto-renewal status; review disconnected lines.,2026-07-18
ACC-102803,"Davies, Archer and Owens",Energy & Utilities,AM-015,25531.76,46,46,Login / Authentication,0.066,False,Contract type: Month-to-Month (decreasing risk),High upgrade funnel abandonment (decreasing risk),High support ticket volume (90d) (decreasing risk),Contract & Account Health,Proactively reach out ahead of renewal; confirm auto-renewal status; review disconnected lines.,2026-07-18
ACC-105757,"Carlson, Parrish and Gillespie",Small Business / Retail,AM-023,11691.44,37,36,Device Browse/Compare,0.065,True,High monthly spend (decreasing risk),Low self-service task completion rate (decreasing risk),Contract type: Month-to-Month (decreasing risk),Billing & Payments,Offer autopay enrollment incentive; review invoice accuracy; flag account to billing support.,2026-07-18
ACC-103602,Dennis-Wilson,Banking & Financial Services,AM-011,26813.66,45,43,Checkout / Payment,0.065,False,History of late invoice payments (increasing risk),Approaching contract renewal window (decreasing risk),Severe drop-off at a specific self-service step (experience gap) (decreasing risk),Billing & Payments,Offer autopay enrollment incentive; review invoice accuracy; flag account to billing support.,2026-07-18
ACC-104864,Cole LLC,Healthcare,AM-008,29729.36,48,48,Add to Cart,0.062,False,Rising line disconnects (90d) (decreasing risk),Contract type: Month-to-Month (decreasing risk),Approaching contract renewal window (decreasing risk),Contract & Account Health,Proactively reach out ahead of renewal; confirm auto-renewal status; review disconnected lines.,2026-07-18
ACC-102134,Garcia Inc,Healthcare,AM-025,23789.01,39,36,Device Browse/Compare,0.061,False,Approaching contract renewal window (decreasing risk),Low self-service task completion rate (decreasing risk),Auto-renewal not enabled (increasing risk),Contract & Account Health,Proactively reach out ahead of renewal; confirm auto-renewal status; review disconnected lines.,2026-07-18
ACC-104063,Powell-Brooks,Banking & Financial Services,AM-017,30487.86,45,42,Checkout / Payment,0.06,False,High upgrade funnel abandonment (decreasing risk),Low customer satisfaction (CSAT) (decreasing risk),Contract type: Month-to-Month (decreasing risk),Digital Engagement,Send a guided platform walkthrough or personal onboarding session; simplify the upgrade flow for this account.,2026-07-18
ACC-103783,Burke-Olson,Energy & Utilities,AM-017,26686.69,46,44,Device Browse/Compare,0.06,False,Contract type: Month-to-Month (decreasing risk),Severe drop-off at a specific self-service step (experience gap) (decreasing risk),Rising line disconnects (90d) (decreasing risk),Contract & Account Health,Proactively reach out ahead of renewal; confirm auto-renewal status; review disconnected lines.,2026-07-18
ACC-102380,"Wilson, Harris and Ward",Banking & Financial Services,AM-009,27471.76,46,45,Login / Authentication,0.06,False,Severe drop-off at a specific self-service step (experience gap) (decreasing risk),Contract type: Month-to-Month (decreasing risk),Rising line disconnects (90d) (decreasing risk),Digital Engagement,Send a guided platform walkthrough or personal onboarding session; simplify the upgrade flow for this account.,2026-07-18
ACC-105199,Barrera PLC,Government,AM-007,27560.15,52,50,Support Handoff,0.059,False,Severe drop-off at a specific self-service step (experience gap) (decreasing risk),High upgrade funnel abandonment (decreasing risk),Contract type: Month-to-Month (decreasing risk),Digital Engagement,Send a guided platform walkthrough or personal onboarding session; simplify the upgrade flow for this account.,2026-07-18
ACC-100995,Castillo-Harrington,Manufacturing,AM-009,30395.06,44,42,Plan & Feature Selection,0.058,False,Severe drop-off at a specific self-service step (experience gap) (decreasing risk),High upgrade funnel abandonment (decreasing risk),Contract type: Month-to-Month (decreasing risk),Digital Engagement,Send a guided platform walkthrough or personal onboarding session; simplify the upgrade flow for this account.,2026-07-18
ACC-104005,"Dawson, Edwards and Castaneda",Manufacturing,AM-007,27031.09,39,36,Plan & Feature Selection,0.058,False,Low self-service task completion rate (decreasing risk),Severe drop-off at a specific self-service step (experience gap) (decreasing risk),High upgrade funnel abandonment (decreasing risk),Digital Engagement,Send a guided platform walkthrough or personal onboarding session; simplify the upgrade flow for this account.,2026-07-18
ACC-105746,Daugherty Ltd,Logistics,AM-005,19265.97,28,27,Order Confirmation,0.055,False,Low self-service task completion rate (decreasing risk),Severe drop-off at a specific self-service step (experience gap) (decreasing risk),Contract type: Month-to-Month (decreasing risk),Digital Engagement,Send a guided platform walkthrough or personal onboarding session; simplify the upgrade flow for this account.,2026-07-18
ACC-103551,"Gordon, Andrews and Kelley",Manufacturing,AM-023,28080.17,39,37,Login / Authentication,0.054,False,Low self-service task completion rate (decreasing risk),Approaching contract renewal window (decreasing risk),Low customer satisfaction (CSAT) (decreasing risk),Digital Engagement,Send a guided platform walkthrough or personal onboarding session; simplify the upgrade flow for this account.,2026-07-18
ACC-103526,"Richard, Robinson and Brown",Healthcare,AM-013,30479.0,50,49,Support Handoff,0.054,False,Severe drop-off at a specific self-service step (experience gap) (decreasing risk),Contract type: Month-to-Month (decreasing risk),High upgrade funnel abandonment (decreasing risk),Digital Engagement,Send a guided platform walkthrough or personal onboarding session; simplify the upgrade flow for this account.,2026-07-18
ACC-100216,Perez-White,Logistics,AM-015,31829.87,41,40,Device Browse/Compare,0.05,False,Severe drop-off at a specific self-service step (experience gap) (decreasing risk),Contract type: Month-to-Month (decreasing risk),High monthly spend (decreasing risk),Digital Engagement,Send a guided platform walkthrough or personal onboarding session; simplify the upgrade flow for this account.,2026-07-18
ACC-101403,"Meyer, Dawson and Harper",Banking & Financial Services,AM-013,24698.93,46,46,Login / Authentication,0.05,False,Rising line disconnects (90d) (decreasing risk),Severe drop-off at a specific self-service step (experience gap) (decreasing risk),Low self-service task completion rate (decreasing risk),Contract & Account Health,Proactively reach out ahead of renewal; confirm auto-renewal status; review disconnected lines.,2026-07-18
ACC-105304,Weaver-Vincent,Manufacturing,AM-015,24026.35,50,48,Add to Cart,0.05,False,Severe drop-off at a specific self-service step (experience gap) (decreasing risk),Contract type: Month-to-Month (decreasing risk),High upgrade funnel abandonment (increasing risk),Digital Engagement,Send a guided platform walkthrough or personal onboarding session; simplify the upgrade flow for this account.,2026-07-18
ACC-103608,Hamilton Ltd,Logistics,AM-006,24351.34,37,35,Checkout / Payment,0.049,False,Approaching contract renewal window (decreasing risk),High upgrade funnel abandonment (decreasing risk),Low customer satisfaction (CSAT) (decreasing risk),Contract & Account Health,Proactively reach out ahead of renewal; confirm auto-renewal status; review disconnected lines.,2026-07-18
ACC-104116,Griffith LLC,Education,AM-018,37499.01,52,50,Add to Cart,0.049,False,Low self-service task completion rate (decreasing risk),Approaching contract renewal window (decreasing risk),Contract type: Month-to-Month (decreasing risk),Digital Engagement,Send a guided platform walkthrough or personal onboarding session; simplify the upgrade flow for this account.,2026-07-18
ACC-103108,"Coleman, Nelson and Garcia",Hospitality,AM-012,22747.72,39,35,Checkout / Payment,0.046,False,Contract type: Month-to-Month (decreasing risk),History of late invoice payments (decreasing risk),"Low feature adoption (mobile share, family plan, etc.) (decreasing risk)",Contract & Account Health,Proactively reach out ahead of renewal; confirm auto-renewal status; review disconnected lines.,2026-07-18
ACC-105858,"Lee, Torres and Thompson",Energy & Utilities,AM-003,18725.36,35,34,Login / Authentication,0.045,False,Severe drop-off at a specific self-service step (experience gap) (decreasing risk),Low device upgrade activity (decreasing risk),Low customer satisfaction (CSAT) (decreasing risk),Digital Engagement,Send a guided platform walkthrough or personal onboarding session; simplify the upgrade flow for this account.,2026-07-18
ACC-103455,"Fernandez, Johnson and Nicholson",Banking & Financial Services,AM-017,28815.58,38,33,Order Confirmation,0.044,False,Low device upgrade activity (decreasing risk),High upgrade funnel abandonment (decreasing risk),Large number of managed lines (CTNs) (decreasing risk),Product & Shop Usage,Recommend relevant plan/feature bundles; offer a device upgrade promotion to re-engage.,2026-07-18
ACC-104178,Sanders-Morse,Manufacturing,AM-010,24038.71,44,42,Add to Cart,0.039,True,Low self-service task completion rate (decreasing risk),Severe drop-off at a specific self-service step (experience gap) (decreasing risk),Low customer satisfaction (CSAT) (decreasing risk),Digital Engagement,Send a guided platform walkthrough or personal onboarding session; simplify the upgrade flow for this account.,2026-07-18
ACC-102348,Mccoy Ltd,Energy & Utilities,AM-008,22852.02,42,42,Login / Authentication,0.036,False,Low customer satisfaction (CSAT) (decreasing risk),High upgrade funnel abandonment (decreasing risk),Severe drop-off at a specific self-service step (experience gap) (decreasing risk),Support & Service,Escalate to a senior account rep for a service recovery call; audit recent ticket resolution quality.,2026-07-18
ACC-105348,"Davis, Lindsey and West",Technology,AM-018,21763.19,34,33,Order Confirmation,0.036,False,Severe drop-off at a specific self-service step (experience gap) (decreasing risk),Contract type: Month-to-Month (decreasing risk),Rising line disconnects (90d) (decreasing risk),Digital Engagement,Send a guided platform walkthrough or personal onboarding session; simplify the upgrade flow for this account.,2026-07-18
ACC-100878,Baxter LLC,Logistics,AM-019,23066.95,44,41,Add to Cart,0.033,False,Low customer satisfaction (CSAT) (decreasing risk),High upgrade funnel abandonment (decreasing risk),Contract type: Month-to-Month (decreasing risk),Support & Service,Escalate to a senior account rep for a service recovery call; audit recent ticket resolution quality.,2026-07-18
